	GSM8102175	GSM8102176
ENSG00000000003	1138	855
ENSG00000000005	324	20
ENSG00000000419	2458	2519
ENSG00000000457	1661	961
ENSG00000000938	74	916
ENSG00000000971	1324	3547
ENSG00000001036	1762	3668
ENSG00000001084	1929	2913
ENSG00000001167	3317	2104
ENSG00000001460	720	905
ENSG00000001461	3038	5185
ENSG00000001497	3421	2122
ENSG00000001561	555	2615
ENSG00000001617	2722	2825
ENSG00000001626	187	151
ENSG00000001629	12572	4410
ENSG00000001630	5318	3333
ENSG00000001631	10997	3285
ENSG00000002016	1913	1004
ENSG00000002079	172	35
ENSG00000002330	804	2404
ENSG00000002549	1969	4548
ENSG00000002586	6973	21658
ENSG00000002587	202	398
ENSG00000002726	29	99
ENSG00000002745	12	7
ENSG00000002746	202	52
ENSG00000002822	1006	1655
ENSG00000002834	9361	9673
ENSG00000002919	540	1238
ENSG00000002933	746	2523
ENSG00000003056	2923	8642
ENSG00000003096	1651	1112
ENSG00000003137	969	1123
ENSG00000003147	1396	4238
ENSG00000003249	172	782
ENSG00000003393	8360	8361
ENSG00000003400	742	2458
ENSG00000003402	21095	32290
ENSG00000003436	3670	4110
ENSG00000003509	1807	1388
ENSG00000003756	14207	8044
ENSG00000003987	449	117
ENSG00000003989	515	8111
ENSG00000004059	2311	4576
ENSG00000004139	2017	2878
ENSG00000004142	3612	15165
ENSG00000004399	10320	15880
ENSG00000004455	8309	10174
ENSG00000004468	300	1051
ENSG00000004478	5306	7566
ENSG00000004487	11428	5869
ENSG00000004534	8470	4680
ENSG00000004660	1152	714
ENSG00000004700	1972	1104
ENSG00000004766	2428	1322
ENSG00000004776	2883	131230
ENSG00000004777	1801	500
ENSG00000004779	1898	13433
ENSG00000004799	4940	268428
ENSG00000004809	103	63
ENSG00000004838	112	30
ENSG00000004846	38	37
ENSG00000004848	23	7
ENSG00000004864	1102	1343
ENSG00000004866	1599	3645
ENSG00000004897	7458	5989
ENSG00000004939	1151	181
ENSG00000004948	0	7
ENSG00000004961	924	4404
ENSG00000004975	4283	2332
ENSG00000005001	0	1
ENSG00000005007	6951	9933
ENSG00000005020	4345	989
ENSG00000005022	5674	8504
ENSG00000005059	1106	758
ENSG00000005073	10	3
ENSG00000005075	560	2189
ENSG00000005100	3102	1771
ENSG00000005102	1039	2801
ENSG00000005108	679	316
ENSG00000005156	5764	5255
ENSG00000005175	1909	685
ENSG00000005187	2819	1023
ENSG00000005189	544	357
ENSG00000005194	1486	3026
ENSG00000005206	3031	2902
ENSG00000005243	291	1850
ENSG00000005249	1198	4756
ENSG00000005302	1647	1139
ENSG00000005339	20547	19605
ENSG00000005379	898	2036
ENSG00000005381	29	43
ENSG00000005421	17	36
ENSG00000005436	4331	1468
ENSG00000005448	572	274
ENSG00000005469	984	617
ENSG00000005471	432	819
ENSG00000005483	14576	8427
ENSG00000005486	947	3778
ENSG00000005513	2419	499
ENSG00000005700	6124	4752
ENSG00000005801	2839	1422
ENSG00000005810	16301	10363
ENSG00000005812	3501	3917
ENSG00000005844	1021	898
ENSG00000005882	3057	22658
ENSG00000005884	1569	5520
ENSG00000005889	5279	3746
ENSG00000005893	4536	9131
ENSG00000005961	211	62
ENSG00000005981	679	716
ENSG00000006007	3006	10484
ENSG00000006015	1517	2974
ENSG00000006016	5910	3632
ENSG00000006025	797	611
ENSG00000006042	2958	1368
ENSG00000006047	1234	642
ENSG00000006059	0	0
ENSG00000006062	979	3675
ENSG00000006071	968	1097
ENSG00000006116	0	0
ENSG00000006118	6557	769
ENSG00000006125	13643	17623
ENSG00000006128	14	35
ENSG00000006194	2461	1769
ENSG00000006210	450	4196
ENSG00000006282	2371	6772
ENSG00000006283	9336	400
ENSG00000006327	1002	6250
ENSG00000006377	33	19
ENSG00000006432	207	955
ENSG00000006451	3088	2573
ENSG00000006453	509	769
ENSG00000006459	3923	2978
ENSG00000006468	4313	3630
ENSG00000006530	4913	4314
ENSG00000006534	585	1232
ENSG00000006555	85	117
ENSG00000006576	4415	2570
ENSG00000006606	1	8
ENSG00000006607	4172	4607
ENSG00000006611	92	75
ENSG00000006625	892	649
ENSG00000006634	1167	136
ENSG00000006638	553	790
ENSG00000006652	1803	3314
ENSG00000006659	122	31
ENSG00000006695	1870	9356
ENSG00000006704	2090	3490
ENSG00000006712	2161	3664
ENSG00000006715	5188	2576
ENSG00000006740	1727	2262
ENSG00000006744	4044	8784
ENSG00000006747	433	253
ENSG00000006756	2108	1879
ENSG00000006757	702	2057
ENSG00000006788	37	178
ENSG00000006831	3244	8432
ENSG00000006837	419	204
ENSG00000007001	113	23
ENSG00000007038	1134	16
ENSG00000007047	3411	5455
ENSG00000007062	597	511
ENSG00000007080	1250	3821
ENSG00000007129	13	48
ENSG00000007168	14499	20831
ENSG00000007171	81	96
ENSG00000007174	43	117
ENSG00000007216	0	1
ENSG00000007237	2723	25613
ENSG00000007255	416	375
ENSG00000007264	2031	144
ENSG00000007306	3	26
ENSG00000007312	451	465
ENSG00000007314	23	344
ENSG00000007341	2286	1940
ENSG00000007350	67	398
ENSG00000007372	291	107
ENSG00000007376	699	966
ENSG00000007384	2379	3165
ENSG00000007392	6024	2868
ENSG00000007402	817	1215
ENSG00000007516	842	476
ENSG00000007520	775	2724
ENSG00000007541	1773	2917
ENSG00000007545	4096	3706
ENSG00000007866	2099	6577
ENSG00000007908	11	1309
ENSG00000007923	4523	9679
ENSG00000007933	205	191
ENSG00000007944	746	2607
ENSG00000007952	28	11
ENSG00000007968	1002	144
ENSG00000008018	2348	5523
ENSG00000008056	285	1708
ENSG00000008083	5277	2757
ENSG00000008086	4449	3913
ENSG00000008118	38	11
ENSG00000008128	1193	1007
ENSG00000008130	2638	3791
ENSG00000008196	8	4
ENSG00000008197	0	0
ENSG00000008226	256	224
ENSG00000008256	2792	5725
ENSG00000008277	1237	283
ENSG00000008282	2913	10968
ENSG00000008283	319	1508
ENSG00000008294	11223	8582
ENSG00000008300	351	218
ENSG00000008311	8659	5999
ENSG00000008323	83	310
ENSG00000008324	388	499
ENSG00000008382	663	1132
ENSG00000008394	543	3882
ENSG00000008405	2161	2108
ENSG00000008438	27	27
ENSG00000008441	35901	30145
ENSG00000008513	4660	29523
ENSG00000008516	160	364
ENSG00000008517	634	2974
ENSG00000008710	19784	39202
ENSG00000008735	464	141
ENSG00000008838	4489	6297
ENSG00000008853	2430	12950
ENSG00000008869	5621	4221
ENSG00000008952	5957	3006
ENSG00000008988	27387	16175
ENSG00000009307	28191	53803
ENSG00000009335	6279	13603
ENSG00000009413	11505	3288
ENSG00000009694	76	130
ENSG00000009709	5	7
ENSG00000009724	471	263
ENSG00000009765	385	227
ENSG00000009780	1007	1771
ENSG00000009790	210	283
ENSG00000009830	2081	2024
ENSG00000009844	2350	2819
ENSG00000009950	69	918
ENSG00000009954	8555	5882
ENSG00000010017	3772	4455
ENSG00000010030	37	54
ENSG00000010072	854	891
ENSG00000010165	5050	1768
ENSG00000010219	380	870
ENSG00000010244	20919	14018
ENSG00000010256	5383	50857
ENSG00000010270	1513	2361
ENSG00000010278	1437	6207
ENSG00000010282	2282	44539
ENSG00000010292	5692	1973
ENSG00000010295	1370	2084
ENSG00000010310	286	477
ENSG00000010318	548	790
ENSG00000010319	600	3493
ENSG00000010322	8610	10316
ENSG00000010327	2209	22078
ENSG00000010361	1258	1226
ENSG00000010379	108	225
ENSG00000010404	5606	16095
ENSG00000010438	7	15
ENSG00000010539	1000	764
ENSG00000010610	360	2068
ENSG00000010626	380	647
ENSG00000010671	128	259
ENSG00000010704	1518	690
ENSG00000010803	4635	7427
ENSG00000010810	2048	5337
ENSG00000010818	5700	9427
ENSG00000010932	7	46
ENSG00000011007	4325	7015
ENSG00000011009	1255	3250
ENSG00000011021	3662	5327
ENSG00000011028	19112	13992
ENSG00000011052	88	80
ENSG00000011083	1	14
ENSG00000011105	8057	28369
ENSG00000011114	6456	4389
ENSG00000011132	1289	1483
ENSG00000011143	1880	1272
ENSG00000011198	1479	3800
ENSG00000011201	6412	1063
ENSG00000011243	4041	6221
ENSG00000011258	4401	1450
ENSG00000011260	1657	918
ENSG00000011275	5710	7080
ENSG00000011295	4079	3821
ENSG00000011304	13193	10191
ENSG00000011332	362	89
ENSG00000011347	3011	4655
ENSG00000011376	2865	3198
ENSG00000011405	7240	4631
ENSG00000011422	325	820
ENSG00000011426	4090	67
ENSG00000011451	5322	8345
ENSG00000011454	6778	6641
ENSG00000011465	47378	60804
ENSG00000011478	225	244
ENSG00000011485	4275	7494
ENSG00000011523	4855	5402
ENSG00000011566	4169	3981
ENSG00000011590	262	88
ENSG00000011600	187	1046
ENSG00000011638	1370	6879
ENSG00000011677	1	0
ENSG00000012048	1825	813
ENSG00000012061	2965	7988
ENSG00000012124	55	63
ENSG00000012171	850	3271
ENSG00000012174	3402	2571
ENSG00000012211	907	1727
ENSG00000012223	24	1013
ENSG00000012232	3900	15927
ENSG00000012504	5	12
ENSG00000012660	3038	6206
ENSG00000012779	98	937
ENSG00000012817	1742	7401
ENSG00000012822	7840	18422
ENSG00000012963	2775	3473
ENSG00000012983	6779	1735
ENSG00000013016	1942	4947
ENSG00000013275	2130	5832
ENSG00000013288	2968	6851
ENSG00000013293	367	249
ENSG00000013297	448	750
ENSG00000013306	3931	4810
ENSG00000013364	2544	10353
ENSG00000013374	2958	2981
ENSG00000013375	5979	2325
ENSG00000013392	472	419
ENSG00000013441	7048	4011
ENSG00000013503	2222	1362
ENSG00000013523	2978	3966
ENSG00000013561	2257	6546
ENSG00000013563	461	4829
ENSG00000013573	3662	1472
ENSG00000013583	1893	3071
ENSG00000013588	407	1642
ENSG00000013619	1240	890
ENSG00000013725	244	263
ENSG00000013810	2613	787
ENSG00000014123	3662	2031
ENSG00000014138	1371	613
ENSG00000014164	1577	3154
ENSG00000014216	4031	9343
ENSG00000014257	126	155
ENSG00000014641	8567	55798
ENSG00000014824	5175	6460
ENSG00000014914	1743	434
ENSG00000014919	2797	3790
ENSG00000015133	2425	1262
ENSG00000015153	2312	4347
ENSG00000015171	4118	5449
ENSG00000015285	295	642
ENSG00000015413	59	3
ENSG00000015475	983	1580
ENSG00000015479	24781	11328
ENSG00000015520	67	35
ENSG00000015532	3492	3299
ENSG00000015568	4813	2090
ENSG00000015592	148	48
ENSG00000015676	5174	12584
ENSG00000016082	2	3
ENSG00000016391	929	1142
ENSG00000016402	7	430
ENSG00000016490	1	25
ENSG00000016602	2	19
ENSG00000016864	2379	1358
ENSG00000017260	6856	6396
ENSG00000017427	70	3672
ENSG00000017483	1661	381
ENSG00000017797	4406	4989
ENSG00000018189	3057	2626
ENSG00000018236	278	58
ENSG00000018280	345	1724
ENSG00000018408	9434	11445
ENSG00000018510	3712	3982
ENSG00000018610	1354	1563
ENSG00000018625	908	40102
ENSG00000018699	1877	1412
ENSG00000018869	369	208
ENSG00000019102	53	307
ENSG00000019144	12266	31832
ENSG00000019169	3	1228
ENSG00000019186	23	6
ENSG00000019485	3400	3915
ENSG00000019505	66	384
ENSG00000019549	4900	741
ENSG00000019582	5876	55692
ENSG00000019991	226	285
ENSG00000019995	4012	4908
ENSG00000020129	2712	4081
ENSG00000020181	17296	5638
ENSG00000020219	6	1
ENSG00000020256	2521	1502
ENSG00000020426	3317	930
ENSG00000020577	9710	36842
ENSG00000020633	3543	442
ENSG00000020922	5892	1578
ENSG00000021300	161	1354
ENSG00000021355	833	2975
ENSG00000021461	45	23
ENSG00000021488	54	23
ENSG00000021574	4409	1858
ENSG00000021645	695	475
ENSG00000021762	3156	3617
ENSG00000021776	6629	3236
ENSG00000021826	5593	344
ENSG00000021852	1	0
ENSG00000022267	11565	113598
ENSG00000022277	2085	5621
ENSG00000022355	27	15
ENSG00000022556	64	81
ENSG00000022567	1183	4070
ENSG00000022840	7066	28932
ENSG00000022976	1322	1685
ENSG00000023041	2848	2003
ENSG00000023171	646	4916
ENSG00000023191	4993	13213
ENSG00000023228	12776	52334
ENSG00000023287	6877	6590
ENSG00000023318	4827	4392
ENSG00000023330	1939	14950
ENSG00000023445	165	646
ENSG00000023516	11248	5454
ENSG00000023572	1543	2409
ENSG00000023608	1600	755
ENSG00000023697	785	1237
ENSG00000023734	4185	9769
ENSG00000023839	130	67
ENSG00000023892	1851	679
ENSG00000023902	2714	4754
ENSG00000023909	840	1275
ENSG00000024048	7145	7835
ENSG00000024422	6300	17287
ENSG00000024526	1437	80
ENSG00000024862	485	429
ENSG00000025039	1986	17892
ENSG00000025156	1523	1901
ENSG00000025293	3906	4452
ENSG00000025423	46	65
ENSG00000025434	557	995
ENSG00000025708	1153	3576
ENSG00000025770	1887	3501
ENSG00000025772	1470	1318
ENSG00000025796	8021	4310
ENSG00000025800	7272	24185
ENSG00000026025	35225	70977
ENSG00000026036	1185	1769
ENSG00000026103	1856	1526
ENSG00000026297	4694	1940
ENSG00000026508	2542	8268
ENSG00000026559	2002	138
ENSG00000026652	3455	897
ENSG00000026751	50	106
ENSG00000026950	2593	1516
ENSG00000027001	1228	2188
ENSG00000027075	4587	3133
ENSG00000027644	28	192
ENSG00000027697	2168	7730
ENSG00000027847	1088	1383
ENSG00000027869	211	255
ENSG00000028116	720	1102
ENSG00000028137	705	4163
ENSG00000028203	5393	3673
ENSG00000028277	120	234
ENSG00000028310	2918	3470
ENSG00000028528	6405	13505
ENSG00000028839	735	644
ENSG00000029363	15790	5426
ENSG00000029364	5208	5095
ENSG00000029534	1035	9124
ENSG00000029559	1	0
ENSG00000029639	898	775
ENSG00000029725	4578	3383
ENSG00000029993	1536	523
ENSG00000030066	5851	3086
ENSG00000030110	956	2257
ENSG00000030304	69	379
ENSG00000030419	601	910
ENSG00000030582	6375	19122
ENSG00000031003	4990	4850
ENSG00000031081	5912	15496
ENSG00000031691	297	94
ENSG00000031698	3190	7486
ENSG00000031823	3157	6101
ENSG00000032219	2748	1169
ENSG00000032389	723	917
ENSG00000032444	2131	6599
ENSG00000032742	2516	655
ENSG00000033011	1717	1562
ENSG00000033030	3200	1475
ENSG00000033050	1859	4174
ENSG00000033100	2267	4860
ENSG00000033122	919	608
ENSG00000033170	1602	1054
ENSG00000033178	6050	1863
ENSG00000033327	1444	9249
ENSG00000033627	4206	7293
ENSG00000033800	5721	5011
ENSG00000033867	4911	4516
ENSG00000034053	1121	118
ENSG00000034152	1071	6674
ENSG00000034239	121	53
ENSG00000034510	10414	19141
ENSG00000034533	644	412
ENSG00000034677	4063	3654
ENSG00000034693	922	1026
ENSG00000034713	2451	8570
ENSG00000034971	341	841
ENSG00000035115	4270	968
ENSG00000035141	2140	2001
ENSG00000035403	20778	63526
ENSG00000035499	372	36
ENSG00000035664	601	4179
ENSG00000035681	3312	2609
ENSG00000035687	3139	1025
ENSG00000035720	5	2
ENSG00000035862	27423	30737
ENSG00000035928	4912	1395
ENSG00000036054	2790	1809
ENSG00000036257	7280	4986
ENSG00000036448	7086	209694
ENSG00000036473	3	1
ENSG00000036530	2819	1474
ENSG00000036549	6560	2546
ENSG00000036565	2	1
ENSG00000036672	2970	19606
ENSG00000036828	302	190
ENSG00000037042	1742	1327
ENSG00000037241	341	524
ENSG00000037280	789	2284
ENSG00000037474	4391	4556
ENSG00000037637	3280	5716
ENSG00000037749	3440	4718
ENSG00000037757	2209	1379
ENSG00000037897	645	542
ENSG00000037965	30	4
ENSG00000038002	214	439
ENSG00000038210	1492	605
ENSG00000038219	8071	2224
ENSG00000038274	2954	6274
ENSG00000038295	74	280
ENSG00000038358	4260	5425
ENSG00000038382	13626	16389
ENSG00000038427	8106	14046
ENSG00000038532	3122	7330
ENSG00000038945	500	1368
ENSG00000039068	246	222
ENSG00000039123	6784	3499
ENSG00000039139	36	57
ENSG00000039319	8681	3844
ENSG00000039523	3881	15789
ENSG00000039537	84	6285
ENSG00000039560	7117	774
ENSG00000039600	27	17
ENSG00000039650	1896	2102
ENSG00000039987	69	67
ENSG00000040199	2090	1700
ENSG00000040275	1227	115
ENSG00000040341	3441	5697
ENSG00000040487	410	740
ENSG00000040531	1467	2120
ENSG00000040608	463	130
ENSG00000040633	2172	2204
ENSG00000040731	42	9
ENSG00000040933	4655	5190
ENSG00000041353	76	35
ENSG00000041357	3022	2393
ENSG00000041515	249	707
ENSG00000041802	2212	2461
ENSG00000041880	625	1435
ENSG00000041982	4104	15840
ENSG00000041988	710	717
ENSG00000042062	209	2088
ENSG00000042088	2174	625
ENSG00000042286	450	2837
ENSG00000042317	1183	689
ENSG00000042429	3484	2595
ENSG00000042445	1536	7619
ENSG00000042493	212	324
ENSG00000042753	1355	2894
ENSG00000042781	470	1362
ENSG00000042813	23	18
ENSG00000042832	71	2410
ENSG00000042980	279	199
ENSG00000043039	542	63
ENSG00000043093	4721	2457
ENSG00000043143	2644	6331
ENSG00000043355	2024	1
ENSG00000043462	284	1264
ENSG00000043514	1865	1976
ENSG00000043591	285	11304
ENSG00000044012	0	0
ENSG00000044090	5482	2185
ENSG00000044115	16206	47807
ENSG00000044446	2814	6538
ENSG00000044459	6282	672
ENSG00000044524	474	888
ENSG00000044574	14178	35667
ENSG00000046604	1246	6454
ENSG00000046647	1510	956
ENSG00000046651	3871	1252
ENSG00000046653	1325	938
ENSG00000046774	0	1
ENSG00000046889	1502	2262
ENSG00000047056	1336	6304
ENSG00000047188	4960	2535
ENSG00000047230	2853	1383
ENSG00000047249	1495	3613
ENSG00000047315	5758	6788
ENSG00000047365	180	565
ENSG00000047410	11476	3629
ENSG00000047457	80	732
ENSG00000047578	2183	3452
ENSG00000047579	704	1628
ENSG00000047597	232	1720
ENSG00000047617	438	2160
ENSG00000047634	242	899
ENSG00000047644	6364	17944
ENSG00000047648	1655	1203
ENSG00000047662	342	93
ENSG00000047849	35949	134183
ENSG00000047932	5270	3020
ENSG00000047936	52	45
ENSG00000048028	7569	14363
ENSG00000048052	2207	3032
ENSG00000048140	1049	3072
ENSG00000048162	950	981
ENSG00000048342	6010	1447
ENSG00000048392	1009	2668
ENSG00000048405	3303	1869
ENSG00000048462	91	27
ENSG00000048471	2374	4297
ENSG00000048540	69	208
ENSG00000048544	1679	4232
ENSG00000048545	32	29
ENSG00000048649	9413	2570
ENSG00000048707	16943	31324
ENSG00000048740	6516	16326
ENSG00000048828	14592	28036
ENSG00000048991	6286	2747
ENSG00000049089	208	56
ENSG00000049130	839	1079
ENSG00000049167	5447	2214
ENSG00000049192	3002	397
ENSG00000049239	8950	17084
ENSG00000049245	2194	6987
ENSG00000049246	2943	4805
ENSG00000049247	7	4
ENSG00000049249	494	298
ENSG00000049283	529	1446
ENSG00000049323	9539	38936
ENSG00000049449	6510	3695
ENSG00000049540	16316	9711
ENSG00000049541	1097	998
ENSG00000049618	29337	19186
ENSG00000049656	2809	4242
ENSG00000049759	5303	11263
ENSG00000049768	88	45
ENSG00000049769	602	3065
ENSG00000049860	9266	6807
ENSG00000049883	2154	1753
ENSG00000050030	136	130
ENSG00000050130	1985	1861
ENSG00000050165	6476	60847
ENSG00000050327	88	529
ENSG00000050344	1549	777
ENSG00000050393	1901	2247
ENSG00000050405	3524	2193
ENSG00000050426	4431	2126
ENSG00000050438	506	286
ENSG00000050555	1957	355
ENSG00000050628	514	1098
ENSG00000050730	87	53
ENSG00000050748	2035	5373
ENSG00000050767	929	2744
ENSG00000050820	4645	13396
ENSG00000051009	2431	3065
ENSG00000051108	2853	10430
ENSG00000051128	741	1285
ENSG00000051180	427	112
ENSG00000051341	1448	81
ENSG00000051382	2630	3674
ENSG00000051523	1301	2706
ENSG00000051596	1318	666
ENSG00000051620	989	6008
ENSG00000051825	3211	1485
ENSG00000052126	5949	8017
ENSG00000052344	105	115
ENSG00000052723	4788	1594
ENSG00000052749	2857	5707
ENSG00000052795	3287	15602
ENSG00000052802	1054	995
ENSG00000052841	13009	3849
ENSG00000052850	340	64
ENSG00000053108	117	25
ENSG00000053254	15939	24053
ENSG00000053328	770	506
ENSG00000053371	2402	3054
ENSG00000053372	1729	1511
ENSG00000053438	369	569
ENSG00000053501	733	1137
ENSG00000053524	565	290
ENSG00000053702	685	777
ENSG00000053747	747	1235
ENSG00000053770	2606	3214
ENSG00000053900	2950	1256
ENSG00000053918	846	4868
ENSG00000054116	1752	2778
ENSG00000054118	13443	14043
ENSG00000054148	2228	8320
ENSG00000054179	190	307
ENSG00000054219	744	243
ENSG00000054267	4689	1754
ENSG00000054277	1006	452
ENSG00000054282	2607	1559
ENSG00000054356	15	29
ENSG00000054392	1286	536
ENSG00000054523	10569	20360
ENSG00000054598	3297	2121
ENSG00000054611	1422	3191
ENSG00000054654	19650	24732
ENSG00000054690	306	1233
ENSG00000054793	6465	11134
ENSG00000054796	2	0
ENSG00000054803	4	4
ENSG00000054938	17	5560
ENSG00000054965	10682	9626
ENSG00000054967	343	914
ENSG00000054983	3486	2976
ENSG00000055044	3622	1404
ENSG00000055070	6632	14576
ENSG00000055118	1982	15261
ENSG00000055130	3935	4405
ENSG00000055147	1877	1907
ENSG00000055163	2330	6746
ENSG00000055208	8308	6600
ENSG00000055211	2869	3729
ENSG00000055332	12763	5548
ENSG00000055483	4870	5489
ENSG00000055609	36361	21519
ENSG00000055732	295	344
ENSG00000055813	439	1598
ENSG00000055917	14572	10904
ENSG00000055950	1965	2217
ENSG00000055955	116	356
ENSG00000055957	67	49
ENSG00000056050	729	486
ENSG00000056097	8713	7891
ENSG00000056277	2000	438
ENSG00000056291	3	3
ENSG00000056487	118	85
ENSG00000056558	841	698
ENSG00000056586	10094	9602
ENSG00000056736	525	391
ENSG00000056972	2168	2874
ENSG00000056998	158	859
ENSG00000057019	5088	11345
ENSG00000057149	1	2
ENSG00000057252	2380	2795
ENSG00000057294	10044	43631
ENSG00000057468	170	27
ENSG00000057593	29	13
ENSG00000057608	8529	8871
ENSG00000057657	327	534
ENSG00000057663	1517	1123
ENSG00000057704	656	686
ENSG00000057757	1801	3039
ENSG00000057935	4452	1955
ENSG00000058056	8489	36035
ENSG00000058063	5093	5381
ENSG00000058085	108	421
ENSG00000058091	13201	2984
ENSG00000058262	9686	18671
ENSG00000058272	8494	3701
ENSG00000058335	87	39
ENSG00000058404	1777	17003
ENSG00000058453	2702	2281
ENSG00000058600	3563	4642
ENSG00000058668	23720	56271
ENSG00000058673	7220	2912
ENSG00000058729	1251	603
ENSG00000058799	594	1272
ENSG00000058804	2736	1629
ENSG00000058866	237	5982
ENSG00000059122	2389	5814
ENSG00000059145	2177	2015
ENSG00000059377	286	655
ENSG00000059378	1595	1916
ENSG00000059573	3606	2493
ENSG00000059588	9719	1925
ENSG00000059691	1407	3918
ENSG00000059728	1558	2230
ENSG00000059758	3530	4201
ENSG00000059769	527	482
ENSG00000059804	2694	9326
ENSG00000059915	672	254
ENSG00000060069	1045	2687
ENSG00000060138	11164	69929
ENSG00000060140	61	16
ENSG00000060237	30568	100133
ENSG00000060303	0	0
ENSG00000060339	5860	3435
ENSG00000060491	2343	3524
ENSG00000060558	40	405
ENSG00000060566	0	1
ENSG00000060642	768	721
ENSG00000060656	3603	7073
ENSG00000060688	2161	2047
ENSG00000060709	3261	36
ENSG00000060718	602	5
ENSG00000060749	12838	3929
ENSG00000060762	2442	16361
ENSG00000060971	2370	7688
ENSG00000060982	1557	1740
ENSG00000061273	5749	8963
ENSG00000061337	389	1216
ENSG00000061455	353	175
ENSG00000061492	4	0
ENSG00000061656	564	267
ENSG00000061676	13749	16840
ENSG00000061794	2433	4434
ENSG00000061918	500	2341
ENSG00000061936	5062	4461
ENSG00000061938	3460	3533
ENSG00000061987	11026	5325
ENSG00000062038	213	104
ENSG00000062096	19	14
ENSG00000062194	7467	3449
ENSG00000062282	860	2796
ENSG00000062370	932	219
ENSG00000062485	11203	69265
ENSG00000062524	681	110
ENSG00000062582	1837	5779
ENSG00000062598	2097	3723
ENSG00000062650	5542	3781
ENSG00000062716	6329	12791
ENSG00000062725	6238	3346
ENSG00000062822	1917	1000
ENSG00000063015	354	157
ENSG00000063046	75486	44267
ENSG00000063127	796	310
ENSG00000063169	2969	4054
ENSG00000063176	1496	1296
ENSG00000063177	30560	16637
ENSG00000063180	2092	384
ENSG00000063241	1270	2725
ENSG00000063244	10707	9753
ENSG00000063245	7097	27841
ENSG00000063322	2863	3999
ENSG00000063438	315	233
ENSG00000063515	1	0
ENSG00000063587	3260	3295
ENSG00000063601	2745	3132
ENSG00000063660	4589	29730
ENSG00000063761	904	860
ENSG00000063854	1112	7318
ENSG00000063978	3615	5127
ENSG00000064012	1991	812
ENSG00000064042	4771	25537
ENSG00000064102	2292	806
ENSG00000064115	2246	2950
ENSG00000064195	21	22
ENSG00000064199	174	175
ENSG00000064201	476	858
ENSG00000064205	180	1956
ENSG00000064218	0	1
ENSG00000064225	1157	5343
ENSG00000064270	204	102
ENSG00000064300	8392	4221
ENSG00000064309	11562	3117
ENSG00000064313	5742	2766
ENSG00000064393	14388	80344
ENSG00000064419	4868	5507
ENSG00000064490	1535	1291
ENSG00000064545	1193	1765
ENSG00000064547	172	80
ENSG00000064601	6182	17136
ENSG00000064607	9802	8608
ENSG00000064651	4887	4544
ENSG00000064652	825	901
ENSG00000064655	414	305
ENSG00000064666	8001	7618
ENSG00000064687	848	883
ENSG00000064692	596	214
ENSG00000064703	1383	1002
ENSG00000064726	7512	15621
ENSG00000064763	1734	944
ENSG00000064787	113	83
ENSG00000064835	2	2
ENSG00000064886	78	483
ENSG00000064932	2540	8389
ENSG00000064933	3709	651
ENSG00000064961	3948	2599
ENSG00000064989	1959	3066
ENSG00000064995	3694	2190
ENSG00000064999	3349	9858
ENSG00000065000	8817	21481
ENSG00000065029	2473	3600
ENSG00000065057	526	847
ENSG00000065135	5633	3578
ENSG00000065150	14584	12047
ENSG00000065154	2085	3057
ENSG00000065183	4207	1898
ENSG00000065243	9091	3687
ENSG00000065268	1723	2588
ENSG00000065308	3905	5126
ENSG00000065320	10880	8775
ENSG00000065325	75	184
ENSG00000065328	725	45
ENSG00000065357	1256	1058
ENSG00000065361	1721	1486
ENSG00000065371	57	28
ENSG00000065413	1537	1575
ENSG00000065427	4202	7619
ENSG00000065457	2693	2541
ENSG00000065485	1118	918
ENSG00000065491	1212	1851
ENSG00000065518	2804	18957
ENSG00000065526	17633	12075
ENSG00000065534	3349	5418
ENSG00000065548	2638	1267
ENSG00000065559	2431	3223
ENSG00000065600	418	329
ENSG00000065609	6119	271
ENSG00000065613	7707	5156
ENSG00000065615	3943	1939
ENSG00000065618	83	103
ENSG00000065621	1493	1152
ENSG00000065665	796	1562
ENSG00000065675	17	71
ENSG00000065717	3331	5994
ENSG00000065802	3091	7338
ENSG00000065809	711	1407
ENSG00000065833	457	2614
ENSG00000065882	3470	14235
ENSG00000065883	15170	8182
ENSG00000065911	4070	3485
ENSG00000065923	1052	1877
ENSG00000065970	4714	10137
ENSG00000065978	20399	40767
ENSG00000065989	5693	4056
ENSG00000066027	3697	9885
ENSG00000066032	24	34
ENSG00000066044	5421	7539
ENSG00000066056	1614	4521
ENSG00000066084	6190	6845
ENSG00000066117	2995	3897
ENSG00000066135	5119	3685
ENSG00000066136	4396	7022
ENSG00000066185	160	204
ENSG00000066230	978	740
ENSG00000066248	378	78
ENSG00000066279	4826	59
ENSG00000066294	431	709
ENSG00000066322	1406	3032
ENSG00000066336	180	1878
ENSG00000066379	650	513
ENSG00000066382	920	1124
ENSG00000066405	294	153
ENSG00000066422	3128	1243
ENSG00000066427	3659	2331
ENSG00000066455	1797	1234
ENSG00000066468	2672	261
ENSG00000066557	1798	863
ENSG00000066583	1643	6836
ENSG00000066629	1464	3216
ENSG00000066651	2661	1116
ENSG00000066654	4878	1752
ENSG00000066697	618	1467
ENSG00000066735	4213	2354
ENSG00000066739	7136	4931
ENSG00000066777	8402	4663
ENSG00000066813	790	474
ENSG00000066827	917	1307
ENSG00000066855	1162	1705
ENSG00000066923	2265	1508
ENSG00000066926	3136	5076
ENSG00000066933	12414	4881
ENSG00000067048	1191	3319
ENSG00000067057	10290	20900
ENSG00000067064	698	1416
ENSG00000067066	4759	3974
ENSG00000067082	7058	10357
ENSG00000067113	1134	7405
ENSG00000067141	5760	4019
ENSG00000067167	6604	9056
ENSG00000067177	1610	4272
ENSG00000067182	2695	11654
ENSG00000067191	1344	714
ENSG00000067208	4990	3646
ENSG00000067221	623	1804
ENSG00000067225	25894	82436
ENSG00000067248	2597	1647
ENSG00000067334	1784	1081
ENSG00000067365	1684	2282
ENSG00000067369	9959	6158
ENSG00000067445	4797	361
ENSG00000067533	2545	2163
ENSG00000067560	20532	31551
ENSG00000067596	4577	4758
ENSG00000067606	669	1564
ENSG00000067646	531	1217
ENSG00000067704	5188	7762
ENSG00000067715	28	45
ENSG00000067798	1272	935
ENSG00000067829	3131	5611
ENSG00000067836	980	6711
ENSG00000067840	1023	526
ENSG00000067842	1203	15
ENSG00000067900	8090	4921
ENSG00000067955	3752	4234
ENSG00000067992	6170	6101
ENSG00000068001	1594	7077
ENSG00000068024	4471	6639
ENSG00000068028	1193	1332
ENSG00000068078	1145	475
ENSG00000068079	526	967
ENSG00000068097	3424	2294
ENSG00000068120	1861	3100
ENSG00000068137	2478	2703
ENSG00000068305	22880	23899
ENSG00000068308	3477	3255
ENSG00000068323	2257	5361
ENSG00000068354	1619	3554
ENSG00000068366	2331	5425
ENSG00000068383	3418	11546
ENSG00000068394	786	1738
ENSG00000068400	2727	1991
ENSG00000068438	1571	1662
ENSG00000068489	2385	613
ENSG00000068615	923	2220
ENSG00000068650	7452	30661
ENSG00000068654	9805	10516
ENSG00000068697	9162	21602
ENSG00000068724	1141	2496
ENSG00000068745	4895	2141
ENSG00000068781	143	668
ENSG00000068784	1525	869
ENSG00000068796	5037	1637
ENSG00000068831	947	1485
ENSG00000068878	5825	13451
ENSG00000068885	3747	861
ENSG00000068903	2452	8655
ENSG00000068912	3696	4187
ENSG00000068971	1129	2286
ENSG00000068976	1052	13972
ENSG00000068985	0	0
ENSG00000069011	112	42
ENSG00000069018	2	0
ENSG00000069020	9521	28706
ENSG00000069122	3076	10531
ENSG00000069188	7787	1269
ENSG00000069206	0	0
ENSG00000069248	3982	4049
ENSG00000069275	37472	35339
ENSG00000069329	5728	6489
ENSG00000069345	4558	7815
ENSG00000069399	914	5136
ENSG00000069424	1584	6877
ENSG00000069431	5826	14691
ENSG00000069482	39	12
ENSG00000069493	2717	651
ENSG00000069509	350	852
ENSG00000069535	1431	15684
ENSG00000069667	6776	3290
ENSG00000069696	220	140
ENSG00000069702	2481	10669
ENSG00000069764	40	29
ENSG00000069812	983	27
ENSG00000069849	2149	2387
ENSG00000069869	6541	3779
ENSG00000069943	982	564
ENSG00000069956	2394	2019
ENSG00000069966	1801	1707
ENSG00000069974	1334	1126
ENSG00000069998	2115	3804
ENSG00000070010	2098	2436
ENSG00000070018	11376	4652
ENSG00000070019	375	159
ENSG00000070031	100	81
ENSG00000070047	5295	7363
ENSG00000070061	7287	5642
ENSG00000070081	2279	1813
ENSG00000070087	6236	4524
ENSG00000070159	3137	8537
ENSG00000070182	4058	43830
ENSG00000070190	109	134
ENSG00000070193	371	352
ENSG00000070214	8165	4932
ENSG00000070269	2899	804
ENSG00000070366	3980	6540
ENSG00000070367	4828	3720
ENSG00000070371	630	2646
ENSG00000070388	39	32
ENSG00000070404	1229	12222
ENSG00000070413	5295	8353
ENSG00000070423	1365	2863
ENSG00000070444	3674	3791
ENSG00000070476	2812	3324
ENSG00000070495	1424	5539
ENSG00000070501	926	930
ENSG00000070526	42	490
ENSG00000070540	1377	8432
ENSG00000070601	53	301
ENSG00000070610	4531	9135
ENSG00000070614	7223	17961
ENSG00000070669	1036	1034
ENSG00000070718	1845	1405
ENSG00000070729	205	175
ENSG00000070731	66	625
ENSG00000070748	42	23
ENSG00000070756	93964	21432
ENSG00000070759	337	276
ENSG00000070761	1331	1811
ENSG00000070770	4660	4361
ENSG00000070778	4275	10014
ENSG00000070785	1116	1816
ENSG00000070808	701	2429
ENSG00000070814	4284	3918
ENSG00000070831	10694	18231
ENSG00000070882	2471	1156
ENSG00000070886	112	7
ENSG00000070915	11	9
ENSG00000070950	1925	303
ENSG00000070961	53692	1364
ENSG00000070985	18	19
ENSG00000071051	2074	3135
ENSG00000071054	15647	15054
ENSG00000071073	4938	2997
ENSG00000071082	24079	6138
ENSG00000071127	9094	22961
ENSG00000071189	8617	5383
ENSG00000071203	0	6
ENSG00000071205	4675	8288
ENSG00000071242	3014	15064
ENSG00000071243	843	624
ENSG00000071246	5479	3922
ENSG00000071282	992	6759
ENSG00000071462	3005	4117
ENSG00000071537	6240	8907
ENSG00000071539	710	62
ENSG00000071553	3260	9415
ENSG00000071564	8580	2838
ENSG00000071575	5928	7864
ENSG00000071626	6831	9397
ENSG00000071655	3731	6699
ENSG00000071677	1	0
ENSG00000071794	5386	1365
ENSG00000071859	1025	1634
ENSG00000071889	3317	4683
ENSG00000071894	6470	5944
ENSG00000071909	69	50
ENSG00000071967	10236	15301
ENSG00000071991	620	4422
ENSG00000071994	2743	2322
ENSG00000072041	353	174
ENSG00000072042	2552	1364
ENSG00000072062	7720	43214
ENSG00000072071	15223	6153
ENSG00000072080	173	42
ENSG00000072110	13797	25516
ENSG00000072121	5042	6985
ENSG00000072133	830	215
ENSG00000072134	5364	9731
ENSG00000072135	2341	3108
ENSG00000072163	4545	24582
ENSG00000072182	154	73
ENSG00000072195	7810	34263
ENSG00000072201	744	1003
ENSG00000072210	4467	7422
ENSG00000072274	5806	6158
ENSG00000072310	3726	5733
ENSG00000072315	189	27
ENSG00000072364	20213	18202
ENSG00000072401	1057	6396
ENSG00000072415	3799	2396
ENSG00000072422	1627	2122
ENSG00000072501	7000	7238
ENSG00000072506	1769	3863
ENSG00000072518	4692	8955
ENSG00000072571	853	19
ENSG00000072609	2195	3545
ENSG00000072657	184	239
ENSG00000072682	1117	6169
ENSG00000072694	201	1023
ENSG00000072736	6704	6654
ENSG00000072756	7357	3414
ENSG00000072778	10626	88319
ENSG00000072786	1750	3950
ENSG00000072803	4820	13453
ENSG00000072818	1620	1104
ENSG00000072832	6323	791
ENSG00000072840	7705	2653
ENSG00000072849	2087	2483
ENSG00000072858	412	235
ENSG00000072864	2066	2627
ENSG00000072952	326	3496
ENSG00000072954	498	3127
ENSG00000072958	3322	5725
ENSG00000073008	3557	12701
ENSG00000073050	1865	1593
ENSG00000073060	3898	2618
ENSG00000073067	98	52
ENSG00000073111	2933	1200
ENSG00000073146	48	42
ENSG00000073150	14	39
ENSG00000073169	1250	1440
ENSG00000073282	44	108
ENSG00000073331	2878	1313
ENSG00000073350	396	574
ENSG00000073417	4132	3348
ENSG00000073464	522	7358
ENSG00000073536	1748	812
ENSG00000073578	8647	65806
ENSG00000073584	6038	4520
ENSG00000073598	9	1
ENSG00000073605	1149	570
ENSG00000073614	9452	5755
ENSG00000073670	1913	2506
ENSG00000073711	5151	8997
ENSG00000073712	7176	7730
ENSG00000073734	79	62
ENSG00000073737	18	677
ENSG00000073754	0	28
ENSG00000073756	97	400
ENSG00000073792	4777	2343
ENSG00000073803	2411	1539
ENSG00000073849	2691	12155
ENSG00000073861	12	90
ENSG00000073910	7249	26435
ENSG00000073921	11483	18546
ENSG00000073969	2760	1787
ENSG00000074047	3542	698
ENSG00000074054	11155	20642
ENSG00000074071	1124	2566
ENSG00000074181	14060	30887
ENSG00000074201	3886	3968
ENSG00000074211	405	896
ENSG00000074219	4398	7200
ENSG00000074266	1483	871
ENSG00000074276	43	72
ENSG00000074317	3	41
ENSG00000074319	2206	4535
ENSG00000074356	6539	5615
ENSG00000074370	1965	1329
ENSG00000074410	218	341
ENSG00000074416	2414	19299
ENSG00000074527	510	8066
ENSG00000074582	1194	2121
ENSG00000074590	3299	10126
ENSG00000074603	4269	6484
ENSG00000074621	1698	580
ENSG00000074657	14309	12143
ENSG00000074660	1704	2405
ENSG00000074695	13077	9436
ENSG00000074696	5713	1978
ENSG00000074706	118	138
ENSG00000074755	6742	15821
ENSG00000074771	0	0
ENSG00000074800	30000	21426
ENSG00000074803	93	23
ENSG00000074842	1048	1627
ENSG00000074855	1862	1300
ENSG00000074935	3762	2631
ENSG00000074964	1603	9673
ENSG00000074966	100	141
ENSG00000075035	268	104
ENSG00000075043	1250	31
ENSG00000075073	283	977
ENSG00000075089	1201	914
ENSG00000075131	608	281
ENSG00000075142	1334	2715
ENSG00000075151	11396	6326
ENSG00000075188	742	850
ENSG00000075213	238	209
ENSG00000075218	1111	190
ENSG00000075223	826	5314
ENSG00000075234	1817	2638
ENSG00000075239	4988	17437
ENSG00000075240	2750	9506
ENSG00000075275	4896	5284
ENSG00000075290	50	30
ENSG00000075292	21171	6723
ENSG00000075303	3187	2286
ENSG00000075336	1269	3379
ENSG00000075340	3363	636
ENSG00000075388	0	1
ENSG00000075391	6703	15027
ENSG00000075399	907	1557
ENSG00000075407	8025	1800
ENSG00000075413	11763	11760
ENSG00000075415	14804	80718
ENSG00000075420	10844	23528
ENSG00000075426	4362	33233
ENSG00000075429	1825	224
ENSG00000075461	3054	18
ENSG00000075539	9635	5179
ENSG00000075568	10790	7673
ENSG00000075618	8927	2981
ENSG00000075624	90585	169663
ENSG00000075643	119	292
ENSG00000075651	1904	5463
ENSG00000075673	0	5
ENSG00000075702	1043	3455
ENSG00000075711	9010	5816
ENSG00000075785	8066	26946
ENSG00000075790	2678	3156
ENSG00000075826	1834	1488
ENSG00000075856	3998	3737
ENSG00000075884	271	295
ENSG00000075886	192	3022
ENSG00000075891	0	2
ENSG00000075914	1015	1576
ENSG00000075945	3230	3374
ENSG00000075975	2399	4485
ENSG00000076003	3209	825
ENSG00000076043	1836	4696
ENSG00000076053	1709	1712
ENSG00000076067	6869	9882
ENSG00000076108	7896	14413
ENSG00000076201	4940	7549
ENSG00000076242	2755	3902
ENSG00000076248	1566	2681
ENSG00000076258	447	363
ENSG00000076321	1885	1407
ENSG00000076344	218	1147
ENSG00000076351	1919	2121
ENSG00000076356	4696	8922
ENSG00000076382	1679	139
ENSG00000076513	2515	3461
ENSG00000076554	701	1438
ENSG00000076555	7576	49127
ENSG00000076604	1218	331
ENSG00000076641	1539	3994
ENSG00000076650	1226	879
ENSG00000076662	121	622
ENSG00000076685	6484	5223
ENSG00000076706	6884	16932
ENSG00000076716	8562	2529
ENSG00000076770	1830	2277
ENSG00000076826	26	182
ENSG00000076864	797	708
ENSG00000076924	2935	3922
ENSG00000076928	4444	4338
ENSG00000076944	89	665
ENSG00000076984	4099	6174
ENSG00000077009	1824	69257
ENSG00000077044	4913	10582
ENSG00000077063	337	353
ENSG00000077080	6	0
ENSG00000077092	1258	1633
ENSG00000077097	18570	7007
ENSG00000077147	12875	9733
ENSG00000077150	1752	3044
ENSG00000077152	430	197
ENSG00000077157	34501	234649
ENSG00000077232	8553	5591
ENSG00000077235	10645	19888
ENSG00000077238	453	6044
ENSG00000077254	4872	3755
ENSG00000077264	257	98
ENSG00000077274	65	44
ENSG00000077279	83	18
ENSG00000077312	3354	2442
ENSG00000077327	10	7
ENSG00000077348	1231	802
ENSG00000077380	5353	4663
ENSG00000077420	109	1028
ENSG00000077454	2289	3948
ENSG00000077458	1635	446
ENSG00000077463	603	958
ENSG00000077498	29	16
ENSG00000077514	1837	831
ENSG00000077522	38187	302949
ENSG00000077549	9742	19249
ENSG00000077585	704	3549
ENSG00000077616	404	194
ENSG00000077684	4940	4230
ENSG00000077713	1399	635
ENSG00000077721	2721	6252
ENSG00000077782	14478	23192
ENSG00000077800	208	97
ENSG00000077935	165	32
ENSG00000077942	6446	20690
ENSG00000077943	354	1344
ENSG00000077984	24	263
ENSG00000078018	369	1376
ENSG00000078043	7754	4523
ENSG00000078053	893	544
ENSG00000078061	2610	10227
ENSG00000078070	2132	3143
ENSG00000078081	87	71
ENSG00000078098	125	41
ENSG00000078114	29468	86131
ENSG00000078124	4882	3844
ENSG00000078140	6070	4938
ENSG00000078142	6162	2939
ENSG00000078177	9446	980
ENSG00000078237	558	1420
ENSG00000078246	3063	1584
ENSG00000078269	3606	5693
ENSG00000078295	875	477
ENSG00000078304	8624	15356
ENSG00000078328	2399	8698
ENSG00000078369	13010	19099
ENSG00000078399	21	10
ENSG00000078401	247	532
ENSG00000078403	7536	3870
ENSG00000078487	353	242
ENSG00000078549	604	1127
ENSG00000078579	0	0
ENSG00000078589	1157	593
ENSG00000078596	789	4974
ENSG00000078618	8127	8694
ENSG00000078668	3530	11293
ENSG00000078674	17406	8969
ENSG00000078687	9883	6736
ENSG00000078699	4269	3914
ENSG00000078725	5	242
ENSG00000078747	7420	7119
ENSG00000078795	285	214
ENSG00000078804	2980	48091
ENSG00000078808	4428	11161
ENSG00000078814	7764	19745
ENSG00000078898	0	1
ENSG00000078900	123	88
ENSG00000078902	1907	6874
ENSG00000078967	1970	4484
ENSG00000079101	428	22
ENSG00000079102	81468	4870
ENSG00000079112	66	98
ENSG00000079134	4065	788
ENSG00000079150	1713	892
ENSG00000079156	119	843
ENSG00000079215	3202	10878
ENSG00000079246	11918	12376
ENSG00000079257	545	263
ENSG00000079263	79	82
ENSG00000079277	2017	3923
ENSG00000079308	34939	281504
ENSG00000079313	3216	6167
ENSG00000079332	6808	10471
ENSG00000079335	943	857
ENSG00000079337	898	4144
ENSG00000079385	334	832
ENSG00000079387	2397	1229
ENSG00000079432	11866	12360
ENSG00000079435	840	8120
ENSG00000079459	1984	6619
ENSG00000079462	1668	76
ENSG00000079482	7052	4500
ENSG00000079557	0	0
ENSG00000079616	2705	2313
ENSG00000079689	22	196
ENSG00000079691	1017	1646
ENSG00000079739	3445	25406
ENSG00000079785	5589	6709
ENSG00000079805	8072	22929
ENSG00000079819	8761	6613
ENSG00000079841	44	203
ENSG00000079931	421	621
ENSG00000079950	4459	5650
ENSG00000079974	2058	1152
ENSG00000079999	2894	6007
ENSG00000080007	718	46
ENSG00000080031	102	546
ENSG00000080166	15	54
ENSG00000080189	2449	2005
ENSG00000080200	6923	4066
ENSG00000080224	108	81
ENSG00000080293	35	93
ENSG00000080298	4985	664
ENSG00000080345	15204	4195
ENSG00000080371	5974	19490
ENSG00000080493	1060	3630
ENSG00000080503	13945	12846
ENSG00000080511	7	10
ENSG00000080546	1953	5030
ENSG00000080561	446	1195
ENSG00000080572	16	13
ENSG00000080573	1267	5577
ENSG00000080603	12621	21779
ENSG00000080608	2925	958
ENSG00000080618	368	132
ENSG00000080644	118	88
ENSG00000080709	308	1345
ENSG00000080802	4612	4674
ENSG00000080815	6413	5937
ENSG00000080819	780	1222
ENSG00000080822	2509	3945
ENSG00000080823	1662	1726
ENSG00000080824	18568	14611
ENSG00000080839	1428	694
ENSG00000080845	5229	16760
ENSG00000080854	4471	11740
ENSG00000080910	77	70
ENSG00000080986	971	94
ENSG00000081014	2160	1823
ENSG00000081019	3812	2759
ENSG00000081026	2485	1497
ENSG00000081041	212	1527
ENSG00000081051	0	0
ENSG00000081052	479	3817
ENSG00000081059	1420	1462
ENSG00000081087	1604	3266
ENSG00000081138	123	86
ENSG00000081148	255	111
ENSG00000081154	6467	5847
ENSG00000081177	2548	2350
ENSG00000081181	241	496
ENSG00000081189	2142	5518
ENSG00000081237	1010	1408
ENSG00000081248	14	26
ENSG00000081277	142	123
ENSG00000081307	3948	2383
ENSG00000081320	1243	1730
ENSG00000081377	1742	5256
ENSG00000081386	2831	769
ENSG00000081479	169	804
ENSG00000081665	5025	2290
ENSG00000081692	1058	1676
ENSG00000081721	580	464
ENSG00000081760	3327	2812
ENSG00000081791	4699	10498
ENSG00000081800	4	3
ENSG00000081803	569	1756
ENSG00000081818	877	481
ENSG00000081842	130	12
ENSG00000081853	242	4442
ENSG00000081913	1867	2434
ENSG00000081923	1805	2187
ENSG00000081985	174	312
ENSG00000082014	5489	5806
ENSG00000082068	2571	1565
ENSG00000082074	332	664
ENSG00000082126	364	290
ENSG00000082146	1319	3863
ENSG00000082153	4972	6787
ENSG00000082175	777	3468
ENSG00000082196	864	124
ENSG00000082212	5539	6673
ENSG00000082258	6310	2356
ENSG00000082269	2802	1584
ENSG00000082293	628	783
ENSG00000082397	1321	2070
ENSG00000082438	1406	2755
ENSG00000082458	1295	1325
ENSG00000082482	25	38
ENSG00000082497	3480	622
ENSG00000082512	4233	641
ENSG00000082515	1242	1594
ENSG00000082516	4582	3797
ENSG00000082556	460	23
ENSG00000082641	14801	129484
ENSG00000082684	1008	995
ENSG00000082701	13929	14841
ENSG00000082781	1909	10130
ENSG00000082805	10404	10905
ENSG00000082898	29807	11257
ENSG00000082929	64	10
ENSG00000082996	2212	3006
ENSG00000083067	672	223
ENSG00000083093	1377	567
ENSG00000083097	5916	2278
ENSG00000083099	2043	1938
ENSG00000083123	2231	2865
ENSG00000083168	13892	8451
ENSG00000083223	3038	1450
ENSG00000083290	4493	3597
ENSG00000083307	106	35
ENSG00000083312	13361	10139
ENSG00000083444	9169	8012
ENSG00000083454	37	896
ENSG00000083457	468	473
ENSG00000083520	5095	2406
ENSG00000083535	2377	493
ENSG00000083544	5240	2509
ENSG00000083635	1264	621
ENSG00000083642	9753	2218
ENSG00000083720	3834	13552
ENSG00000083750	1251	1050
ENSG00000083782	8939	1
ENSG00000083799	2999	5414
ENSG00000083807	1101	698
ENSG00000083812	1864	1682
ENSG00000083814	1197	996
ENSG00000083817	459	581
ENSG00000083828	3098	2768
ENSG00000083838	1163	887
ENSG00000083844	6405	7240
ENSG00000083845	28216	13322
ENSG00000083857	15003	18930
ENSG00000083896	6728	3417
ENSG00000083937	1954	2551
ENSG00000084070	1907	3125
ENSG00000084072	1954	2258
ENSG00000084073	2758	3670
ENSG00000084090	6489	36289
ENSG00000084092	2761	2380
ENSG00000084093	7886	4251
ENSG00000084110	39	38
ENSG00000084112	5332	12139
ENSG00000084207	5190	13816
ENSG00000084234	13868	44286
ENSG00000084444	1767	803
ENSG00000084453	94	76
ENSG00000084463	4558	8905
ENSG00000084623	4792	6506
ENSG00000084628	368	6
ENSG00000084636	25123	2858
ENSG00000084652	7364	6703
ENSG00000084674	324	6217
ENSG00000084676	7597	9095
ENSG00000084693	1682	1625
ENSG00000084710	1266	2896
ENSG00000084731	1697	595
ENSG00000084733	7403	12480
ENSG00000084734	106	85
ENSG00000084754	11655	64774
ENSG00000084764	527	4879
ENSG00000084774	10343	2677
ENSG00000085063	6040	59510
ENSG00000085117	217	2296
ENSG00000085185	3220	3219
ENSG00000085224	17552	6331
ENSG00000085231	802	624
ENSG00000085265	306	795
ENSG00000085274	1931	853
ENSG00000085276	1755	1793
ENSG00000085365	5338	2858
ENSG00000085377	3135	3886
ENSG00000085382	3091	1960
ENSG00000085415	4156	2795
ENSG00000085433	1481	1605
ENSG00000085449	3353	2743
ENSG00000085465	204	75
ENSG00000085491	814	3364
ENSG00000085511	4368	3928
ENSG00000085514	138	264
ENSG00000085552	120	184
ENSG00000085563	30	388
ENSG00000085644	877	2131
ENSG00000085662	1761	7558
ENSG00000085719	9143	14903
ENSG00000085721	2883	4043
ENSG00000085733	6790	11728
ENSG00000085741	929	876
ENSG00000085760	1614	1932
ENSG00000085788	5596	6082
ENSG00000085831	231	2334
ENSG00000085832	9493	9379
ENSG00000085840	472	90
ENSG00000085871	575	3252
ENSG00000085872	5266	6539
ENSG00000085978	1790	2364
ENSG00000085982	4324	2623
ENSG00000085998	3701	11843
ENSG00000085999	596	139
ENSG00000086015	11391	20981
ENSG00000086061	4127	3630
ENSG00000086062	3779	16685
ENSG00000086065	1701	2275
ENSG00000086102	5328	6119
ENSG00000086159	11	7
ENSG00000086189	2708	2537
ENSG00000086200	3149	3054
ENSG00000086205	155	73
ENSG00000086232	6947	7299
ENSG00000086288	8	2
ENSG00000086289	230	5963
ENSG00000086300	795	206
ENSG00000086475	2741	2846
ENSG00000086504	1168	3579
ENSG00000086506	29	6
ENSG00000086544	791	3078
ENSG00000086548	65	51
ENSG00000086570	284	135
ENSG00000086589	2766	3646
ENSG00000086598	7874	14224
ENSG00000086619	1275	2001
ENSG00000086666	2894	3913
ENSG00000086696	841	484
ENSG00000086712	1577	789
ENSG00000086717	54	22
ENSG00000086730	480	547
ENSG00000086758	37672	75691
ENSG00000086827	1385	985
ENSG00000086848	2385	3035
ENSG00000086967	18	11
ENSG00000086991	262	714
ENSG00000087008	1593	3037
ENSG00000087053	4546	3170
ENSG00000087074	2300	12922
ENSG00000087076	258	222
ENSG00000087077	3706	2661
ENSG00000087085	58	249
ENSG00000087086	23512	56408
ENSG00000087087	5497	5533
ENSG00000087088	1291	944
ENSG00000087095	2069	3076
ENSG00000087111	1812	5266
ENSG00000087116	5656	2416
ENSG00000087128	0	0
ENSG00000087152	3200	4061
ENSG00000087157	1688	2384
ENSG00000087191	2460	5474
ENSG00000087206	2498	2632
ENSG00000087237	179	142
ENSG00000087245	13595	24190
ENSG00000087250	36	73
ENSG00000087253	468	1675
ENSG00000087258	586	4535
ENSG00000087263	2588	3268
ENSG00000087266	3671	6576
ENSG00000087269	2986	2579
ENSG00000087274	15738	33925
ENSG00000087299	1437	1662
ENSG00000087301	2802	697
ENSG00000087302	4484	6178
ENSG00000087303	3495	7210
ENSG00000087338	2015	1040
ENSG00000087365	7755	9595
ENSG00000087448	3877	2222
ENSG00000087460	38981	87864
ENSG00000087470	6710	3943
ENSG00000087494	23	84
ENSG00000087495	1712	824
ENSG00000087502	3534	2221
ENSG00000087510	9	89
ENSG00000087586	602	323
ENSG00000087589	245	195
ENSG00000087842	95	524
ENSG00000087884	607	1646
ENSG00000087903	1237	2374
ENSG00000087995	1495	1871
ENSG00000088002	11	23
ENSG00000088035	1456	533
ENSG00000088038	4228	3835
ENSG00000088053	216	140
ENSG00000088179	4888	2977
ENSG00000088205	4618	2385
ENSG00000088247	16733	14674
ENSG00000088256	5466	17159
ENSG00000088280	2414	6303
ENSG00000088298	666	1505
ENSG00000088305	764	306
ENSG00000088320	78	494
ENSG00000088325	4030	89
ENSG00000088340	1588	305
ENSG00000088356	522	581
ENSG00000088367	2732	3901
ENSG00000088386	53	41
ENSG00000088387	8123	7372
ENSG00000088448	7407	5720
ENSG00000088451	836	428
ENSG00000088538	143	2461
ENSG00000088682	2901	12764
ENSG00000088726	171	198
ENSG00000088727	240	432
ENSG00000088756	2218	520
ENSG00000088766	2871	5786
ENSG00000088782	0	0
ENSG00000088808	5055	13843
ENSG00000088812	7893	10377
ENSG00000088826	332	499
ENSG00000088827	190	4436
ENSG00000088832	9423	16611
ENSG00000088833	2890	5926
ENSG00000088836	580	35
ENSG00000088854	4194	8206
ENSG00000088876	1364	729
ENSG00000088881	425	638
ENSG00000088882	4177	353
ENSG00000088888	13051	27444
ENSG00000088899	1419	3479
ENSG00000088926	2	2
ENSG00000088930	5376	4841
ENSG00000088970	2044	917
ENSG00000088986	5394	4147
ENSG00000088992	649	3909
ENSG00000089006	4946	3887
ENSG00000089009	42752	10543
ENSG00000089012	0	9
ENSG00000089022	4219	3550
ENSG00000089041	598	384
ENSG00000089048	1665	289
ENSG00000089050	1299	1201
ENSG00000089053	11170	8109
ENSG00000089057	4040	3677
ENSG00000089060	1236	2216
ENSG00000089063	4449	7186
ENSG00000089091	514	288
ENSG00000089094	4230	2480
ENSG00000089101	118	3772
ENSG00000089116	0	0
ENSG00000089123	878	786
ENSG00000089127	4601	2544
ENSG00000089154	12268	16216
ENSG00000089157	60752	29838
ENSG00000089159	4744	16512
ENSG00000089163	127	116
ENSG00000089169	180	129
ENSG00000089177	1539	1726
ENSG00000089195	674	647
ENSG00000089199	40	1732
ENSG00000089220	8127	33612
ENSG00000089225	4113	8807
ENSG00000089234	1620	1804
ENSG00000089248	2525	3044
ENSG00000089250	6739	283
ENSG00000089280	21899	15941
ENSG00000089289	1786	2369
ENSG00000089327	814	2541
ENSG00000089335	3710	1369
ENSG00000089351	4203	5038
ENSG00000089356	31	108
ENSG00000089472	2294	3355
ENSG00000089486	2290	6941
ENSG00000089505	342	33
ENSG00000089558	16	109
ENSG00000089597	19534	20433
ENSG00000089639	502	731
ENSG00000089682	2460	659
ENSG00000089685	1391	61
ENSG00000089692	102	58
ENSG00000089693	6230	11940
ENSG00000089723	327	93
ENSG00000089737	5892	15942
ENSG00000089775	4234	3394
ENSG00000089818	2821	3130
ENSG00000089820	434	1443
ENSG00000089847	116	68
ENSG00000089876	2041	3927
ENSG00000089902	4862	3681
ENSG00000089916	8647	6444
ENSG00000090006	26702	50172
ENSG00000090013	701	3659
ENSG00000090020	1525	4697
ENSG00000090054	4420	3257
ENSG00000090060	17162	8572
ENSG00000090061	2951	5151
ENSG00000090097	2522	6694
ENSG00000090104	1232	228
ENSG00000090238	2379	4003
ENSG00000090263	1117	2108
ENSG00000090266	1729	6814
ENSG00000090273	2647	6173
ENSG00000090316	3301	4931
ENSG00000090339	1107	4982
ENSG00000090372	6672	7803
ENSG00000090376	1331	2828
ENSG00000090382	175	1435
ENSG00000090402	1	1
ENSG00000090432	1204	4631
ENSG00000090447	2674	916
ENSG00000090470	1826	2129
ENSG00000090487	3173	4572
ENSG00000090512	1	2
ENSG00000090520	1557	2223
ENSG00000090530	567	381
ENSG00000090534	18	69
ENSG00000090539	359	1703
ENSG00000090554	291	471
ENSG00000090565	2893	4951
ENSG00000090581	1873	2571
ENSG00000090612	2970	1009
ENSG00000090615	10984	16557
ENSG00000090621	10868	24060
ENSG00000090659	116	3509
ENSG00000090661	891	1790
ENSG00000090674	1131	2238
ENSG00000090686	7965	3956
ENSG00000090776	2335	6079
ENSG00000090857	7511	12874
ENSG00000090861	6387	12674
ENSG00000090863	21753	23985
ENSG00000090889	969	16
ENSG00000090905	11584	7074
ENSG00000090924	5332	4364
ENSG00000090932	150	2
ENSG00000090971	800	308
ENSG00000090975	1474	6971
ENSG00000090989	2816	1568
ENSG00000091009	4626	2688
ENSG00000091010	2	5
ENSG00000091039	12724	6227
ENSG00000091073	940	1432
ENSG00000091106	89	184
ENSG00000091127	2209	756
ENSG00000091128	66	49
ENSG00000091129	113	134
ENSG00000091136	31669	15064
ENSG00000091137	47	61
ENSG00000091138	5	57
ENSG00000091140	4190	11277
ENSG00000091157	4030	5106
ENSG00000091164	7725	7349
ENSG00000091181	73	89
ENSG00000091262	260	319
ENSG00000091317	2345	3567
ENSG00000091409	2522	8333
ENSG00000091428	440	1688
ENSG00000091436	13005	45974
ENSG00000091482	2274	16179
ENSG00000091483	2597	8066
ENSG00000091490	862	997
ENSG00000091513	3772	3967
ENSG00000091527	9692	15918
ENSG00000091536	379	337
ENSG00000091542	6157	28629
ENSG00000091583	8	4
ENSG00000091592	1547	2959
ENSG00000091622	343	254
ENSG00000091640	2041	5473
ENSG00000091651	2681	2025
ENSG00000091656	164750	590
ENSG00000091664	15	18
ENSG00000091704	14	322
ENSG00000091732	1111	1581
ENSG00000091831	267	821
ENSG00000091844	903	221
ENSG00000091879	1151	497
ENSG00000091947	1072	1462
ENSG00000091972	334	515
ENSG00000091986	8632	19959
ENSG00000092009	41	61
ENSG00000092010	2416	3780
ENSG00000092020	1447	854
ENSG00000092036	1225	1338
ENSG00000092051	2485	43
ENSG00000092054	241997	3222600
ENSG00000092067	13	10
ENSG00000092068	412	2748
ENSG00000092094	1635	1587
ENSG00000092096	1481	1955
ENSG00000092098	2640	4613
ENSG00000092108	9067	3287
ENSG00000092140	4539	984
ENSG00000092148	17645	16566
ENSG00000092199	24977	23869
ENSG00000092200	50	68
ENSG00000092201	9910	3110
ENSG00000092203	4448	11540
ENSG00000092208	626	441
ENSG00000092295	100	432
ENSG00000092330	1674	3303
ENSG00000092345	1	0
ENSG00000092377	21	20
ENSG00000092421	11980	2815
ENSG00000092439	12331	9959
ENSG00000092445	1323	1426
ENSG00000092470	1325	334
ENSG00000092529	884	812
ENSG00000092531	2885	2668
ENSG00000092607	62	344
ENSG00000092621	2391	1131
ENSG00000092758	3425	334
ENSG00000092820	6315	27388
ENSG00000092841	11387	13934
ENSG00000092847	6848	10481
ENSG00000092850	18	19
ENSG00000092853	1239	265
ENSG00000092871	1043	3178
ENSG00000092929	354	1615
ENSG00000092931	2066	2751
ENSG00000092964	15536	46624
ENSG00000092969	21804	1734
ENSG00000092978	1896	981
ENSG00000093000	5729	2589
ENSG00000093009	378	30
ENSG00000093010	1717	5831
ENSG00000093072	2553	13364
ENSG00000093144	2949	1864
ENSG00000093167	5584	8902
ENSG00000093183	3236	3893
ENSG00000093217	2296	349
ENSG00000094631	5040	3655
ENSG00000094661	842	509
ENSG00000094755	118	102
ENSG00000094796	9	0
ENSG00000094804	759	78
ENSG00000094841	865	1653
ENSG00000094880	2935	2266
ENSG00000094914	2409	2909
ENSG00000094916	28318	16629
ENSG00000094963	848	2639
ENSG00000094975	70707	2480
ENSG00000095002	3916	1345
ENSG00000095015	2011	2195
ENSG00000095059	1910	2631
ENSG00000095066	1152	3953
ENSG00000095110	207	93
ENSG00000095139	6559	14153
ENSG00000095203	540	1955
ENSG00000095209	801	4911
ENSG00000095261	2899	2347
ENSG00000095303	264	1769
ENSG00000095319	6159	6455
ENSG00000095321	3917	10790
ENSG00000095370	655	4108
ENSG00000095380	1492	2209
ENSG00000095383	175	752
ENSG00000095397	973	320
ENSG00000095464	367	107
ENSG00000095485	1517	1908
ENSG00000095539	990	340
ENSG00000095564	7360	3263
ENSG00000095574	2244	1781
ENSG00000095585	569	558
ENSG00000095587	479	1076
ENSG00000095596	2	1
ENSG00000095627	248	562
ENSG00000095637	21153	223287
ENSG00000095713	3065	243
ENSG00000095739	556	1045
ENSG00000095752	65	35
ENSG00000095777	53	8
ENSG00000095787	13382	10093
ENSG00000095794	805	1583
ENSG00000095906	1449	2065
ENSG00000095917	0	25
ENSG00000095932	1	3
ENSG00000095951	5456	2958
ENSG00000095970	61	65
ENSG00000095981	2	2
ENSG00000096006	1	5
ENSG00000096060	8875	13865
ENSG00000096063	4300	2333
ENSG00000096070	3578	6461
ENSG00000096080	1031	3397
ENSG00000096088	2	12
ENSG00000096092	420	331
ENSG00000096093	3752	1576
ENSG00000096264	8	2
ENSG00000096384	60366	73724
ENSG00000096395	5	6
ENSG00000096401	4058	2091
ENSG00000096433	3791	6462
ENSG00000096654	598	172
ENSG00000096696	7648	63791
ENSG00000096717	3167	1699
ENSG00000096746	7498	5412
ENSG00000096872	1422	398
ENSG00000096968	5002	4278
ENSG00000096996	142	208
ENSG00000097007	11800	13238
ENSG00000097021	1203	1110
ENSG00000097033	7437	13180
ENSG00000097046	1345	166
ENSG00000097096	1477	2760
ENSG00000099139	2337	2286
ENSG00000099194	1519	59529
ENSG00000099203	701	1509
ENSG00000099204	28901	170997
ENSG00000099219	4562	5208
ENSG00000099246	7656	7999
ENSG00000099250	11233	22721
ENSG00000099256	680	330
ENSG00000099260	1172	10893
ENSG00000099282	266	1650
ENSG00000099284	3030	2580
ENSG00000099290	4366	5419
ENSG00000099308	2320	1945
ENSG00000099326	2809	1736
ENSG00000099330	386	822
ENSG00000099331	7060	10432
ENSG00000099337	1183	2159
ENSG00000099338	417	296
ENSG00000099341	3782	19483
ENSG00000099364	2588	1405
ENSG00000099365	756	296
ENSG00000099377	1701	1168
ENSG00000099381	4202	5691
ENSG00000099385	2533	3085
ENSG00000099399	0	0
ENSG00000099617	541	19
ENSG00000099622	18529	17200
ENSG00000099624	3749	15731
ENSG00000099625	525	336
ENSG00000099715	104	38
ENSG00000099721	0	0
ENSG00000099769	33	66
ENSG00000099783	7215	9443
ENSG00000099785	639	6515
ENSG00000099795	1453	9165
ENSG00000099797	3878	5962
ENSG00000099800	2308	2456
ENSG00000099804	1543	4578
ENSG00000099810	4548	3043
ENSG00000099812	22	50
ENSG00000099814	1324	6403
ENSG00000099817	3288	7822
ENSG00000099821	2753	6391
ENSG00000099822	82	3388
ENSG00000099834	775	650
ENSG00000099840	202	68
ENSG00000099849	322	152
ENSG00000099860	3367	12120
ENSG00000099864	3346	4870
ENSG00000099866	136	49
ENSG00000099869	298	13
ENSG00000099875	6146	27595
ENSG00000099889	1359	2120
ENSG00000099899	2289	1627
ENSG00000099901	2544	1964
ENSG00000099904	3799	3753
ENSG00000099910	2163	2208
ENSG00000099917	4347	7120
ENSG00000099937	136	202
ENSG00000099940	2081	3882
ENSG00000099942	6800	12997
ENSG00000099949	4670	4281
ENSG00000099953	416	786
ENSG00000099954	3150	3339
ENSG00000099956	4772	5272
ENSG00000099957	18	216
ENSG00000099958	358	172
ENSG00000099960	5	59
ENSG00000099968	3856	15380
ENSG00000099974	586	451
ENSG00000099977	1489	3303
ENSG00000099984	31	25
ENSG00000099985	13	130
ENSG00000099991	7382	9495
ENSG00000099992	639	1256
ENSG00000099994	301	783
ENSG00000099995	8869	16253
ENSG00000099998	424	6163
ENSG00000099999	1294	608
ENSG00000100003	1023	864
ENSG00000100012	88	71
ENSG00000100014	7150	5452
ENSG00000100023	5455	6449
ENSG00000100024	266	652
ENSG00000100027	2039	1016
ENSG00000100028	5385	6690
ENSG00000100029	3520	3226
ENSG00000100030	8869	13070
ENSG00000100031	186	223
ENSG00000100033	480	708
ENSG00000100034	3555	4187
ENSG00000100036	247	792
ENSG00000100038	1276	1108
ENSG00000100053	7	19
ENSG00000100055	224	1583
ENSG00000100056	886	1642
ENSG00000100060	109	979
ENSG00000100065	558	1955
ENSG00000100075	1489	2905
ENSG00000100077	1853	2182
ENSG00000100078	12	6
ENSG00000100079	34	125
ENSG00000100083	3302	3917
ENSG00000100084	2725	3958
ENSG00000100092	790	643
ENSG00000100095	444	106
ENSG00000100097	7005	19785
ENSG00000100099	4442	2921
ENSG00000100100	868	2493
ENSG00000100104	1681	2617
ENSG00000100105	3228	3341
ENSG00000100106	5703	12930
ENSG00000100109	1511	2470
ENSG00000100116	1565	1951
ENSG00000100121	1	6
ENSG00000100122	5	44
ENSG00000100124	1079	1375
ENSG00000100129	16821	14862
ENSG00000100138	3069	8636
ENSG00000100139	1625	4241
ENSG00000100142	930	1749
ENSG00000100146	295	1396
ENSG00000100147	2202	1407
ENSG00000100150	2812	2819
ENSG00000100151	1222	2103
ENSG00000100154	14204	8115
ENSG00000100156	479	118
ENSG00000100162	667	172
ENSG00000100167	711	60
ENSG00000100170	2017	22772
ENSG00000100191	103	29
ENSG00000100196	962	795
ENSG00000100197	1533	419
ENSG00000100201	91047	65774
ENSG00000100206	63	52
ENSG00000100207	5940	5030
ENSG00000100209	531	370
ENSG00000100211	994	2045
ENSG00000100216	2926	5156
ENSG00000100218	29	15
ENSG00000100219	2325	11586
ENSG00000100220	2317	3499
ENSG00000100221	2717	3062
ENSG00000100225	4921	5108
ENSG00000100226	4774	7281
ENSG00000100227	4535	5232
ENSG00000100228	465	391
ENSG00000100234	14944	102303
ENSG00000100239	4715	7844
ENSG00000100241	7327	15911
ENSG00000100242	5033	21733
ENSG00000100243	7560	41659
ENSG00000100246	565	664
ENSG00000100253	35	31
ENSG00000100258	2275	3838
ENSG00000100263	849	921
ENSG00000100266	3031	7594
ENSG00000100271	787	647
ENSG00000100276	90	118
ENSG00000100280	2795	8865
ENSG00000100281	2633	1477
ENSG00000100284	1972	7399
ENSG00000100285	2149	57
ENSG00000100288	1724	1701
ENSG00000100290	37	31
ENSG00000100292	563	1178
ENSG00000100294	559	1153
ENSG00000100296	4398	4212
ENSG00000100297	3170	1582
ENSG00000100298	13	39
ENSG00000100299	1114	2261
ENSG00000100300	1500	3963
ENSG00000100302	386	1012
ENSG00000100304	4336	2578
ENSG00000100307	1686	13425
ENSG00000100311	1296	4113
ENSG00000100312	24	110
ENSG00000100314	722	41
ENSG00000100316	92277	20818
ENSG00000100319	552	1183
ENSG00000100320	28024	14038
ENSG00000100321	2158	3585
ENSG00000100324	3056	3059
ENSG00000100325	2656	4827
ENSG00000100330	5376	9150
ENSG00000100335	2666	5438
ENSG00000100336	428	801
ENSG00000100341	105	58
ENSG00000100342	1141	2893
ENSG00000100344	190	82
ENSG00000100345	22675	89149
ENSG00000100346	142	22
ENSG00000100347	2729	5862
ENSG00000100348	2779	7029
ENSG00000100350	3907	2235
ENSG00000100351	37	124
ENSG00000100353	7738	6830
ENSG00000100354	22652	19067
ENSG00000100359	2175	2982
ENSG00000100360	2417	1556
ENSG00000100362	0	4
ENSG00000100364	1311	3614
ENSG00000100365	58	568
ENSG00000100368	115	1254
ENSG00000100372	1178	588
ENSG00000100373	1	6
ENSG00000100376	1757	1792
ENSG00000100379	882	957
ENSG00000100380	16323	13386
ENSG00000100385	104	324
ENSG00000100387	2029	2842
ENSG00000100393	19732	17348
ENSG00000100395	2415	3161
ENSG00000100399	104	695
ENSG00000100401	2975	5555
ENSG00000100403	11677	14285
ENSG00000100410	1027	1042
ENSG00000100412	13675	120337
ENSG00000100413	3493	3126
ENSG00000100416	2390	2860
ENSG00000100417	997	1341
ENSG00000100418	2456	8124
ENSG00000100422	3612	12489
ENSG00000100425	3704	4884
ENSG00000100426	2624	2470
ENSG00000100427	22	74
ENSG00000100429	1115	782
ENSG00000100433	84	31
ENSG00000100439	468	2984
ENSG00000100441	5482	5802
ENSG00000100442	2752	3039
ENSG00000100445	1713	3120
ENSG00000100448	2	105
ENSG00000100450	6	66
ENSG00000100453	6	68
ENSG00000100461	3309	4025
ENSG00000100462	4155	4836
ENSG00000100473	99	79
ENSG00000100478	1763	1824
ENSG00000100479	1139	131
ENSG00000100483	670	441
ENSG00000100485	4809	4705
ENSG00000100490	1867	965
ENSG00000100503	5567	3540
ENSG00000100504	2382	1935
ENSG00000100505	169	240
ENSG00000100519	2993	3048
ENSG00000100522	3311	1789
ENSG00000100523	6094	2641
ENSG00000100526	492	81
ENSG00000100528	6053	4768
ENSG00000100532	554	730
ENSG00000100554	1492	4876
ENSG00000100557	55	67
ENSG00000100558	67	18
ENSG00000100564	768	1019
ENSG00000100565	16	114
ENSG00000100567	3811	3723
ENSG00000100568	2878	6611
ENSG00000100575	1606	832
ENSG00000100577	716	706
ENSG00000100578	4908	1673
ENSG00000100580	3369	4283
ENSG00000100583	155	81
ENSG00000100591	2635	5047
ENSG00000100592	5521	4486
ENSG00000100593	3	12
ENSG00000100596	4521	4178
ENSG00000100599	904	4697
ENSG00000100600	2280	10540
ENSG00000100601	665	1281
ENSG00000100603	2125	1848
ENSG00000100604	20	66
ENSG00000100605	1430	10340
ENSG00000100612	841	1841
ENSG00000100614	10111	15629
ENSG00000100625	17539	336
ENSG00000100626	911	16607
ENSG00000100628	1999	10440
ENSG00000100629	1149	201
ENSG00000100632	2650	3776
ENSG00000100644	9938	6277
ENSG00000100647	3019	7793
ENSG00000100650	11604	11480
ENSG00000100652	79	46
ENSG00000100664	8103	15893
ENSG00000100665	0	0
ENSG00000100678	28	43
ENSG00000100697	11158	6349
ENSG00000100711	1566	2761
ENSG00000100714	9624	7609
ENSG00000100721	52	25
ENSG00000100722	5618	3959
ENSG00000100726	2334	2116
ENSG00000100731	11540	18581
ENSG00000100739	54	76
ENSG00000100744	411	645
ENSG00000100749	4010	1354
ENSG00000100764	2024	4354
ENSG00000100767	480	942
ENSG00000100784	3317	2286
ENSG00000100796	6254	3713
ENSG00000100804	2758	5133
ENSG00000100811	8103	9337
ENSG00000100813	17228	12351
ENSG00000100814	2352	2830
ENSG00000100815	7005	2233
ENSG00000100823	7090	4455
ENSG00000100836	9042	5963
ENSG00000100842	543	1223
ENSG00000100852	16972	11380
ENSG00000100865	1524	2446
ENSG00000100867	179	145
ENSG00000100883	3314	2947
ENSG00000100884	16	47
ENSG00000100888	11554	8446
ENSG00000100889	430	952
ENSG00000100890	2548	1809
ENSG00000100897	2387	7832
ENSG00000100902	2788	4924
ENSG00000100906	3532	7918
ENSG00000100908	344	590
ENSG00000100911	1296	1696
ENSG00000100916	969	911
ENSG00000100918	579	565
ENSG00000100926	1662	2874
ENSG00000100934	6534	10465
ENSG00000100938	2079	1591
ENSG00000100941	5380	1103
ENSG00000100949	965	1831
ENSG00000100968	11648	2492
ENSG00000100979	567	20857
ENSG00000100982	2913	4404
ENSG00000100983	1832	1908
ENSG00000100985	974	687
ENSG00000100987	78	76
ENSG00000100991	4010	5953
ENSG00000100994	11348	37050
ENSG00000100997	1643	3216
ENSG00000101000	368	1120
ENSG00000101003	1397	300
ENSG00000101004	1909	1217
ENSG00000101017	289	912
ENSG00000101019	3912	7105
ENSG00000101040	3353	4802
ENSG00000101049	133	200
ENSG00000101052	1076	692
ENSG00000101057	1164	50
ENSG00000101074	26	23
ENSG00000101076	275	146
ENSG00000101079	3168	3267
ENSG00000101082	67	150
ENSG00000101084	694	2435
ENSG00000101096	1712	2534
ENSG00000101098	159	82
ENSG00000101104	2978	242
ENSG00000101109	5667	3377
ENSG00000101115	105	63
ENSG00000101126	15102	7221
ENSG00000101132	1060	842
ENSG00000101134	111	829
ENSG00000101138	2193	2339
ENSG00000101144	7017	1442
ENSG00000101146	1818	1459
ENSG00000101150	5551	8908
ENSG00000101152	2618	10898
ENSG00000101158	3016	2495
ENSG00000101160	2528	12283
ENSG00000101161	5050	8276
ENSG00000101162	82	82
ENSG00000101166	2521	3555
ENSG00000101180	64	6
ENSG00000101181	1560	2680
ENSG00000101182	2380	7235
ENSG00000101187	162	6403
ENSG00000101188	238	10
ENSG00000101189	841	1324
ENSG00000101190	1063	917
ENSG00000101191	9305	10679
ENSG00000101193	3200	3866
ENSG00000101194	70	266
ENSG00000101197	2	6
ENSG00000101198	22	2
ENSG00000101199	2899	3525
ENSG00000101200	0	3
ENSG00000101203	86	42
ENSG00000101204	241	31
ENSG00000101210	22881	111713
ENSG00000101213	101	117
ENSG00000101216	1102	1659
ENSG00000101222	12	38
ENSG00000101224	5309	1788
ENSG00000101230	128	325
ENSG00000101236	3272	3268
ENSG00000101246	1739	3703
ENSG00000101247	1037	2041
ENSG00000101251	9	26
ENSG00000101255	557	352
ENSG00000101265	2137	1449
ENSG00000101266	14997	17244
ENSG00000101276	102	1048
ENSG00000101278	7	10
ENSG00000101280	131	133
ENSG00000101282	13	98
ENSG00000101290	5282	29463
ENSG00000101292	156	213
ENSG00000101294	5985	6602
ENSG00000101298	264	2395
ENSG00000101306	31	53
ENSG00000101307	380	307
ENSG00000101310	1742	1860
ENSG00000101311	218	322
ENSG00000101323	0	2
ENSG00000101327	11	0
ENSG00000101331	148	1418
ENSG00000101333	2788	2605
ENSG00000101335	22504	119465
ENSG00000101336	114	999
ENSG00000101337	5724	8061
ENSG00000101342	184	215
ENSG00000101343	2293	1528
ENSG00000101346	4844	7191
ENSG00000101347	2709	9086
ENSG00000101349	2	9
ENSG00000101350	3060	3021
ENSG00000101353	492	383
ENSG00000101361	4005	2501
ENSG00000101363	1198	1811
ENSG00000101365	2807	8754
ENSG00000101367	4449	8338
ENSG00000101384	2608	10623
ENSG00000101391	1207	2126
ENSG00000101400	3667	20382
ENSG00000101405	3	23
ENSG00000101407	2388	2064
ENSG00000101412	1028	97
ENSG00000101413	4116	7827
ENSG00000101417	1500	1748
ENSG00000101421	1921	7361
ENSG00000101425	2	25
ENSG00000101435	0	0
ENSG00000101438	0	0
ENSG00000101439	2595	34393
ENSG00000101440	57	326
ENSG00000101441	0	4
ENSG00000101442	507	496
ENSG00000101443	13	65
ENSG00000101444	8306	6051
ENSG00000101445	564	641
ENSG00000101446	1	2
ENSG00000101447	1025	181
ENSG00000101448	261	164
ENSG00000101452	1452	1856
ENSG00000101457	742	1335
ENSG00000101460	760	3605
ENSG00000101463	887	3242
ENSG00000101464	1237	1737
ENSG00000101470	6	19
ENSG00000101473	1007	2256
ENSG00000101474	2395	4123
ENSG00000101489	179	42
ENSG00000101493	5323	4647
ENSG00000101542	36	58
ENSG00000101544	2677	3241
ENSG00000101546	2905	1699
ENSG00000101557	5167	5894
ENSG00000101558	8919	17217
ENSG00000101574	1261	731
ENSG00000101577	4041	3252
ENSG00000101596	19874	7316
ENSG00000101605	32802	126044
ENSG00000101608	8051	95201
ENSG00000101624	969	456
ENSG00000101638	905	1971
ENSG00000101639	8527	6711
ENSG00000101654	4518	3898
ENSG00000101665	1853	4327
ENSG00000101670	1356	778
ENSG00000101680	361	334
ENSG00000101695	2604	981
ENSG00000101745	6368	2545
ENSG00000101746	1	36
ENSG00000101751	4372	1424
ENSG00000101752	14583	5429
ENSG00000101773	1451	373
ENSG00000101782	3204	4522
ENSG00000101811	672	650
ENSG00000101812	33	13
ENSG00000101825	5974	4436
ENSG00000101842	12	11
ENSG00000101843	862	1000
ENSG00000101844	399	870
ENSG00000101846	1311	1877
ENSG00000101849	6171	3934
ENSG00000101850	26	19
ENSG00000101856	2543	2331
ENSG00000101868	3736	1542
ENSG00000101871	4237	4481
ENSG00000101882	1438	1031
ENSG00000101883	37	7
ENSG00000101888	1500	222
ENSG00000101890	2	0
ENSG00000101892	85	75
ENSG00000101898	231	130
ENSG00000101901	4992	2934
ENSG00000101911	1269	571
ENSG00000101916	41	198
ENSG00000101928	760	1999
ENSG00000101935	1979	473
ENSG00000101938	6788	961
ENSG00000101940	3294	8418
ENSG00000101945	688	615
ENSG00000101951	8	7
ENSG00000101955	1019	5892
ENSG00000101958	51	0
ENSG00000101966	6296	4685
ENSG00000101972	14008	3589
ENSG00000101974	3378	969
ENSG00000101977	80	46
ENSG00000101981	4	0
ENSG00000101986	1909	2820
ENSG00000101997	554	1332
ENSG00000102001	42	45
ENSG00000102003	577	346
ENSG00000102007	5012	4071
ENSG00000102010	173	173
ENSG00000102021	1	0
ENSG00000102024	2810	2814
ENSG00000102030	2514	2666
ENSG00000102032	230	767
ENSG00000102034	3136	1995
ENSG00000102038	7524	2866
ENSG00000102043	154	102
ENSG00000102048	88	88
ENSG00000102053	792	391
ENSG00000102054	3841	5194
ENSG00000102055	0	0
ENSG00000102057	309	151
ENSG00000102076	0	0
ENSG00000102078	498	398
ENSG00000102081	5502	2995
ENSG00000102096	253	592
ENSG00000102098	1621	213
ENSG00000102100	491	1179
ENSG00000102103	2183	2569
ENSG00000102104	5	4
ENSG00000102109	534	146
ENSG00000102119	1867	5536
ENSG00000102125	1316	2498
ENSG00000102128	62	11
ENSG00000102144	10772	29886
ENSG00000102145	29	9
ENSG00000102158	3714	10710
ENSG00000102172	2318	3781
ENSG00000102174	53	41
ENSG00000102178	1639	5032
ENSG00000102181	3136	11965
ENSG00000102189	6278	2859
ENSG00000102195	0	0
ENSG00000102218	915	703
ENSG00000102221	1332	1200
ENSG00000102225	5470	14203
ENSG00000102226	6112	8755
ENSG00000102230	262	142
ENSG00000102239	34	0
ENSG00000102241	2402	3506
ENSG00000102243	0	1
ENSG00000102245	28	47
ENSG00000102265	521	10467
ENSG00000102271	198	109
ENSG00000102287	2244	4142
ENSG00000102290	97	60
ENSG00000102302	3236	1583
ENSG00000102309	800	484
ENSG00000102312	532	1190
ENSG00000102313	5	3
ENSG00000102316	8986	9677
ENSG00000102317	8341	9094
ENSG00000102349	2651	1519
ENSG00000102359	325	3123
ENSG00000102362	773	704
ENSG00000102383	1438	722
ENSG00000102384	1233	268
ENSG00000102385	76	77
ENSG00000102387	57	23
ENSG00000102390	569	386
ENSG00000102393	883	568
ENSG00000102401	3608	5707
ENSG00000102409	1991	2990
ENSG00000102445	1445	892
ENSG00000102452	303	1516
ENSG00000102466	108	772
ENSG00000102468	122	48
ENSG00000102471	2724	3940
ENSG00000102524	185	163
ENSG00000102531	13142	5951
ENSG00000102539	10	14
ENSG00000102543	633	445
ENSG00000102547	589	1529
ENSG00000102554	364	1109
ENSG00000102572	5022	9303
ENSG00000102575	429	377
ENSG00000102580	2994	5753
ENSG00000102595	5535	1833
ENSG00000102606	6248	9737
ENSG00000102678	1121	491
ENSG00000102683	804	7987
ENSG00000102699	5353	4744
ENSG00000102710	4947	2206
ENSG00000102738	1349	1249
ENSG00000102743	2008	843
ENSG00000102753	4485	5697
ENSG00000102755	4031	13522
ENSG00000102760	525	2932
ENSG00000102763	6416	9812
ENSG00000102780	12454	3132
ENSG00000102781	4296	5919
ENSG00000102786	9757	5027
ENSG00000102794	0	0
ENSG00000102796	520	601
ENSG00000102802	130	1759
ENSG00000102804	11765	20335
ENSG00000102805	4737	3696
ENSG00000102837	57	163
ENSG00000102854	110	807
ENSG00000102858	6797	9382
ENSG00000102870	3869	9487
ENSG00000102871	426	628
ENSG00000102878	2006	837
ENSG00000102879	358	1237
ENSG00000102882	2079	6168
ENSG00000102886	313	189
ENSG00000102890	347	255
ENSG00000102891	0	0
ENSG00000102893	6212	7262
ENSG00000102897	1562	2978
ENSG00000102898	3595	5699
ENSG00000102900	1984	2434
ENSG00000102901	2923	1927
ENSG00000102904	106	37
ENSG00000102908	19320	9885
ENSG00000102910	11223	15813
ENSG00000102921	4607	3961
ENSG00000102924	234	358
ENSG00000102931	1754	5573
ENSG00000102934	814	1130
ENSG00000102935	4177	2351
ENSG00000102962	119	114
ENSG00000102967	1597	1620
ENSG00000102970	3	1
ENSG00000102974	4236	3482
ENSG00000102977	661	829
ENSG00000102978	2130	4014
ENSG00000102981	46	140
ENSG00000102984	507	352
ENSG00000102996	3447	9458
ENSG00000103005	1046	2793
ENSG00000103018	4021	5197
ENSG00000103023	5	4
ENSG00000103024	725	656
ENSG00000103034	10303	90874
ENSG00000103035	1975	5380
ENSG00000103037	2326	1453
ENSG00000103042	1295	4771
ENSG00000103043	2082	4485
ENSG00000103044	382	192
ENSG00000103047	1876	2398
ENSG00000103051	2764	3881
ENSG00000103056	294	337
ENSG00000103061	1148	2154
ENSG00000103064	4714	11270
ENSG00000103066	943	4143
ENSG00000103067	490	244
ENSG00000103089	3	30
ENSG00000103091	4156	3437
ENSG00000103111	1823	3375
ENSG00000103121	2389	2927
ENSG00000103126	2155	2569
ENSG00000103145	993	2970
ENSG00000103148	3431	4462
ENSG00000103150	2451	11634
ENSG00000103152	1435	2495
ENSG00000103154	101	57
ENSG00000103160	1977	2640
ENSG00000103168	4336	2639
ENSG00000103174	388	892
ENSG00000103175	2327	700
ENSG00000103184	805	2809
ENSG00000103187	2454	2392
ENSG00000103194	4330	6620
ENSG00000103196	1092	7688
ENSG00000103197	8070	12074
ENSG00000103199	1830	1571
ENSG00000103202	5912	4463
ENSG00000103222	3877	8496
ENSG00000103226	4905	12122
ENSG00000103227	877	976
ENSG00000103241	431	87
ENSG00000103245	1121	2288
ENSG00000103248	1253	1343
ENSG00000103249	3071	5485
ENSG00000103253	1008	835
ENSG00000103254	335	1031
ENSG00000103257	1358	2254
ENSG00000103260	1047	2191
ENSG00000103264	2906	8636
ENSG00000103266	1820	6866
ENSG00000103269	236	114
ENSG00000103274	801	2756
ENSG00000103275	4492	8808
ENSG00000103310	8	8
ENSG00000103313	140	365
ENSG00000103316	58	8559
ENSG00000103319	6416	9001
ENSG00000103326	3496	4505
ENSG00000103335	9101	8302
ENSG00000103342	9586	11821
ENSG00000103343	830	1002
ENSG00000103351	2092	1607
ENSG00000103353	7273	7727
ENSG00000103355	1	2
ENSG00000103356	2698	4396
ENSG00000103363	2884	8168
ENSG00000103365	7014	6827
ENSG00000103375	4	6
ENSG00000103381	749	2036
ENSG00000103404	3766	11180
ENSG00000103415	1474	6776
ENSG00000103423	3415	9137
ENSG00000103426	16	26
ENSG00000103429	2305	3469
ENSG00000103449	78	118
ENSG00000103460	25	13
ENSG00000103472	120	323
ENSG00000103479	11377	8018
ENSG00000103485	2926	3075
ENSG00000103489	917	2500
ENSG00000103490	203	216
ENSG00000103494	2902	318
ENSG00000103495	12544	6027
ENSG00000103496	1260	1920
ENSG00000103502	2199	7813
ENSG00000103507	2415	8006
ENSG00000103510	2547	4566
ENSG00000103512	6277	18298
ENSG00000103522	142	177
ENSG00000103528	237	175
ENSG00000103534	91	71
ENSG00000103540	3179	832
ENSG00000103544	5022	4866
ENSG00000103546	122	120
ENSG00000103549	6269	6809
ENSG00000103550	1976	1621
ENSG00000103569	16	277
ENSG00000103591	944	2082
ENSG00000103599	248	202
ENSG00000103642	740	1901
ENSG00000103647	799	1772
ENSG00000103653	3119	4061
ENSG00000103657	14481	21349
ENSG00000103671	1027	966
ENSG00000103707	761	1493
ENSG00000103710	928	2782
ENSG00000103723	566	324
ENSG00000103740	469	482
ENSG00000103742	1216	663
ENSG00000103769	5423	8620
ENSG00000103811	2019	4722
ENSG00000103852	2209	1717
ENSG00000103855	3044	5895
ENSG00000103876	880	1923
ENSG00000103888	981	961
ENSG00000103932	2234	4190
ENSG00000103942	2785	4182
ENSG00000103966	2703	15206
ENSG00000103978	3187	2615
ENSG00000103994	19979	131987
ENSG00000103995	1752	317
ENSG00000104043	231	621
ENSG00000104044	1363	14
ENSG00000104047	2845	1589
ENSG00000104055	19	17
ENSG00000104064	1219	865
ENSG00000104067	14849	23891
ENSG00000104081	1579	513
ENSG00000104093	9575	2177
ENSG00000104112	107	40
ENSG00000104129	999	1115
ENSG00000104131	4098	3044
ENSG00000104133	10709	10272
ENSG00000104140	15	2
ENSG00000104142	1253	4801
ENSG00000104147	211	56
ENSG00000104154	2269	1294
ENSG00000104164	8486	5923
ENSG00000104177	3076	1547
ENSG00000104205	832	908
ENSG00000104213	64	543
ENSG00000104218	7055	3712
ENSG00000104219	1074	2333
ENSG00000104221	418	750
ENSG00000104228	1602	2749
ENSG00000104231	3064	1384
ENSG00000104237	90	67
ENSG00000104267	163	868
ENSG00000104290	812	817
ENSG00000104299	1527	1703
ENSG00000104312	579	845
ENSG00000104313	230	1731
ENSG00000104320	6046	2416
ENSG00000104321	84	45
ENSG00000104324	2026	2965
ENSG00000104325	3750	11910
ENSG00000104327	164	33
ENSG00000104331	7370	18856
ENSG00000104332	9783	11197
ENSG00000104341	9132	30015
ENSG00000104343	3475	4539
ENSG00000104356	1128	460
ENSG00000104361	1022	1367
ENSG00000104365	2945	3334
ENSG00000104368	597	2622
ENSG00000104369	1096	4361
ENSG00000104371	0	0
ENSG00000104375	3414	2460
ENSG00000104381	1419	769
ENSG00000104388	5613	13195
ENSG00000104408	33929	8759
ENSG00000104412	1982	1434
ENSG00000104413	88	29
ENSG00000104415	799	258
ENSG00000104419	5771	21043
ENSG00000104427	3155	605
ENSG00000104432	607	49
ENSG00000104435	15	28
ENSG00000104442	2874	2472
ENSG00000104447	70583	4820
ENSG00000104450	146	328
ENSG00000104472	1274	2315
ENSG00000104490	974	2268
ENSG00000104497	962	401
ENSG00000104499	0	0
ENSG00000104517	18245	11905
ENSG00000104518	1515	1958
ENSG00000104522	1141	1843
ENSG00000104524	640	538
ENSG00000104529	11973	21079
ENSG00000104537	370	132
ENSG00000104549	1984	825
ENSG00000104611	695	391
ENSG00000104613	3098	2821
ENSG00000104626	1509	807
ENSG00000104635	4312	33043
ENSG00000104643	3055	5153
ENSG00000104660	2247	6968
ENSG00000104671	1172	2548
ENSG00000104679	860	2960
ENSG00000104687	3474	7050
ENSG00000104689	121	751
ENSG00000104691	924	541
ENSG00000104695	3057	7165
ENSG00000104714	1196	1298
ENSG00000104722	1	10
ENSG00000104723	4072	3371
ENSG00000104728	2153	5904
ENSG00000104731	1608	1849
ENSG00000104738	5001	3224
ENSG00000104755	0	0
ENSG00000104756	3230	6685
ENSG00000104760	0	4
ENSG00000104763	8456	49260
ENSG00000104765	9083	5656
ENSG00000104774	2179	4039
ENSG00000104783	9	99
ENSG00000104804	13	13
ENSG00000104805	8617	30657
ENSG00000104808	11	3
ENSG00000104812	6084	32270
ENSG00000104814	104	286
ENSG00000104818	0	0
ENSG00000104823	3804	37362
ENSG00000104824	13127	13727
ENSG00000104825	520	1706
ENSG00000104826	67	34
ENSG00000104827	10	11
ENSG00000104833	552	181
ENSG00000104835	1386	1352
ENSG00000104848	237	294
ENSG00000104852	16858	8330
ENSG00000104853	4901	17073
ENSG00000104856	405	1373
ENSG00000104859	3085	2774
ENSG00000104863	169	634
ENSG00000104866	2184	3128
ENSG00000104870	2913	7378
ENSG00000104872	1338	1423
ENSG00000104879	19690	389981
ENSG00000104880	2066	2487
ENSG00000104881	819	22425
ENSG00000104883	117	132
ENSG00000104884	1698	1757
ENSG00000104885	6138	4714
ENSG00000104886	1336	2384
ENSG00000104888	2349	492
ENSG00000104889	808	360
ENSG00000104892	144	85
ENSG00000104894	1259	1079
ENSG00000104897	6188	4956
ENSG00000104899	244	35
ENSG00000104901	67	19
ENSG00000104903	185	676
ENSG00000104904	6469	26353
ENSG00000104907	2342	1390
ENSG00000104915	1003	1285
ENSG00000104918	6	56
ENSG00000104921	7	33
ENSG00000104936	6471	25851
ENSG00000104938	9	31
ENSG00000104941	28	17
ENSG00000104946	2729	6398
ENSG00000104951	62	99
ENSG00000104953	42	57
ENSG00000104957	1773	2089
ENSG00000104960	6977	6517
ENSG00000104964	9969	56507
ENSG00000104967	1036	2048
ENSG00000104969	4396	9894
ENSG00000104972	130	255
ENSG00000104973	3374	8906
ENSG00000104974	23	81
ENSG00000104976	772	970
ENSG00000104980	1854	4070
ENSG00000104983	667	642
ENSG00000104998	814	992
ENSG00000105011	606	58
ENSG00000105048	602	1145
ENSG00000105053	1830	2685
ENSG00000105058	1572	2025
ENSG00000105063	4823	10808
ENSG00000105085	1088	1217
ENSG00000105088	424	572
ENSG00000105122	68	220
ENSG00000105127	2726	3774
ENSG00000105131	19	30
ENSG00000105135	2113	8730
ENSG00000105136	1304	774
ENSG00000105137	2754	3540
ENSG00000105141	114	79
ENSG00000105143	759	470
ENSG00000105146	61	121
ENSG00000105171	687	1453
ENSG00000105173	194	189
ENSG00000105176	5504	2687
ENSG00000105185	1088	945
ENSG00000105186	3193	3639
ENSG00000105193	29001	26090
ENSG00000105197	3297	5541
ENSG00000105198	0	0
ENSG00000105202	7084	2370
ENSG00000105204	1760	3604
ENSG00000105205	1	4
ENSG00000105219	5	15
ENSG00000105220	22701	63969
ENSG00000105221	10301	15386
ENSG00000105223	8309	16074
ENSG00000105227	688	923
ENSG00000105229	2117	2011
ENSG00000105245	2492	2547
ENSG00000105246	23	95
ENSG00000105248	664	1166
ENSG00000105251	161	208
ENSG00000105254	2352	2982
ENSG00000105255	528	21
ENSG00000105258	782	2562
ENSG00000105261	36	29
ENSG00000105270	4765	1554
ENSG00000105278	107	85
ENSG00000105281	2470	3419
ENSG00000105287	2206	3064
ENSG00000105289	38	34
ENSG00000105290	1212	1718
ENSG00000105298	2039	2294
ENSG00000105321	1341	2171
ENSG00000105323	18458	22061
ENSG00000105325	3571	4243
ENSG00000105327	744	359
ENSG00000105329	1393	4567
ENSG00000105339	1792	6531
ENSG00000105341	2129	8379
ENSG00000105352	5	45
ENSG00000105355	2245	2744
ENSG00000105357	1281	30975
ENSG00000105364	2035	5241
ENSG00000105366	208	109
ENSG00000105369	32	41
ENSG00000105370	0	4
ENSG00000105371	24	84
ENSG00000105372	17052	8469
ENSG00000105373	9967	10609
ENSG00000105374	30	203
ENSG00000105376	3268	71
ENSG00000105379	2076	12998
ENSG00000105383	60	272
ENSG00000105388	24	150
ENSG00000105392	127	98
ENSG00000105393	2475	4327
ENSG00000105397	5188	5435
ENSG00000105398	44	38
ENSG00000105401	5456	8956
ENSG00000105402	2862	13021
ENSG00000105404	1071	2180
ENSG00000105409	3596	76351
ENSG00000105419	3774	814
ENSG00000105426	23691	19216
ENSG00000105427	6	24
ENSG00000105428	1	0
ENSG00000105429	7012	23448
ENSG00000105438	10070	11091
ENSG00000105443	3390	3569
ENSG00000105447	2449	2858
ENSG00000105464	902	146
ENSG00000105467	10	0
ENSG00000105472	539	398
ENSG00000105479	171	144
ENSG00000105483	4765	3699
ENSG00000105486	2266	524
ENSG00000105492	69	78
ENSG00000105497	1379	616
ENSG00000105499	669	3252
ENSG00000105507	33	37
ENSG00000105509	14	274
ENSG00000105514	1529	1778
ENSG00000105516	1724	1459
ENSG00000105518	749	3286
ENSG00000105519	372	337
ENSG00000105520	1562	2187
ENSG00000105523	119	85
ENSG00000105538	788	3765
ENSG00000105550	0	0
ENSG00000105552	2323	4240
ENSG00000105556	2062	2459
ENSG00000105559	2088	3791
ENSG00000105568	12614	38015
ENSG00000105576	9436	8944
ENSG00000105583	1086	3146
ENSG00000105605	2	1
ENSG00000105607	1051	2059
ENSG00000105609	172	2432
ENSG00000105610	25	12
ENSG00000105612	1446	1533
ENSG00000105613	569	145
ENSG00000105617	233	593
ENSG00000105618	2332	3113
ENSG00000105619	663	770
ENSG00000105639	959	1518
ENSG00000105640	42623	22086
ENSG00000105641	78	68
ENSG00000105642	290	43
ENSG00000105643	895	1724
ENSG00000105647	3702	4760
ENSG00000105649	630	3362
ENSG00000105650	195	477
ENSG00000105655	6296	2117
ENSG00000105656	1219	3017
ENSG00000105662	3968	2965
ENSG00000105664	63	1214
ENSG00000105668	16	10
ENSG00000105669	2505	6181
ENSG00000105671	1681	1720
ENSG00000105672	60	12
ENSG00000105675	37	9
ENSG00000105676	1711	1884
ENSG00000105677	1278	4101
ENSG00000105679	11	11
ENSG00000105695	3	16
ENSG00000105696	2574	285
ENSG00000105697	131	954
ENSG00000105698	5046	14442
ENSG00000105699	465	1501
ENSG00000105700	2339	3710
ENSG00000105701	8538	20691
ENSG00000105705	1859	3254
ENSG00000105707	39	341
ENSG00000105708	805	300
ENSG00000105711	386	3949
ENSG00000105717	137	21
ENSG00000105722	8006	6195
ENSG00000105723	3423	6821
ENSG00000105726	3982	3678
ENSG00000105732	1399	1848
ENSG00000105737	95	960
ENSG00000105738	5516	4017
ENSG00000105750	909	256
ENSG00000105755	308	841
ENSG00000105767	594	1222
ENSG00000105771	2727	1614
ENSG00000105778	6159	4364
ENSG00000105784	104	182
ENSG00000105792	2669	1315
ENSG00000105793	2207	1550
ENSG00000105808	2974	5038
ENSG00000105810	17039	5708
ENSG00000105819	3141	3307
ENSG00000105821	1594	613
ENSG00000105825	65	294
ENSG00000105829	1210	987
ENSG00000105835	6436	32793
ENSG00000105849	1268	825
ENSG00000105851	300	708
ENSG00000105852	109	78
ENSG00000105854	3471	1994
ENSG00000105855	860	1918
ENSG00000105856	5452	4876
ENSG00000105865	602	302
ENSG00000105866	2470	1278
ENSG00000105875	1764	1635
ENSG00000105877	692	359
ENSG00000105879	2407	4237
ENSG00000105880	45	24
ENSG00000105887	8636	15460
ENSG00000105889	97	73
ENSG00000105894	643	894
ENSG00000105926	6943	842
ENSG00000105928	1646	836
ENSG00000105929	4	4
ENSG00000105939	4928	3326
ENSG00000105953	9615	113960
ENSG00000105954	1	0
ENSG00000105963	644	966
ENSG00000105967	113	151
ENSG00000105968	9773	25519
ENSG00000105971	2738	12854
ENSG00000105974	5983	28308
ENSG00000105976	255	2974
ENSG00000105982	213	102
ENSG00000105983	4795	5101
ENSG00000105989	12	50
ENSG00000105991	171	19
ENSG00000105993	6609	23851
ENSG00000105996	331	17
ENSG00000105997	3376	134
ENSG00000106003	710	1200
ENSG00000106004	1812	50
ENSG00000106006	664	6
ENSG00000106009	3000	2918
ENSG00000106012	2790	2720
ENSG00000106013	181	49
ENSG00000106018	950	3478
ENSG00000106025	1273	4483
ENSG00000106028	2520	2087
ENSG00000106031	30	1
ENSG00000106034	634	4444
ENSG00000106038	8	0
ENSG00000106049	2495	7523
ENSG00000106052	3434	4781
ENSG00000106066	1304	6648
ENSG00000106069	930	1802
ENSG00000106070	1736	5755
ENSG00000106077	437	1113
ENSG00000106078	1283	11271
ENSG00000106080	2654	1420
ENSG00000106086	1594	1090
ENSG00000106089	319	224
ENSG00000106100	1279	3597
ENSG00000106105	5442	6101
ENSG00000106113	121	462
ENSG00000106123	297	768
ENSG00000106125	1220	1292
ENSG00000106128	6	0
ENSG00000106144	4037	2853
ENSG00000106153	5340	14289
ENSG00000106178	69	150
ENSG00000106211	19752	108768
ENSG00000106236	3893	1345
ENSG00000106244	3083	6252
ENSG00000106245	794	885
ENSG00000106246	1158	1179
ENSG00000106258	1563	891
ENSG00000106261	9766	7752
ENSG00000106263	8733	9653
ENSG00000106266	1180	2220
ENSG00000106268	230	336
ENSG00000106278	429	487
ENSG00000106290	2918	4845
ENSG00000106299	5654	6959
ENSG00000106302	54	39
ENSG00000106304	3	10
ENSG00000106305	662	2430
ENSG00000106327	263	75
ENSG00000106328	6	9
ENSG00000106330	482	729
ENSG00000106331	11	15
ENSG00000106333	12230	5209
ENSG00000106336	388	209
ENSG00000106341	23	64
ENSG00000106344	7580	5570
ENSG00000106346	2103	2173
ENSG00000106348	997	2291
ENSG00000106351	812	2506
ENSG00000106355	1557	1611
ENSG00000106366	832	5185
ENSG00000106367	1342	723
ENSG00000106384	140	111
ENSG00000106392	1864	2096
ENSG00000106397	3254	4812
ENSG00000106399	472	715
ENSG00000106400	2604	4100
ENSG00000106404	1072	596
ENSG00000106410	0	0
ENSG00000106415	1714	684
ENSG00000106436	42	37
ENSG00000106443	8055	1271
ENSG00000106459	1578	1992
ENSG00000106460	8038	7823
ENSG00000106462	3809	341
ENSG00000106477	1164	857
ENSG00000106479	2066	1518
ENSG00000106483	81	475
ENSG00000106484	13756	2927
ENSG00000106511	54119	1017
ENSG00000106524	1422	1437
ENSG00000106526	223	265
ENSG00000106536	32	92
ENSG00000106537	482	1501
ENSG00000106538	215	1344
ENSG00000106541	14	26
ENSG00000106546	1284	6636
ENSG00000106554	2784	7621
ENSG00000106560	768	302
ENSG00000106565	908	3958
ENSG00000106571	14259	2329
ENSG00000106588	3018	2805
ENSG00000106591	1324	1534
ENSG00000106603	5192	4020
ENSG00000106605	538	1496
ENSG00000106608	3915	6096
ENSG00000106609	6984	9949
ENSG00000106615	3163	8609
ENSG00000106617	5058	14698
ENSG00000106624	4555	16257
ENSG00000106628	4848	7015
ENSG00000106631	26861	45720
ENSG00000106633	208	156
ENSG00000106635	1105	5847
ENSG00000106636	2444	5189
ENSG00000106638	1895	1578
ENSG00000106648	3	0
ENSG00000106665	2100	2980
ENSG00000106682	15274	25688
ENSG00000106683	2042	2443
ENSG00000106686	1461	988
ENSG00000106688	101	886
ENSG00000106689	9	17
ENSG00000106692	6233	1838
ENSG00000106701	1668	1004
ENSG00000106714	1224	2359
ENSG00000106723	8628	7335
ENSG00000106733	313	432
ENSG00000106771	7513	23412
ENSG00000106772	124	938
ENSG00000106780	1055	3551
ENSG00000106785	454	917
ENSG00000106789	159	211
ENSG00000106799	3114	3728
ENSG00000106803	1478	1888
ENSG00000106804	2816	726
ENSG00000106809	7686	710
ENSG00000106819	3086	722
ENSG00000106823	2533	624
ENSG00000106829	12614	2531
ENSG00000106852	158	700
ENSG00000106853	1775	2397
ENSG00000106868	929	1199
ENSG00000106927	20	5
ENSG00000106948	2882	3683
ENSG00000106952	26	195
ENSG00000106976	4227	1982
ENSG00000106991	6735	43733
ENSG00000106992	1077	21724
ENSG00000106993	1255	2524
ENSG00000107014	2	4
ENSG00000107018	3	1
ENSG00000107020	720	1525
ENSG00000107021	1680	3123
ENSG00000107036	7221	2945
ENSG00000107077	4549	3424
ENSG00000107099	1329	2321
ENSG00000107104	7744	25951
ENSG00000107105	53	37
ENSG00000107130	2721	1273
ENSG00000107140	1379	3824
ENSG00000107147	374	567
ENSG00000107159	482	118
ENSG00000107164	5633	5363
ENSG00000107165	46	1982
ENSG00000107175	874	1847
ENSG00000107185	4963	10414
ENSG00000107186	8763	11015
ENSG00000107187	3	0
ENSG00000107223	4164	9075
ENSG00000107242	2197	5041
ENSG00000107249	248	2014
ENSG00000107262	1552	5447
ENSG00000107263	7509	21627
ENSG00000107281	3397	5056
ENSG00000107282	1039	1268
ENSG00000107290	11294	6433
ENSG00000107295	1043	475
ENSG00000107317	5223	129013
ENSG00000107331	8704	9286
ENSG00000107338	1840	3753
ENSG00000107341	6433	11179
ENSG00000107362	961	1163
ENSG00000107371	2013	1203
ENSG00000107372	8175	18475
ENSG00000107404	3340	11701
ENSG00000107438	2805	26889
ENSG00000107443	1068	602
ENSG00000107447	0	0
ENSG00000107485	42	426
ENSG00000107518	314	480
ENSG00000107521	2663	4443
ENSG00000107537	895	7095
ENSG00000107551	1880	8208
ENSG00000107554	2118	4250
ENSG00000107560	3272	1566
ENSG00000107562	5376	13547
ENSG00000107566	2631	1367
ENSG00000107581	16979	10780
ENSG00000107593	2	2
ENSG00000107611	562	331
ENSG00000107614	1554	760
ENSG00000107625	2902	1389
ENSG00000107643	3284	2914
ENSG00000107651	5468	4353
ENSG00000107669	6074	7078
ENSG00000107672	1895	1604
ENSG00000107679	5648	4992
ENSG00000107719	2340	2214
ENSG00000107731	4987	4735
ENSG00000107736	8130	2061
ENSG00000107738	741	7507
ENSG00000107742	738	2440
ENSG00000107745	3384	3531
ENSG00000107758	6983	9462
ENSG00000107771	6995	13146
ENSG00000107779	7431	6450
ENSG00000107789	1322	726
ENSG00000107796	4615	20407
ENSG00000107798	1803	3928
ENSG00000107807	1	13
ENSG00000107815	1228	835
ENSG00000107816	3658	7228
ENSG00000107819	1608	2852
ENSG00000107821	914	566
ENSG00000107829	2209	8015
ENSG00000107831	50	43
ENSG00000107833	1174	283
ENSG00000107854	7061	3544
ENSG00000107859	13	56
ENSG00000107862	8376	19242
ENSG00000107863	5603	4970
ENSG00000107864	1562	4388
ENSG00000107872	278	905
ENSG00000107874	1727	3623
ENSG00000107882	2676	2218
ENSG00000107890	5711	1588
ENSG00000107897	3125	6294
ENSG00000107902	706	1081
ENSG00000107929	7548	13831
ENSG00000107937	1913	2435
ENSG00000107938	3269	1202
ENSG00000107949	2825	1602
ENSG00000107951	4088	3477
ENSG00000107954	914	136
ENSG00000107957	38830	21245
ENSG00000107959	3156	10198
ENSG00000107960	1410	2895
ENSG00000107968	326	2045
ENSG00000107984	4	17
ENSG00000108001	12122	2635
ENSG00000108010	3010	3073
ENSG00000108018	104	850
ENSG00000108021	6985	4359
ENSG00000108039	3694	4707
ENSG00000108055	6051	1367
ENSG00000108061	4645	4253
ENSG00000108064	3147	1682
ENSG00000108091	7092	4781
ENSG00000108094	3672	2669
ENSG00000108100	4575	9079
ENSG00000108106	2463	1934
ENSG00000108107	50834	22926
ENSG00000108175	13405	27638
ENSG00000108176	227	197
ENSG00000108179	2510	14341
ENSG00000108187	730	659
ENSG00000108219	2514	10620
ENSG00000108231	109	57
ENSG00000108239	1793	1581
ENSG00000108242	4	3
ENSG00000108244	2	7
ENSG00000108255	13	52
ENSG00000108256	15575	15084
ENSG00000108262	4122	7181
ENSG00000108298	28943	20405
ENSG00000108306	6999	5743
ENSG00000108309	89	104
ENSG00000108312	9630	8046
ENSG00000108342	3	228
ENSG00000108344	4352	8223
ENSG00000108349	8415	9565
ENSG00000108352	508	592
ENSG00000108370	380	378
ENSG00000108375	137	1031
ENSG00000108379	257	196
ENSG00000108381	1351	858
ENSG00000108384	2354	1727
ENSG00000108387	587	2985
ENSG00000108389	5006	3985
ENSG00000108395	2701	2755
ENSG00000108405	234	144
ENSG00000108406	3707	2289
ENSG00000108417	0	0
ENSG00000108423	757	598
ENSG00000108424	21528	12868
ENSG00000108433	4691	7376
ENSG00000108439	1901	4962
ENSG00000108443	5146	2389
ENSG00000108452	53	7
ENSG00000108465	4559	2610
ENSG00000108468	5604	2926
ENSG00000108469	1688	1444
ENSG00000108474	1320	949
ENSG00000108479	707	1079
ENSG00000108506	3397	2132
ENSG00000108509	2960	8502
ENSG00000108510	15043	11138
ENSG00000108511	572	86
ENSG00000108515	3963	30605
ENSG00000108518	11457	18334
ENSG00000108523	2605	6398
ENSG00000108528	2657	14268
ENSG00000108551	1382	2634
ENSG00000108556	115	809
ENSG00000108557	7226	10791
ENSG00000108559	3253	2779
ENSG00000108561	4197	5305
ENSG00000108576	980	115
ENSG00000108578	3173	1773
ENSG00000108582	4347	6067
ENSG00000108587	4653	5825
ENSG00000108588	3680	4015
ENSG00000108590	279	364
ENSG00000108591	1801	2445
ENSG00000108592	1683	2489
ENSG00000108599	2919	2130
ENSG00000108602	5	35
ENSG00000108604	4100	2721
ENSG00000108622	487	2680
ENSG00000108639	2024	10222
ENSG00000108641	1315	1093
ENSG00000108651	2418	1484
ENSG00000108654	17916	27668
ENSG00000108669	2830	5378
ENSG00000108671	4308	8742
ENSG00000108679	4158	60330
ENSG00000108684	130	3
ENSG00000108688	0	14
ENSG00000108691	78	3938
ENSG00000108700	9	123
ENSG00000108702	0	0
ENSG00000108733	485	765
ENSG00000108759	1	1
ENSG00000108771	575	460
ENSG00000108773	7508	1600
ENSG00000108774	3166	6846
ENSG00000108784	1095	1321
ENSG00000108786	126	73
ENSG00000108788	2393	7173
ENSG00000108797	7388	1831
ENSG00000108798	250	1561
ENSG00000108799	4912	7844
ENSG00000108813	9	7
ENSG00000108819	8133	7540
ENSG00000108821	266413	24542
ENSG00000108823	898	8335
ENSG00000108825	47	188
ENSG00000108826	1263	2005
ENSG00000108828	3196	12116
ENSG00000108829	3164	5417
ENSG00000108830	155	248
ENSG00000108839	391	196
ENSG00000108840	6721	14553
ENSG00000108846	212	396
ENSG00000108848	14681	2257
ENSG00000108849	0	0
ENSG00000108852	916	2793
ENSG00000108854	3673	2780
ENSG00000108861	5016	50134
ENSG00000108878	5	14
ENSG00000108883	5401	7239
ENSG00000108924	915	4432
ENSG00000108932	594	334
ENSG00000108946	25670	96005
ENSG00000108947	2666	150
ENSG00000108950	1063	2013
ENSG00000108953	21345	38939
ENSG00000108960	711	2637
ENSG00000108961	351	1019
ENSG00000108963	3598	2738
ENSG00000108984	4228	600
ENSG00000109016	597	1360
ENSG00000109046	12405	10707
ENSG00000109047	42	41
ENSG00000109061	31	95
ENSG00000109063	260	207
ENSG00000109065	1207	832
ENSG00000109066	844	2183
ENSG00000109072	70	3497
ENSG00000109079	2869	11822
ENSG00000109083	916	520
ENSG00000109084	2238	416
ENSG00000109089	890	4049
ENSG00000109099	11186	18688
ENSG00000109101	1	2
ENSG00000109103	873	1299
ENSG00000109107	3336	16826
ENSG00000109111	9774	14365
ENSG00000109113	2691	1660
ENSG00000109118	5517	5835
ENSG00000109132	8	6
ENSG00000109133	6487	7738
ENSG00000109158	2296	2707
ENSG00000109163	1482	43
ENSG00000109171	5084	8537
ENSG00000109180	5603	5776
ENSG00000109181	39	64
ENSG00000109182	0	1
ENSG00000109184	5747	3362
ENSG00000109189	6784	7040
ENSG00000109193	263	13
ENSG00000109205	1	3
ENSG00000109208	0	0
ENSG00000109220	1107	1034
ENSG00000109255	30	0
ENSG00000109265	154	70
ENSG00000109270	1953	2433
ENSG00000109272	1	3
ENSG00000109320	4342	4155
ENSG00000109321	119	795
ENSG00000109323	1531	3814
ENSG00000109332	17153	25985
ENSG00000109339	2200	1582
ENSG00000109381	4898	3393
ENSG00000109390	1427	5907
ENSG00000109424	7	68
ENSG00000109436	3578	3731
ENSG00000109445	1500	6452
ENSG00000109452	3161	5296
ENSG00000109458	10936	10463
ENSG00000109466	465	1198
ENSG00000109471	0	2
ENSG00000109472	983	5025
ENSG00000109475	17699	5645
ENSG00000109501	2152	20309
ENSG00000109511	25	6
ENSG00000109519	1252	4219
ENSG00000109534	965	615
ENSG00000109536	723	509
ENSG00000109572	6641	10308
ENSG00000109576	177	267
ENSG00000109586	942	600
ENSG00000109606	11538	6277
ENSG00000109610	287	6128
ENSG00000109618	1882	1010
ENSG00000109625	72	225
ENSG00000109654	3987	2792
ENSG00000109667	181	415
ENSG00000109670	3521	5363
ENSG00000109674	617	29
ENSG00000109680	1442	1043
ENSG00000109684	56	36
ENSG00000109685	11560	8652
ENSG00000109686	3122	20976
ENSG00000109689	2393	1172
ENSG00000109705	5	2
ENSG00000109736	1994	1773
ENSG00000109738	292	1001
ENSG00000109743	398	389
ENSG00000109756	6229	7633
ENSG00000109758	88	20
ENSG00000109762	1224	1257
ENSG00000109771	846	805
ENSG00000109775	1549	2114
ENSG00000109787	3928	5911
ENSG00000109790	2399	2446
ENSG00000109794	604	1054
ENSG00000109805	1784	49
ENSG00000109814	2744	2291
ENSG00000109819	4299	15138
ENSG00000109832	115	67
ENSG00000109846	16049	220221
ENSG00000109851	1	0
ENSG00000109854	59	701
ENSG00000109861	4007	5427
ENSG00000109881	584	119
ENSG00000109906	10088	28973
ENSG00000109911	4073	1635
ENSG00000109917	1957	2750
ENSG00000109919	2272	5336
ENSG00000109920	12110	4614
ENSG00000109927	422	599
ENSG00000109929	2124	2880
ENSG00000109943	24	19
ENSG00000109944	248	240
ENSG00000109956	756	160
ENSG00000109971	32818	64722
ENSG00000109991	177	364
ENSG00000110002	535	733
ENSG00000110011	1995	3617
ENSG00000110013	1192	7019
ENSG00000110025	1347	1835
ENSG00000110031	452	717
ENSG00000110042	684	1174
ENSG00000110046	2494	4688
ENSG00000110047	2293	7135
ENSG00000110048	4352	7314
ENSG00000110057	450	1424
ENSG00000110060	404	278
ENSG00000110063	1922	2284
ENSG00000110066	5790	2066
ENSG00000110074	2049	2479
ENSG00000110075	12665	10712
ENSG00000110076	1893	668
ENSG00000110077	702	2111
ENSG00000110079	342	1453
ENSG00000110080	2248	4457
ENSG00000110090	10387	16684
ENSG00000110092	13842	25027
ENSG00000110104	1767	1754
ENSG00000110107	4518	4890
ENSG00000110108	3388	10499
ENSG00000110148	1	0
ENSG00000110169	67	31
ENSG00000110171	1148	1392
ENSG00000110172	4656	2118
ENSG00000110195	5	20
ENSG00000110200	637	1257
ENSG00000110203	1	49
ENSG00000110218	1301	2239
ENSG00000110237	8504	21437
ENSG00000110243	0	2
ENSG00000110244	1	0
ENSG00000110245	1	4
ENSG00000110274	3687	1591
ENSG00000110315	1101	3389
ENSG00000110318	1660	304
ENSG00000110321	30358	63660
ENSG00000110324	253	2282
ENSG00000110328	1895	2916
ENSG00000110330	4040	3349
ENSG00000110344	6584	11728
ENSG00000110367	19816	23035
ENSG00000110375	14	13
ENSG00000110395	5254	6152
ENSG00000110400	2936	2574
ENSG00000110422	17374	50364
ENSG00000110427	183	82
ENSG00000110429	3868	5140
ENSG00000110435	2440	8922
ENSG00000110436	3335	1128
ENSG00000110442	1334	2466
ENSG00000110446	545	1981
ENSG00000110448	90	164
ENSG00000110455	1846	863
ENSG00000110484	0	0
ENSG00000110492	8940	777
ENSG00000110497	3943	5234
ENSG00000110514	5182	8280
ENSG00000110536	956	1392
ENSG00000110583	2340	2561
ENSG00000110619	1969	3610
ENSG00000110628	580	1074
ENSG00000110651	9612	38792
ENSG00000110660	139	231
ENSG00000110675	146	201
ENSG00000110680	0	12
ENSG00000110693	1805	4247
ENSG00000110697	1444	7323
ENSG00000110700	22790	15178
ENSG00000110711	1857	2795
ENSG00000110713	10000	13948
ENSG00000110717	2323	16452
ENSG00000110719	1826	2248
ENSG00000110721	1542	1191
ENSG00000110723	351	357
ENSG00000110756	2298	2154
ENSG00000110768	3068	1764
ENSG00000110777	462	299
ENSG00000110786	195	580
ENSG00000110799	9151	133859
ENSG00000110801	1652	2157
ENSG00000110811	2465	1946
ENSG00000110841	7835	24426
ENSG00000110844	2081	3038
ENSG00000110848	42	142
ENSG00000110851	1782	2622
ENSG00000110852	186	313
ENSG00000110871	1110	1775
ENSG00000110876	149	1006
ENSG00000110880	6747	9445
ENSG00000110881	1293	208
ENSG00000110887	3	3
ENSG00000110888	2960	1665
ENSG00000110900	4433	1550
ENSG00000110906	3107	8407
ENSG00000110911	2498	3539
ENSG00000110917	8596	29838
ENSG00000110921	870	1051
ENSG00000110925	2941	3679
ENSG00000110931	5952	3999
ENSG00000110934	123	327
ENSG00000110944	32	22
ENSG00000110955	24156	183190
ENSG00000110958	10282	12902
ENSG00000110975	10	10
ENSG00000110987	2267	3505
ENSG00000111011	4460	1968
ENSG00000111012	65	23
ENSG00000111046	1	7
ENSG00000111049	0	0
ENSG00000111052	1029	1205
ENSG00000111057	368	1030
ENSG00000111058	942	3437
ENSG00000111077	5172	25647
ENSG00000111087	2405	132
ENSG00000111110	212	1862
ENSG00000111142	3590	2319
ENSG00000111144	5932	3520
ENSG00000111145	5658	4979
ENSG00000111181	59	85
ENSG00000111186	144	171
ENSG00000111196	1211	624
ENSG00000111199	367	107
ENSG00000111203	2003	1577
ENSG00000111206	2639	367
ENSG00000111215	1354	213
ENSG00000111218	40	15
ENSG00000111224	1248	849
ENSG00000111229	2994	2888
ENSG00000111231	682	1117
ENSG00000111237	2382	3066
ENSG00000111241	1	2
ENSG00000111245	49506	709004
ENSG00000111247	634	58
ENSG00000111249	6637	19
ENSG00000111252	1822	11325
ENSG00000111254	102	191
ENSG00000111261	472	1398
ENSG00000111262	176	4
ENSG00000111266	5072	4300
ENSG00000111269	2022	3337
ENSG00000111271	2785	4321
ENSG00000111275	3303	24081
ENSG00000111276	6551	5128
ENSG00000111291	7	26
ENSG00000111300	5762	4098
ENSG00000111305	235	166
ENSG00000111319	19	165
ENSG00000111321	2166	4386
ENSG00000111325	502	750
ENSG00000111328	2782	3983
ENSG00000111331	4887	5219
ENSG00000111335	832	2579
ENSG00000111339	147	308
ENSG00000111341	736	13768
ENSG00000111344	42	49
ENSG00000111348	938	4761
ENSG00000111358	1468	1224
ENSG00000111361	2666	2295
ENSG00000111364	2070	747
ENSG00000111371	6785	51591
ENSG00000111404	9	50
ENSG00000111405	32	54
ENSG00000111412	2856	2072
ENSG00000111424	61	255
ENSG00000111432	703	53
ENSG00000111445	1484	729
ENSG00000111450	2447	1773
ENSG00000111452	3489	15013
ENSG00000111481	4218	6745
ENSG00000111490	4005	232
ENSG00000111530	11849	3986
ENSG00000111536	2	1
ENSG00000111537	1	7
ENSG00000111540	8314	23592
ENSG00000111554	985	470
ENSG00000111581	2586	1282
ENSG00000111596	6702	2979
ENSG00000111602	2069	502
ENSG00000111605	12647	6120
ENSG00000111615	6552	1546
ENSG00000111639	1803	4018
ENSG00000111640	59745	196618
ENSG00000111641	1701	1776
ENSG00000111642	15644	28324
ENSG00000111644	145	77
ENSG00000111652	2441	6455
ENSG00000111653	1303	936
ENSG00000111664	551	639
ENSG00000111665	885	223
ENSG00000111666	1593	11176
ENSG00000111667	3757	6426
ENSG00000111669	16570	43001
ENSG00000111670	3212	4139
ENSG00000111671	285	426
ENSG00000111674	2456	1963
ENSG00000111676	17747	30053
ENSG00000111679	126	849
ENSG00000111684	985	8362
ENSG00000111696	4290	2059
ENSG00000111700	2	16
ENSG00000111701	0	0
ENSG00000111704	320	198
ENSG00000111707	4386	5384
ENSG00000111711	1964	2360
ENSG00000111713	6	1
ENSG00000111716	15247	54512
ENSG00000111725	1783	2011
ENSG00000111726	1078	2161
ENSG00000111727	2855	1522
ENSG00000111728	866	667
ENSG00000111729	69	57
ENSG00000111731	5856	2293
ENSG00000111732	110	79
ENSG00000111737	2398	4335
ENSG00000111752	5455	3681
ENSG00000111775	2568	3804
ENSG00000111783	116	20
ENSG00000111785	2383	1898
ENSG00000111786	3826	2433
ENSG00000111790	4050	1463
ENSG00000111796	203	32
ENSG00000111799	8921	10739
ENSG00000111801	1229	1196
ENSG00000111802	1675	1930
ENSG00000111816	2944	6654
ENSG00000111817	2677	1858
ENSG00000111832	2087	2588
ENSG00000111834	80	25
ENSG00000111837	1388	352
ENSG00000111843	2512	4108
ENSG00000111845	716	376
ENSG00000111846	1809	4246
ENSG00000111850	2874	1143
ENSG00000111859	2868	12084
ENSG00000111860	2916	1673
ENSG00000111863	43	51
ENSG00000111875	1589	1101
ENSG00000111877	1798	1262
ENSG00000111879	420	98
ENSG00000111880	2092	1582
ENSG00000111885	975	7209
ENSG00000111886	209	163
ENSG00000111897	8461	19640
ENSG00000111906	1146	1919
ENSG00000111907	502	2741
ENSG00000111911	1884	3912
ENSG00000111912	1155	1481
ENSG00000111913	1478	1354
ENSG00000111961	5082	10368
ENSG00000111962	1025	816
ENSG00000111981	97	81
ENSG00000112029	882	137
ENSG00000112031	2347	2166
ENSG00000112033	2367	4089
ENSG00000112038	656	357
ENSG00000112039	662	502
ENSG00000112041	84	46
ENSG00000112053	76	51
ENSG00000112062	4737	4624
ENSG00000112077	62	84
ENSG00000112078	9348	6161
ENSG00000112079	3058	3670
ENSG00000112081	10867	9972
ENSG00000112110	1351	2314
ENSG00000112115	0	0
ENSG00000112116	1	0
ENSG00000112118	4417	2935
ENSG00000112130	754	1010
ENSG00000112137	6686	27370
ENSG00000112139	273	554
ENSG00000112144	3278	2326
ENSG00000112146	3407	3078
ENSG00000112149	582	424
ENSG00000112159	22668	13444
ENSG00000112164	484	914
ENSG00000112167	1093	896
ENSG00000112175	1419	184
ENSG00000112182	3159	989
ENSG00000112183	10843	25984
ENSG00000112186	4384	13769
ENSG00000112195	128	82
ENSG00000112200	7369	4553
ENSG00000112208	762	2354
ENSG00000112210	817	957
ENSG00000112212	28	38
ENSG00000112214	37	429
ENSG00000112218	284	407
ENSG00000112232	33	24
ENSG00000112234	6499	3608
ENSG00000112237	3527	1922
ENSG00000112238	1	0
ENSG00000112242	2179	2113
ENSG00000112245	2168	8682
ENSG00000112246	87	35
ENSG00000112249	5941	2822
ENSG00000112273	0	0
ENSG00000112280	763	211
ENSG00000112282	4013	2175
ENSG00000112290	5602	200
ENSG00000112293	1575	577
ENSG00000112294	3385	6992
ENSG00000112297	386	878
ENSG00000112299	205	337
ENSG00000112303	10	230
ENSG00000112304	1323	1953
ENSG00000112305	2313	3550
ENSG00000112306	19848	7217
ENSG00000112309	321	130
ENSG00000112312	548	156
ENSG00000112319	281	4094
ENSG00000112320	4513	5453
ENSG00000112333	364	0
ENSG00000112335	7781	15220
ENSG00000112337	0	2
ENSG00000112339	3795	4119
ENSG00000112343	1278	1965
ENSG00000112357	559	1122
ENSG00000112365	1965	1143
ENSG00000112367	3458	1746
ENSG00000112378	1832	11452
ENSG00000112379	166	1208
ENSG00000112394	738	1092
ENSG00000112406	3174	11406
ENSG00000112414	312	460
ENSG00000112419	3451	7333
ENSG00000112425	2675	5061
ENSG00000112462	8	6
ENSG00000112473	2811	6864
ENSG00000112486	2	1
ENSG00000112494	0	0
ENSG00000112499	82	56
ENSG00000112511	1957	5709
ENSG00000112514	3338	3262
ENSG00000112530	415	470
ENSG00000112531	39169	54154
ENSG00000112541	6463	3878
ENSG00000112559	3589	282
ENSG00000112561	1144	4281
ENSG00000112562	20121	5281
ENSG00000112576	1220	5379
ENSG00000112578	1056	1078
ENSG00000112584	3904	4190
ENSG00000112592	1010	879
ENSG00000112599	205	188
ENSG00000112619	787	251
ENSG00000112624	6287	5239
ENSG00000112640	3624	5775
ENSG00000112651	1445	4130
ENSG00000112655	8776	906
ENSG00000112658	6057	20980
ENSG00000112659	3466	2847
ENSG00000112667	1334	959
ENSG00000112679	2681	5497
ENSG00000112685	2332	2310
ENSG00000112695	2245	10088
ENSG00000112697	6894	9271
ENSG00000112699	1699	670
ENSG00000112701	13680	4513
ENSG00000112706	22	10
ENSG00000112715	12938	32828
ENSG00000112742	824	8
ENSG00000112759	4637	17477
ENSG00000112761	11	1
ENSG00000112763	1109	1963
ENSG00000112769	6321	7740
ENSG00000112773	3342	8676
ENSG00000112782	1802	65379
ENSG00000112787	5515	12123
ENSG00000112796	84	472
ENSG00000112799	33	93
ENSG00000112812	103	55
ENSG00000112818	0	2
ENSG00000112837	37169	1265
ENSG00000112851	15651	5258
ENSG00000112852	3156	308
ENSG00000112855	1683	3062
ENSG00000112874	872	878
ENSG00000112877	710	282
ENSG00000112893	3024	2002
ENSG00000112902	8162	12372
ENSG00000112936	8398	44160
ENSG00000112941	3089	3256
ENSG00000112964	1100	2251
ENSG00000112972	2693	2821
ENSG00000112977	5927	3968
ENSG00000112981	219	124
ENSG00000112983	4947	2301
ENSG00000112984	1744	32
ENSG00000112992	10369	52621
ENSG00000112996	5986	11282
ENSG00000113013	11639	25151
ENSG00000113048	6696	8054
ENSG00000113068	1699	4746
ENSG00000113070	681	4768
ENSG00000113073	25	38
ENSG00000113083	1361	1736
ENSG00000113088	6	34
ENSG00000113100	108	9
ENSG00000113108	2188	889
ENSG00000113119	1119	370
ENSG00000113140	43562	50073
ENSG00000113141	2587	2772
ENSG00000113161	2592	1150
ENSG00000113163	5977	3549
ENSG00000113194	4695	3863
ENSG00000113196	367	2729
ENSG00000113205	1406	230
ENSG00000113209	680	705
ENSG00000113211	399	86
ENSG00000113212	251	177
ENSG00000113231	673	1467
ENSG00000113240	3806	1942
ENSG00000113248	1357	1316
ENSG00000113249	273	214
ENSG00000113262	407	190
ENSG00000113263	703	595
ENSG00000113269	3022	3921
ENSG00000113272	1496	568
ENSG00000113273	1802	4333
ENSG00000113282	4563	4680
ENSG00000113296	2177	7884
ENSG00000113300	3392	2931
ENSG00000113302	139	56
ENSG00000113303	67	116
ENSG00000113312	2010	3280
ENSG00000113318	2914	1505
ENSG00000113319	664	2189
ENSG00000113327	758	515
ENSG00000113328	4436	2795
ENSG00000113356	521	169
ENSG00000113360	6440	5422
ENSG00000113361	603	577
ENSG00000113368	5403	331
ENSG00000113369	3618	3368
ENSG00000113384	4267	8153
ENSG00000113387	8036	7980
ENSG00000113389	714	7281
ENSG00000113396	2989	2989
ENSG00000113407	3740	4103
ENSG00000113430	474	1679
ENSG00000113441	14066	24339
ENSG00000113448	1989	11734
ENSG00000113456	2140	2497
ENSG00000113460	1626	639
ENSG00000113492	18	1
ENSG00000113494	489	114
ENSG00000113504	7116	33790
ENSG00000113520	3	2
ENSG00000113522	6328	2343
ENSG00000113525	66	64
ENSG00000113532	442	814
ENSG00000113552	2380	2781
ENSG00000113555	1413	4450
ENSG00000113558	5743	11978
ENSG00000113569	5968	3415
ENSG00000113575	5281	13482
ENSG00000113578	1443	6219
ENSG00000113580	9555	6247
ENSG00000113593	3464	1005
ENSG00000113594	5224	9154
ENSG00000113595	2364	1148
ENSG00000113597	1746	830
ENSG00000113600	1	3
ENSG00000113615	4136	3915
ENSG00000113621	3272	6031
ENSG00000113638	1658	1725
ENSG00000113643	3249	2505
ENSG00000113645	760	313
ENSG00000113648	10838	10322
ENSG00000113649	11352	3902
ENSG00000113657	2379	9035
ENSG00000113658	9101	6224
ENSG00000113712	12608	26905
ENSG00000113716	4087	5472
ENSG00000113719	7960	13601
ENSG00000113721	3886	24053
ENSG00000113722	1	16
ENSG00000113732	1587	5313
ENSG00000113734	440	586
ENSG00000113739	1628	991
ENSG00000113742	6635	30318
ENSG00000113749	1944	10161
ENSG00000113758	6913	6364
ENSG00000113761	2264	1808
ENSG00000113763	307	65
ENSG00000113790	766	1668
ENSG00000113805	65	568
ENSG00000113810	6665	1062
ENSG00000113811	958	4930
ENSG00000113812	1987	2555
ENSG00000113838	1217	979
ENSG00000113845	1955	6038
ENSG00000113851	2624	2117
ENSG00000113889	109	24
ENSG00000113905	23	27
ENSG00000113916	4270	11844
ENSG00000113924	4	15
ENSG00000113946	17	12
ENSG00000113966	840	354
ENSG00000113971	4368	1731
ENSG00000114013	63	245
ENSG00000114019	5845	11705
ENSG00000114021	2794	2237
ENSG00000114023	3615	4638
ENSG00000114026	3178	1738
ENSG00000114030	4993	9567
ENSG00000114054	3046	6401
ENSG00000114062	17868	10460
ENSG00000114098	3366	3177
ENSG00000114107	1510	1277
ENSG00000114113	117	48
ENSG00000114115	439	611
ENSG00000114120	14149	8693
ENSG00000114124	103	91
ENSG00000114125	1477	2354
ENSG00000114126	10498	9211
ENSG00000114127	10275	3925
ENSG00000114166	1209	8436
ENSG00000114200	240	165
ENSG00000114204	1	17
ENSG00000114209	1336	1271
ENSG00000114248	59	0
ENSG00000114251	11605	848
ENSG00000114268	507	221
ENSG00000114270	905	1150
ENSG00000114279	7987	10159
ENSG00000114302	4711	12637
ENSG00000114315	1112	2546
ENSG00000114316	4673	6813
ENSG00000114331	7486	3027
ENSG00000114346	2181	370
ENSG00000114349	483	273
ENSG00000114353	8575	20980
ENSG00000114354	8051	10794
ENSG00000114374	2827	6710
ENSG00000114378	241	5317
ENSG00000114383	723	2345
ENSG00000114388	738	962
ENSG00000114391	21227	10914
ENSG00000114395	292	514
ENSG00000114416	9216	7183
ENSG00000114423	4293	10650
ENSG00000114439	7788	4419
ENSG00000114446	949	852
ENSG00000114450	5610	4597
ENSG00000114455	46	42
ENSG00000114473	888	561
ENSG00000114480	1440	10234
ENSG00000114487	2	1
ENSG00000114491	1807	1027
ENSG00000114503	3538	2404
ENSG00000114520	1958	1250
ENSG00000114541	1786	2343
ENSG00000114544	2278	3425
ENSG00000114547	70	112
ENSG00000114554	6082	13526
ENSG00000114573	3983	3400
ENSG00000114626	1203	2782
ENSG00000114631	816	315
ENSG00000114638	177	212
ENSG00000114646	160	46
ENSG00000114648	1725	2836
ENSG00000114650	5831	8346
ENSG00000114654	111	642
ENSG00000114656	657	455
ENSG00000114670	1033	308
ENSG00000114686	4510	3662
ENSG00000114698	720	2758
ENSG00000114735	2528	2407
ENSG00000114737	497	7058
ENSG00000114738	2158	36785
ENSG00000114739	2958	3275
ENSG00000114742	3800	2233
ENSG00000114744	2117	1385
ENSG00000114745	2255	4568
ENSG00000114757	100	88
ENSG00000114767	1055	1093
ENSG00000114770	8008	12844
ENSG00000114771	0	52
ENSG00000114779	3001	1704
ENSG00000114784	3365	15857
ENSG00000114786	246	146
ENSG00000114790	912	954
ENSG00000114796	10982	22992
ENSG00000114805	41	174
ENSG00000114812	205	525
ENSG00000114841	2693	2825
ENSG00000114850	6106	21197
ENSG00000114853	5029	24427
ENSG00000114854	11582	86415
ENSG00000114857	17980	5859
ENSG00000114859	917	540
ENSG00000114861	12112	8756
ENSG00000114867	24850	53624
ENSG00000114902	1667	3642
ENSG00000114904	2696	3021
ENSG00000114923	6941	49718
ENSG00000114933	7746	9008
ENSG00000114942	14902	5708
ENSG00000114948	3032	9375
ENSG00000114956	1217	1042
ENSG00000114978	8992	8811
ENSG00000114982	6454	7201
ENSG00000114988	1898	2531
ENSG00000114993	3278	1941
ENSG00000114999	6476	8044
ENSG00000115008	73	1
ENSG00000115009	30	25
ENSG00000115020	7010	5824
ENSG00000115041	128	574
ENSG00000115042	1846	2775
ENSG00000115053	21547	10818
ENSG00000115073	2427	5827
ENSG00000115084	9392	11517
ENSG00000115085	59	167
ENSG00000115091	8411	8654
ENSG00000115107	260	3023
ENSG00000115109	3736	2784
ENSG00000115112	242	291
ENSG00000115128	2642	1941
ENSG00000115129	575	775
ENSG00000115137	860	1791
ENSG00000115138	22	316
ENSG00000115145	3343	3519
ENSG00000115155	9	21
ENSG00000115159	1940	2343
ENSG00000115163	479	32
ENSG00000115165	99	317
ENSG00000115170	3335	3024
ENSG00000115183	8343	34858
ENSG00000115194	653	1876
ENSG00000115204	2339	3223
ENSG00000115207	2851	3640
ENSG00000115211	1810	2899
ENSG00000115216	4446	6634
ENSG00000115221	7	55
ENSG00000115226	77	623
ENSG00000115232	497	514
ENSG00000115233	2041	2044
ENSG00000115234	2989	6269
ENSG00000115239	2645	1458
ENSG00000115241	4348	4011
ENSG00000115252	173	1231
ENSG00000115255	168	352
ENSG00000115257	74	74
ENSG00000115263	0	0
ENSG00000115266	924	680
ENSG00000115267	236	600
ENSG00000115268	25812	18950
ENSG00000115271	230	825
ENSG00000115274	1472	1271
ENSG00000115275	2600	3021
ENSG00000115282	2165	1368
ENSG00000115286	2390	14229
ENSG00000115289	551	695
ENSG00000115290	41	677
ENSG00000115295	6817	10099
ENSG00000115297	8	0
ENSG00000115306	42489	156390
ENSG00000115307	3617	4769
ENSG00000115310	9880	16965
ENSG00000115317	748	1441
ENSG00000115318	201	825
ENSG00000115325	165	508
ENSG00000115339	16	32
ENSG00000115350	646	723
ENSG00000115353	441	196
ENSG00000115355	17567	2615
ENSG00000115361	348	284
ENSG00000115363	65	91
ENSG00000115364	6430	8000
ENSG00000115365	8405	8088
ENSG00000115368	4133	1316
ENSG00000115380	423	6858
ENSG00000115386	0	59
ENSG00000115392	15242	4087
ENSG00000115414	91030	86638
ENSG00000115415	5971	7126
ENSG00000115419	8973	8934
ENSG00000115421	2698	1561
ENSG00000115423	344	128
ENSG00000115425	653	533
ENSG00000115446	1156	1562
ENSG00000115457	5131	5531
ENSG00000115459	1227	1468
ENSG00000115461	30217	63255
ENSG00000115464	26544	12262
ENSG00000115468	216	3650
ENSG00000115474	966	313
ENSG00000115484	9674	6712
ENSG00000115486	4196	4885
ENSG00000115488	0	0
ENSG00000115504	4688	1720
ENSG00000115507	6	3
ENSG00000115514	810	900
ENSG00000115520	744	3106
ENSG00000115523	80	246
ENSG00000115524	23877	13502
ENSG00000115525	1646	1698
ENSG00000115526	1721	1088
ENSG00000115539	371	636
ENSG00000115540	2681	4357
ENSG00000115541	2233	2879
ENSG00000115548	6561	4287
ENSG00000115556	452	293
ENSG00000115561	4550	11083
ENSG00000115568	3488	6179
ENSG00000115590	17	367
ENSG00000115592	3	11
ENSG00000115593	15823	52199
ENSG00000115594	1488	7454
ENSG00000115596	11	172
ENSG00000115598	29	55
ENSG00000115602	162	5259
ENSG00000115604	84	468
ENSG00000115607	9	119
ENSG00000115616	6	16
ENSG00000115641	21008	65170
ENSG00000115648	151	4634
ENSG00000115649	2070	6145
ENSG00000115652	2087	1704
ENSG00000115657	3068	1413
ENSG00000115661	564	925
ENSG00000115665	12	24
ENSG00000115677	31869	51706
ENSG00000115685	1317	2563
ENSG00000115687	882	300
ENSG00000115694	5594	6513
ENSG00000115705	130	2831
ENSG00000115718	73	47
ENSG00000115738	4557	2887
ENSG00000115750	1952	421
ENSG00000115756	1475	3307
ENSG00000115758	1872	6535
ENSG00000115760	28263	15614
ENSG00000115761	5195	4118
ENSG00000115762	2092	7137
ENSG00000115806	4129	7849
ENSG00000115808	9974	11669
ENSG00000115816	2846	775
ENSG00000115825	16775	2116
ENSG00000115827	3126	1279
ENSG00000115828	1101	127
ENSG00000115839	6737	6919
ENSG00000115840	3441	12151
ENSG00000115841	407	246
ENSG00000115844	102	8
ENSG00000115850	15	5
ENSG00000115866	5156	4154
ENSG00000115875	5669	3279
ENSG00000115884	1519	84
ENSG00000115896	3136	12006
ENSG00000115902	2191	2586
ENSG00000115904	14028	6847
ENSG00000115919	2466	1355
ENSG00000115935	4718	6065
ENSG00000115942	3730	2696
ENSG00000115944	4084	6333
ENSG00000115946	1075	1368
ENSG00000115947	4369	2507
ENSG00000115956	171	1238
ENSG00000115963	994	1512
ENSG00000115966	5790	3336
ENSG00000115970	5927	4125
ENSG00000115977	11190	33793
ENSG00000115993	6490	20330
ENSG00000116001	11062	2965
ENSG00000116005	3044	12164
ENSG00000116014	56	2
ENSG00000116016	6218	86911
ENSG00000116017	1960	1028
ENSG00000116030	3803	3682
ENSG00000116031	3	75
ENSG00000116032	97	94
ENSG00000116035	70	70
ENSG00000116039	63	54
ENSG00000116044	4501	5806
ENSG00000116062	6356	2631
ENSG00000116095	4118	7913
ENSG00000116096	99	2434
ENSG00000116106	4578	2903
ENSG00000116117	3484	2233
ENSG00000116120	3278	3120
ENSG00000116127	10890	4223
ENSG00000116128	4508	4470
ENSG00000116132	3563	7756
ENSG00000116133	1081	4022
ENSG00000116138	3157	4757
ENSG00000116141	2029	3263
ENSG00000116147	654	84
ENSG00000116151	1007	593
ENSG00000116157	2864	605
ENSG00000116161	3122	1919
ENSG00000116171	4528	6497
ENSG00000116176	79	52
ENSG00000116183	33	140
ENSG00000116191	3007	1194
ENSG00000116194	554	646
ENSG00000116198	2894	5070
ENSG00000116199	5646	9668
ENSG00000116205	2776	1411
ENSG00000116209	6306	11240
ENSG00000116212	563	1020
ENSG00000116213	726	1154
ENSG00000116218	4	0
ENSG00000116221	3441	6346
ENSG00000116237	4224	11109
ENSG00000116251	25871	10173
ENSG00000116254	146	189
ENSG00000116260	2764	12430
ENSG00000116266	2944	1580
ENSG00000116273	1822	1948
ENSG00000116285	684	1657
ENSG00000116288	3189	7232
ENSG00000116299	507	217
ENSG00000116329	573	360
ENSG00000116337	3093	1622
ENSG00000116350	6356	6762
ENSG00000116353	1615	2201
ENSG00000116396	1783	2686
ENSG00000116406	5045	3211
ENSG00000116455	2024	2946
ENSG00000116459	5557	19898
ENSG00000116473	2904	6040
ENSG00000116478	2406	2964
ENSG00000116489	6176	4765
ENSG00000116497	4110	2421
ENSG00000116514	893	2456
ENSG00000116521	1508	5262
ENSG00000116525	587	867
ENSG00000116539	21656	14727
ENSG00000116544	57	98
ENSG00000116560	29220	21490
ENSG00000116574	930	1476
ENSG00000116580	6119	5915
ENSG00000116584	6576	10867
ENSG00000116586	556	1608
ENSG00000116604	6729	25170
ENSG00000116641	8823	2635
ENSG00000116649	2207	4513
ENSG00000116661	175	236
ENSG00000116663	194	785
ENSG00000116668	863	651
ENSG00000116670	731	1086
ENSG00000116675	752	1234
ENSG00000116678	1183	1588
ENSG00000116679	6147	7803
ENSG00000116685	2792	4965
ENSG00000116688	10014	100885
ENSG00000116690	407	6409
ENSG00000116691	689	1113
ENSG00000116698	7042	10503
ENSG00000116701	195	936
ENSG00000116703	71	21
ENSG00000116704	1882	2224
ENSG00000116711	55	230
ENSG00000116717	476	2573
ENSG00000116721	0	0
ENSG00000116726	1	0
ENSG00000116729	4957	9319
ENSG00000116731	6429	9550
ENSG00000116741	230	591
ENSG00000116745	3	1
ENSG00000116747	8639	4770
ENSG00000116748	1	0
ENSG00000116750	2571	1946
ENSG00000116752	970	1126
ENSG00000116754	16753	3678
ENSG00000116761	299	238
ENSG00000116771	282	204
ENSG00000116774	750	2149
ENSG00000116783	3129	5633
ENSG00000116785	0	2
ENSG00000116786	4009	15597
ENSG00000116791	1175	1452
ENSG00000116793	1692	1694
ENSG00000116809	1106	2339
ENSG00000116815	412	967
ENSG00000116819	253	118
ENSG00000116824	4	66
ENSG00000116830	3169	1386
ENSG00000116833	5370	372
ENSG00000116852	276	365
ENSG00000116857	1620	1605
ENSG00000116863	776	1232
ENSG00000116871	7821	51821
ENSG00000116874	1319	1202
ENSG00000116882	13	3
ENSG00000116885	520	607
ENSG00000116898	1438	3722
ENSG00000116903	1759	3166
ENSG00000116906	2541	4421
ENSG00000116918	2397	2842
ENSG00000116954	1891	3230
ENSG00000116962	31250	31040
ENSG00000116977	6474	7543
ENSG00000116981	571	8871
ENSG00000116983	18	204
ENSG00000116984	13081	16989
ENSG00000116985	227	473
ENSG00000116990	62	154
ENSG00000116991	5655	17136
ENSG00000116996	0	0
ENSG00000117000	4296	1818
ENSG00000117009	301	181
ENSG00000117010	378	252
ENSG00000117013	125	427
ENSG00000117016	159	483
ENSG00000117020	12443	4490
ENSG00000117036	3361	4536
ENSG00000117054	4191	7989
ENSG00000117069	37	128
ENSG00000117090	5	93
ENSG00000117091	23	127
ENSG00000117114	10163	7919
ENSG00000117115	100	132
ENSG00000117118	2183	13458
ENSG00000117122	2541	365
ENSG00000117133	1074	1581
ENSG00000117139	15154	4333
ENSG00000117143	1876	4028
ENSG00000117148	17	0
ENSG00000117151	1441	1376
ENSG00000117152	160	372
ENSG00000117153	2601	3281
ENSG00000117154	652	202
ENSG00000117155	1061	552
ENSG00000117174	2720	1203
ENSG00000117215	44	34
ENSG00000117222	2224	2105
ENSG00000117226	154	401
ENSG00000117228	235	679
ENSG00000117242	1071	2453
ENSG00000117245	72	554
ENSG00000117262	1258	993
ENSG00000117266	2727	27293
ENSG00000117280	1037	1859
ENSG00000117281	216	140
ENSG00000117298	4867	17806
ENSG00000117305	1044	2409
ENSG00000117308	513	496
ENSG00000117318	1498	5620
ENSG00000117322	83	59
ENSG00000117335	8893	10040
ENSG00000117360	3799	2655
ENSG00000117362	5203	7328
ENSG00000117385	3476	1519
ENSG00000117394	3267	4097
ENSG00000117395	899	1084
ENSG00000117399	1029	62
ENSG00000117400	122	423
ENSG00000117407	105	48
ENSG00000117408	1528	9856
ENSG00000117410	1232	3321
ENSG00000117411	2649	4223
ENSG00000117419	2491	3780
ENSG00000117425	322	170
ENSG00000117448	2506	2070
ENSG00000117450	4194	11089
ENSG00000117461	3331	8719
ENSG00000117472	42	111
ENSG00000117475	1576	857
ENSG00000117477	220	34
ENSG00000117479	831	4532
ENSG00000117480	1029	438
ENSG00000117481	2499	2873
ENSG00000117500	2664	8079
ENSG00000117501	231	7
ENSG00000117505	6900	7044
ENSG00000117519	7155	9744
ENSG00000117523	34999	12789
ENSG00000117525	2886	4098
ENSG00000117528	4662	5885
ENSG00000117533	2440	1042
ENSG00000117543	2279	1270
ENSG00000117560	22	25
ENSG00000117569	5959	2316
ENSG00000117586	374	148
ENSG00000117592	7494	24646
ENSG00000117593	2000	2592
ENSG00000117594	7	282
ENSG00000117595	192	6686
ENSG00000117597	2388	1354
ENSG00000117598	1	0
ENSG00000117600	69	162
ENSG00000117601	10	8
ENSG00000117602	1063	1756
ENSG00000117614	1471	948
ENSG00000117616	6503	2161
ENSG00000117620	3160	2145
ENSG00000117625	9061	6254
ENSG00000117632	7472	1263
ENSG00000117640	3464	13086
ENSG00000117643	3900	3688
ENSG00000117650	473	73
ENSG00000117676	686	722
ENSG00000117682	2442	4387
ENSG00000117691	835	3779
ENSG00000117697	2921	2287
ENSG00000117707	3017	13485
ENSG00000117713	27986	23205
ENSG00000117724	6900	126
ENSG00000117748	1953	2265
ENSG00000117751	1921	2330
ENSG00000117758	3103	4280
ENSG00000117791	717	2204
ENSG00000117834	309	267
ENSG00000117859	4779	3943
ENSG00000117862	1113	1821
ENSG00000117868	7174	20386
ENSG00000117877	845	677
ENSG00000117899	2898	3657
ENSG00000117906	4607	2626
ENSG00000117971	96	76
ENSG00000117983	81	597
ENSG00000117984	6885	100335
ENSG00000118004	363	599
ENSG00000118007	7725	3669
ENSG00000118017	7	2
ENSG00000118046	2798	6205
ENSG00000118058	23564	16241
ENSG00000118094	177	583
ENSG00000118096	1705	1923
ENSG00000118113	1	234
ENSG00000118137	155	1916
ENSG00000118156	22	115
ENSG00000118160	99	36
ENSG00000118162	398	380
ENSG00000118181	20636	9756
ENSG00000118193	1288	32
ENSG00000118194	41690	228073
ENSG00000118197	1377	1069
ENSG00000118200	8655	4162
ENSG00000118217	6275	5922
ENSG00000118231	0	0
ENSG00000118242	253	116
ENSG00000118245	14	4
ENSG00000118246	3062	5496
ENSG00000118257	28346	2650
ENSG00000118260	6572	3653
ENSG00000118263	4937	5538
ENSG00000118271	174	74
ENSG00000118276	1377	759
ENSG00000118298	998	813
ENSG00000118307	62	25
ENSG00000118308	57	82
ENSG00000118322	429	279
ENSG00000118363	2920	4261
ENSG00000118369	647	1403
ENSG00000118402	57	64
ENSG00000118407	8463	13542
ENSG00000118412	3025	854
ENSG00000118418	2014	3810
ENSG00000118420	1748	572
ENSG00000118432	23	146
ENSG00000118434	0	0
ENSG00000118454	3103	2110
ENSG00000118473	1260	855
ENSG00000118482	15569	3002
ENSG00000118491	36	3
ENSG00000118492	142	158
ENSG00000118495	1778	2093
ENSG00000118496	2194	3489
ENSG00000118503	840	2214
ENSG00000118507	716	905
ENSG00000118508	104	383
ENSG00000118513	51	22
ENSG00000118514	102	81
ENSG00000118515	2043	4685
ENSG00000118518	1937	4423
ENSG00000118520	69	65
ENSG00000118523	4509	11114
ENSG00000118526	1565	2722
ENSG00000118557	177	25
ENSG00000118564	5447	10550
ENSG00000118579	10142	5841
ENSG00000118596	3649	34538
ENSG00000118600	2381	1659
ENSG00000118620	1941	877
ENSG00000118640	57	469
ENSG00000118655	805	561
ENSG00000118680	4259	7083
ENSG00000118689	13515	14462
ENSG00000118690	838	1047
ENSG00000118702	0	32
ENSG00000118705	5943	9371
ENSG00000118707	4763	1910
ENSG00000118729	10808	88357
ENSG00000118733	8	0
ENSG00000118762	3723	3284
ENSG00000118777	465	672
ENSG00000118785	2328	722
ENSG00000118804	787	6878
ENSG00000118816	31139	57995
ENSG00000118849	201	864
ENSG00000118855	2322	3269
ENSG00000118873	7170	3980
ENSG00000118894	295	719
ENSG00000118898	339	2739
ENSG00000118900	3889	11555
ENSG00000118922	6661	4271
ENSG00000118939	644	621
ENSG00000118946	1063	1031
ENSG00000118960	1752	3260
ENSG00000118961	1168	566
ENSG00000118965	4658	986
ENSG00000118971	52458	123053
ENSG00000118972	223	224
ENSG00000118985	865	5347
ENSG00000118997	304	308
ENSG00000119004	3239	3793
ENSG00000119013	1332	6402
ENSG00000119041	3299	1651
ENSG00000119042	321	449
ENSG00000119048	3394	8953
ENSG00000119121	98	119
ENSG00000119125	176	152
ENSG00000119138	5479	11202
ENSG00000119139	3710	13414
ENSG00000119147	81	244
ENSG00000119185	2772	3124
ENSG00000119203	1736	1171
ENSG00000119227	374	621
ENSG00000119231	4785	3999
ENSG00000119242	2410	6893
ENSG00000119283	30	26
ENSG00000119285	8505	2871
ENSG00000119314	6516	5650
ENSG00000119318	10523	18074
ENSG00000119321	5140	5289
ENSG00000119326	1206	2042
ENSG00000119328	773	841
ENSG00000119333	1484	2375
ENSG00000119335	23671	17025
ENSG00000119383	6024	14098
ENSG00000119392	3166	3721
ENSG00000119396	5643	10509
ENSG00000119397	5704	1045
ENSG00000119401	2050	2132
ENSG00000119402	6765	7605
ENSG00000119403	2033	1756
ENSG00000119408	5012	2983
ENSG00000119411	281	309
ENSG00000119414	2897	8163
ENSG00000119421	1320	7054
ENSG00000119431	611	1443
ENSG00000119440	0	4
ENSG00000119446	2049	3090
ENSG00000119457	33	34
ENSG00000119471	3122	13316
ENSG00000119487	3845	8540
ENSG00000119508	1964	8563
ENSG00000119509	3313	1259
ENSG00000119514	300	96
ENSG00000119522	3183	4616
ENSG00000119523	1418	2191
ENSG00000119535	375	1376
ENSG00000119537	4177	4977
ENSG00000119541	2759	1910
ENSG00000119547	152	23
ENSG00000119574	867	2104
ENSG00000119596	14521	11732
ENSG00000119599	1238	767
ENSG00000119608	415	130
ENSG00000119614	0	1
ENSG00000119616	2066	2781
ENSG00000119630	1232	679
ENSG00000119632	130	874
ENSG00000119636	475	212
ENSG00000119638	9941	15463
ENSG00000119640	514	381
ENSG00000119650	1067	1127
ENSG00000119655	1840	4124
ENSG00000119661	2161	2505
ENSG00000119669	4961	9232
ENSG00000119673	1325	8210
ENSG00000119681	2280	13276
ENSG00000119682	2572	5047
ENSG00000119684	4690	1408
ENSG00000119685	4518	2497
ENSG00000119686	198	388
ENSG00000119688	3013	2750
ENSG00000119689	4652	20048
ENSG00000119698	20	22
ENSG00000119699	6302	4600
ENSG00000119703	570	1070
ENSG00000119705	1037	2032
ENSG00000119707	13734	4390
ENSG00000119711	4017	11482
ENSG00000119714	200	342
ENSG00000119715	313	916
ENSG00000119718	1540	1831
ENSG00000119720	3023	2618
ENSG00000119723	1262	2712
ENSG00000119725	1806	1918
ENSG00000119729	11179	36083
ENSG00000119737	172	325
ENSG00000119760	3175	3960
ENSG00000119771	2920	1058
ENSG00000119772	9262	5088
ENSG00000119777	3191	5682
ENSG00000119778	6397	3077
ENSG00000119782	33	96
ENSG00000119787	3468	3385
ENSG00000119801	2093	3925
ENSG00000119812	2983	5288
ENSG00000119820	6086	7728
ENSG00000119844	2020	1287
ENSG00000119862	905	1683
ENSG00000119865	2287	1358
ENSG00000119866	1959	2436
ENSG00000119878	4173	3174
ENSG00000119888	55	59
ENSG00000119899	587	1747
ENSG00000119900	1223	3175
ENSG00000119906	6242	2887
ENSG00000119912	3639	4620
ENSG00000119913	0	0
ENSG00000119915	0	27
ENSG00000119917	618	724
ENSG00000119919	1	4
ENSG00000119922	540	348
ENSG00000119927	2675	6418
ENSG00000119929	641	1196
ENSG00000119938	6503	22840
ENSG00000119943	614	951
ENSG00000119946	266	59
ENSG00000119950	6152	7491
ENSG00000119953	2195	2873
ENSG00000119969	8673	405
ENSG00000119973	15	20
ENSG00000119977	2515	2255
ENSG00000119979	1685	1393
ENSG00000119986	125	767
ENSG00000120008	5687	2654
ENSG00000120029	2318	8336
ENSG00000120049	931	33582
ENSG00000120051	110	92
ENSG00000120053	2990	44762
ENSG00000120054	1	3
ENSG00000120057	132	353
ENSG00000120063	6519	4973
ENSG00000120068	7	2
ENSG00000120071	14545	12244
ENSG00000120075	2298	29
ENSG00000120088	1048	3
ENSG00000120093	9551	552
ENSG00000120094	0	0
ENSG00000120129	8055	22987
ENSG00000120137	10921	7096
ENSG00000120149	46	228
ENSG00000120156	1089	5055
ENSG00000120158	1990	1282
ENSG00000120159	1448	853
ENSG00000120160	78	2
ENSG00000120162	2901	842
ENSG00000120210	276	179
ENSG00000120211	162	101
ENSG00000120215	362	124
ENSG00000120217	396	1547
ENSG00000120235	0	0
ENSG00000120242	0	0
ENSG00000120251	49	10
ENSG00000120253	3029	3616
ENSG00000120254	1326	1473
ENSG00000120256	1140	1998
ENSG00000120262	124	120
ENSG00000120265	1696	6889
ENSG00000120278	1804	4088
ENSG00000120279	838	2232
ENSG00000120280	48	42
ENSG00000120289	0	0
ENSG00000120306	797	4867
ENSG00000120314	2292	2630
ENSG00000120318	1104	3728
ENSG00000120322	180	282
ENSG00000120324	839	149
ENSG00000120327	1031	673
ENSG00000120328	422	243
ENSG00000120329	32	22
ENSG00000120332	71	71
ENSG00000120333	1360	1351
ENSG00000120334	1087	390
ENSG00000120337	56	31
ENSG00000120341	477	1561
ENSG00000120370	1639	789
ENSG00000120436	0	0
ENSG00000120437	376	283
ENSG00000120438	7155	8067
ENSG00000120440	46	5
ENSG00000120451	6483	16024
ENSG00000120457	1900	1578
ENSG00000120458	1855	684
ENSG00000120471	297	7
ENSG00000120498	5	3
ENSG00000120500	105	50
ENSG00000120509	1362	1677
ENSG00000120519	1600	684
ENSG00000120526	1614	967
ENSG00000120533	1395	1527
ENSG00000120539	1046	350
ENSG00000120549	2715	11287
ENSG00000120563	0	0
ENSG00000120594	2797	4678
ENSG00000120616	6368	3405
ENSG00000120645	128	535
ENSG00000120647	915	256
ENSG00000120656	1882	1983
ENSG00000120658	1216	744
ENSG00000120659	18	7
ENSG00000120662	1061	469
ENSG00000120664	239	112
ENSG00000120669	109	42
ENSG00000120675	1575	3608
ENSG00000120685	2527	3432
ENSG00000120686	3778	2857
ENSG00000120688	953	848
ENSG00000120690	2012	3558
ENSG00000120693	1707	1268
ENSG00000120694	4965	3167
ENSG00000120696	2135	951
ENSG00000120697	2192	1124
ENSG00000120699	3365	1232
ENSG00000120705	4111	8138
ENSG00000120708	3733	12291
ENSG00000120709	4231	6229
ENSG00000120725	1523	2527
ENSG00000120727	3794	5328
ENSG00000120729	303	1010
ENSG00000120733	10551	14509
ENSG00000120738	11522	11432
ENSG00000120742	6836	4089
ENSG00000120756	110	206
ENSG00000120784	2381	466
ENSG00000120798	2925	1920
ENSG00000120800	4620	2466
ENSG00000120802	9941	2628
ENSG00000120805	4594	7330
ENSG00000120820	3194	518
ENSG00000120832	1859	1049
ENSG00000120833	628	1764
ENSG00000120837	2079	2277
ENSG00000120860	736	1162
ENSG00000120868	3985	1233
ENSG00000120875	169	1195
ENSG00000120885	3458	16956
ENSG00000120889	2909	3242
ENSG00000120896	3905	11114
ENSG00000120899	483	1616
ENSG00000120903	102	79
ENSG00000120907	243	6235
ENSG00000120910	1297	4302
ENSG00000120913	1004	1574
ENSG00000120915	1086	2392
ENSG00000120925	1732	1029
ENSG00000120937	7113	34028
ENSG00000120942	1235	2386
ENSG00000120948	8712	7941
ENSG00000120949	20	188
ENSG00000120952	0	0
ENSG00000120963	2926	3540
ENSG00000120992	3397	5539
ENSG00000121005	9306	170
ENSG00000121022	2776	4281
ENSG00000121039	1636	3941
ENSG00000121053	24	14
ENSG00000121057	4094	27862
ENSG00000121058	1100	781
ENSG00000121060	5242	4194
ENSG00000121064	750	3563
ENSG00000121067	3755	3847
ENSG00000121068	1310	4224
ENSG00000121073	1204	2968
ENSG00000121075	307	35
ENSG00000121089	9	5
ENSG00000121101	221	99
ENSG00000121104	828	1743
ENSG00000121152	1551	336
ENSG00000121207	68	65
ENSG00000121210	2997	3670
ENSG00000121211	181	2
ENSG00000121236	345	170
ENSG00000121270	149	131
ENSG00000121274	1565	1157
ENSG00000121281	1047	1750
ENSG00000121289	2858	1747
ENSG00000121297	2361	1450
ENSG00000121310	6845	5126
ENSG00000121314	12	1
ENSG00000121316	1611	2387
ENSG00000121318	160	12
ENSG00000121335	17	12
ENSG00000121350	1015	1019
ENSG00000121351	14	4
ENSG00000121361	1104	7564
ENSG00000121377	9	0
ENSG00000121380	180	76
ENSG00000121381	8	2
ENSG00000121390	5048	2727
ENSG00000121406	1792	855
ENSG00000121410	606	345
ENSG00000121413	5204	6931
ENSG00000121417	1523	849
ENSG00000121440	3126	11308
ENSG00000121446	91	39
ENSG00000121454	1046	245
ENSG00000121481	2923	1493
ENSG00000121486	2663	2090
ENSG00000121542	1144	967
ENSG00000121552	10	68
ENSG00000121570	159	104
ENSG00000121577	7589	47490
ENSG00000121578	1282	1226
ENSG00000121579	7455	7018
ENSG00000121594	31	28
ENSG00000121621	1003	50
ENSG00000121634	0	0
ENSG00000121644	4458	4251
ENSG00000121653	455	1133
ENSG00000121671	2822	17926
ENSG00000121680	456	983
ENSG00000121690	318	46
ENSG00000121691	3172	12550
ENSG00000121716	3093	2216
ENSG00000121741	14240	6912
ENSG00000121742	43	8
ENSG00000121743	1409	4071
ENSG00000121749	3664	1899
ENSG00000121753	6492	3680
ENSG00000121764	59	89
ENSG00000121766	982	3149
ENSG00000121769	11048	145909
ENSG00000121774	13364	12348
ENSG00000121775	1076	839
ENSG00000121797	26	167
ENSG00000121807	15	79
ENSG00000121851	606	1915
ENSG00000121853	3	2
ENSG00000121858	208	844
ENSG00000121864	2681	2648
ENSG00000121871	104	15
ENSG00000121879	6243	3240
ENSG00000121892	14245	6205
ENSG00000121895	59	38
ENSG00000121897	1920	1606
ENSG00000121898	787	1776
ENSG00000121900	115	681
ENSG00000121903	1302	1360
ENSG00000121904	6229	273
ENSG00000121905	10	10
ENSG00000121931	1099	642
ENSG00000121933	19	79
ENSG00000121940	8161	6193
ENSG00000121957	3128	646
ENSG00000121964	2379	2020
ENSG00000121966	671	994
ENSG00000121988	1759	364
ENSG00000121989	1509	1601
ENSG00000122008	4427	1353
ENSG00000122012	298	122
ENSG00000122025	16	26
ENSG00000122026	18579	7153
ENSG00000122033	981	1880
ENSG00000122034	2846	7545
ENSG00000122035	68	513
ENSG00000122042	3035	3248
ENSG00000122068	4810	8652
ENSG00000122085	3195	2025
ENSG00000122121	47	415
ENSG00000122122	113	642
ENSG00000122126	3259	3153
ENSG00000122133	10	10
ENSG00000122136	1	0
ENSG00000122140	1821	4376
ENSG00000122145	4	8
ENSG00000122176	1152	6771
ENSG00000122180	49	16
ENSG00000122188	212	152
ENSG00000122194	290	243
ENSG00000122203	3290	9174
ENSG00000122218	12343	20490
ENSG00000122223	9	51
ENSG00000122224	247	381
ENSG00000122254	79	194
ENSG00000122257	7791	4173
ENSG00000122299	3630	3608
ENSG00000122304	12	0
ENSG00000122335	1109	1052
ENSG00000122359	5379	52884
ENSG00000122367	45742	253062
ENSG00000122375	46	132
ENSG00000122376	2511	816
ENSG00000122378	2751	9297
ENSG00000122386	668	822
ENSG00000122390	2573	6486
ENSG00000122406	35593	13187
ENSG00000122417	3867	1019
ENSG00000122420	61	284
ENSG00000122432	355	193
ENSG00000122435	2658	737
ENSG00000122477	1586	2541
ENSG00000122481	779	516
ENSG00000122482	7878	2298
ENSG00000122483	1850	472
ENSG00000122484	11427	4550
ENSG00000122490	1151	3024
ENSG00000122507	3645	1873
ENSG00000122512	3617	1417
ENSG00000122515	5023	10756
ENSG00000122543	10	0
ENSG00000122545	12546	5074
ENSG00000122547	766	1508
ENSG00000122548	44	13
ENSG00000122550	3310	8956
ENSG00000122557	2538	2882
ENSG00000122565	5899	2497
ENSG00000122566	36041	23057
ENSG00000122574	148	3064
ENSG00000122584	1	4
ENSG00000122585	4	5
ENSG00000122592	662	9
ENSG00000122641	17679	435
ENSG00000122642	5580	15308
ENSG00000122643	1768	1064
ENSG00000122644	413	897
ENSG00000122674	2788	1827
ENSG00000122678	1801	2374
ENSG00000122679	100	3888
ENSG00000122687	727	1112
ENSG00000122691	64	201
ENSG00000122692	4103	5976
ENSG00000122694	548	1716
ENSG00000122696	966	1599
ENSG00000122705	3633	3990
ENSG00000122707	1772	1534
ENSG00000122711	2	9
ENSG00000122728	41	29
ENSG00000122729	2725	11069
ENSG00000122733	49	103
ENSG00000122735	24	49
ENSG00000122741	4350	3231
ENSG00000122756	1947	982
ENSG00000122778	3676	1408
ENSG00000122779	4402	2320
ENSG00000122783	1070	2752
ENSG00000122786	12238	9124
ENSG00000122787	29	23
ENSG00000122824	127	23
ENSG00000122852	37	19
ENSG00000122859	0	8
ENSG00000122861	224	1704
ENSG00000122862	668	4449
ENSG00000122863	2065	9036
ENSG00000122870	3848	2023
ENSG00000122873	1387	3469
ENSG00000122877	148	641
ENSG00000122882	2298	2193
ENSG00000122884	8340	5581
ENSG00000122912	2060	3091
ENSG00000122952	1072	76
ENSG00000122958	2453	2019
ENSG00000122965	3186	3937
ENSG00000122966	4171	690
ENSG00000122970	2395	1036
ENSG00000122971	469	7501
ENSG00000122986	271	2110
ENSG00000123064	3769	6323
ENSG00000123066	27234	16194
ENSG00000123080	1099	974
ENSG00000123091	4500	14636
ENSG00000123094	2997	2253
ENSG00000123095	351	2963
ENSG00000123096	5498	3903
ENSG00000123104	1784	3235
ENSG00000123106	2199	2078
ENSG00000123119	496	1522
ENSG00000123124	3682	7515
ENSG00000123130	2524	6435
ENSG00000123131	1114	1601
ENSG00000123136	1580	2027
ENSG00000123143	5019	18627
ENSG00000123144	4840	6881
ENSG00000123146	2103	6543
ENSG00000123154	408	411
ENSG00000123159	2018	4507
ENSG00000123165	0	0
ENSG00000123171	6	2
ENSG00000123178	600	1908
ENSG00000123179	2538	350
ENSG00000123191	2430	2100
ENSG00000123200	7957	3019
ENSG00000123213	3292	1542
ENSG00000123219	1565	110
ENSG00000123240	2661	9398
ENSG00000123243	1216	6629
ENSG00000123268	1989	1144
ENSG00000123297	986	2615
ENSG00000123307	0	0
ENSG00000123329	306	429
ENSG00000123338	520	2207
ENSG00000123342	391	1232
ENSG00000123349	6485	6765
ENSG00000123352	4300	1115
ENSG00000123353	449	1002
ENSG00000123358	9383	27334
ENSG00000123360	171	1102
ENSG00000123364	3	0
ENSG00000123374	2177	1435
ENSG00000123384	43863	153132
ENSG00000123388	1	0
ENSG00000123395	647	1253
ENSG00000123405	63	111
ENSG00000123407	1	0
ENSG00000123411	1143	2169
ENSG00000123415	810	940
ENSG00000123416	26289	32260
ENSG00000123427	1080	491
ENSG00000123444	722	1556
ENSG00000123453	274	196
ENSG00000123454	78	21
ENSG00000123472	2673	13414
ENSG00000123473	1431	187
ENSG00000123485	1221	72
ENSG00000123496	3	7
ENSG00000123500	229	565
ENSG00000123505	5862	9271
ENSG00000123545	1100	3139
ENSG00000123552	3273	1125
ENSG00000123560	379	874
ENSG00000123561	0	0
ENSG00000123562	7182	10514
ENSG00000123569	1	0
ENSG00000123570	987	2739
ENSG00000123572	1318	405
ENSG00000123575	2753	3553
ENSG00000123576	0	0
ENSG00000123584	4	0
ENSG00000123594	0	1
ENSG00000123595	636	1195
ENSG00000123600	3064	1207
ENSG00000123607	8191	2780
ENSG00000123609	269	157
ENSG00000123610	39	310
ENSG00000123612	39	514
ENSG00000123636	11763	3034
ENSG00000123643	1377	1403
ENSG00000123684	4117	6136
ENSG00000123685	27	165
ENSG00000123689	249	8005
ENSG00000123700	2094	8950
ENSG00000123728	1866	2747
ENSG00000123737	1477	619
ENSG00000123739	2681	5914
ENSG00000123810	211	275
ENSG00000123815	3027	3790
ENSG00000123836	1269	21868
ENSG00000123838	83	20
ENSG00000123843	381	331
ENSG00000123892	14	23
ENSG00000123901	198	181
ENSG00000123908	12232	19323
ENSG00000123933	5047	5200
ENSG00000123975	765	97
ENSG00000123977	195	65
ENSG00000123983	3468	5881
ENSG00000123989	1698	17458
ENSG00000123992	2023	5307
ENSG00000123999	166	336
ENSG00000124003	12	70
ENSG00000124006	8453	23046
ENSG00000124019	200	201
ENSG00000124067	5136	13602
ENSG00000124074	421	943
ENSG00000124089	0	0
ENSG00000124091	193	176
ENSG00000124092	933	411
ENSG00000124098	2245	5605
ENSG00000124102	4	13
ENSG00000124103	3	4
ENSG00000124104	1319	3501
ENSG00000124107	23	947
ENSG00000124116	64	75
ENSG00000124120	2416	1822
ENSG00000124126	4121	4845
ENSG00000124134	82	45
ENSG00000124140	103	63
ENSG00000124143	1	1
ENSG00000124145	1064	19157
ENSG00000124151	7046	8195
ENSG00000124155	4799	19189
ENSG00000124157	0	1
ENSG00000124159	25	3
ENSG00000124160	2732	2677
ENSG00000124164	6670	12261
ENSG00000124171	915	1488
ENSG00000124172	3379	9417
ENSG00000124177	9892	6767
ENSG00000124181	9107	8250
ENSG00000124191	415	213
ENSG00000124193	15775	10588
ENSG00000124194	239	500
ENSG00000124196	1	0
ENSG00000124198	6608	15329
ENSG00000124201	4385	11953
ENSG00000124203	16	117
ENSG00000124205	402	3
ENSG00000124207	6124	3440
ENSG00000124208	51	287
ENSG00000124209	4970	3466
ENSG00000124212	2094	14421
ENSG00000124214	6697	13105
ENSG00000124215	169	211
ENSG00000124216	152	491
ENSG00000124217	776	982
ENSG00000124222	5490	4954
ENSG00000124225	4121	5959
ENSG00000124226	2382	4618
ENSG00000124227	85	43
ENSG00000124228	2365	1828
ENSG00000124232	3	4
ENSG00000124233	0	0
ENSG00000124243	143	206
ENSG00000124249	25	250
ENSG00000124251	95	277
ENSG00000124253	85	1516
ENSG00000124256	274	160
ENSG00000124257	236	541
ENSG00000124260	133	101
ENSG00000124275	1796	2828
ENSG00000124279	475	364
ENSG00000124299	1235	3474
ENSG00000124302	1846	53
ENSG00000124313	1727	1678
ENSG00000124333	1853	1978
ENSG00000124334	23	10
ENSG00000124343	36	65
ENSG00000124356	5014	3218
ENSG00000124357	2365	2484
ENSG00000124370	622	785
ENSG00000124374	4672	13258
ENSG00000124380	1848	3329
ENSG00000124383	1401	532
ENSG00000124391	4	5
ENSG00000124399	1	1
ENSG00000124406	4461	3142
ENSG00000124422	17880	32886
ENSG00000124429	281	363
ENSG00000124440	10294	11581
ENSG00000124444	578	763
ENSG00000124449	2	2
ENSG00000124459	1514	633
ENSG00000124466	23	31
ENSG00000124467	4	26
ENSG00000124469	82	73
ENSG00000124479	3	10
ENSG00000124486	15496	16507
ENSG00000124490	3	0
ENSG00000124491	822	22781
ENSG00000124493	782	64
ENSG00000124496	5558	881
ENSG00000124507	49	1891
ENSG00000124508	964	609
ENSG00000124523	3441	6673
ENSG00000124532	1743	4924
ENSG00000124535	3004	3880
ENSG00000124541	1062	1721
ENSG00000124557	61	22
ENSG00000124562	1712	4960
ENSG00000124564	2	5
ENSG00000124568	0	0
ENSG00000124570	3016	13514
ENSG00000124571	5742	3757
ENSG00000124574	2338	2018
ENSG00000124575	880	678
ENSG00000124587	2268	4021
ENSG00000124588	1085	1769
ENSG00000124596	928	940
ENSG00000124602	114	102
ENSG00000124608	2584	2390
ENSG00000124610	3317	362
ENSG00000124613	1209	194
ENSG00000124614	21267	10417
ENSG00000124615	726	7504
ENSG00000124635	2164	213
ENSG00000124641	835	1592
ENSG00000124657	17	1
ENSG00000124659	754	996
ENSG00000124664	6	45
ENSG00000124678	15	4
ENSG00000124688	525	1507
ENSG00000124701	1243	9349
ENSG00000124702	6830	8952
ENSG00000124713	69	88
ENSG00000124721	6	4
ENSG00000124731	29	374
ENSG00000124733	1397	1732
ENSG00000124743	3501	49241
ENSG00000124749	3831	3139
ENSG00000124762	1974	11446
ENSG00000124766	5125	2085
ENSG00000124767	5224	6815
ENSG00000124772	889	6074
ENSG00000124780	73	113
ENSG00000124782	8900	18978
ENSG00000124783	9452	12525
ENSG00000124784	1685	620
ENSG00000124785	4672	922
ENSG00000124786	1349	542
ENSG00000124787	401	163
ENSG00000124788	8547	12850
ENSG00000124789	8522	6328
ENSG00000124795	8703	2844
ENSG00000124802	724	554
ENSG00000124812	0	1
ENSG00000124813	801	269
ENSG00000124818	50	19
ENSG00000124827	152	11
ENSG00000124831	8732	8323
ENSG00000124839	165	144
ENSG00000124875	3	43
ENSG00000124882	176	378
ENSG00000124900	0	0
ENSG00000124915	2	15
ENSG00000124920	391	1033
ENSG00000124935	0	60
ENSG00000124939	0	0
ENSG00000124942	103506	291165
ENSG00000125037	2271	4078
ENSG00000125046	159	279
ENSG00000125084	55	4
ENSG00000125089	460	1766
ENSG00000125107	18592	16682
ENSG00000125124	4374	4945
ENSG00000125144	0	25
ENSG00000125148	574	4859
ENSG00000125149	1761	2240
ENSG00000125166	4117	40400
ENSG00000125170	1328	992
ENSG00000125207	94	3
ENSG00000125245	638	254
ENSG00000125246	982	1304
ENSG00000125247	1475	886
ENSG00000125249	2933	2433
ENSG00000125255	55	14
ENSG00000125257	2823	1583
ENSG00000125266	1765	2617
ENSG00000125285	0	3
ENSG00000125304	7973	11767
ENSG00000125319	247	151
ENSG00000125337	221	171
ENSG00000125347	1592	4492
ENSG00000125351	466	221
ENSG00000125352	357	435
ENSG00000125354	5086	1527
ENSG00000125355	41	129
ENSG00000125356	1702	11417
ENSG00000125363	53	20
ENSG00000125375	1007	1459
ENSG00000125378	1185	550
ENSG00000125384	18	270
ENSG00000125386	5500	6148
ENSG00000125388	685	1075
ENSG00000125398	2291	6133
ENSG00000125409	38	28
ENSG00000125414	22	121
ENSG00000125430	3046	696
ENSG00000125434	274	292
ENSG00000125445	1465	4924
ENSG00000125447	2607	3998
ENSG00000125449	486	731
ENSG00000125450	2312	2162
ENSG00000125454	715	744
ENSG00000125457	382	1063
ENSG00000125458	1068	1183
ENSG00000125459	1828	1697
ENSG00000125462	102	60
ENSG00000125482	958	656
ENSG00000125484	5922	4059
ENSG00000125485	2326	1019
ENSG00000125492	11	13
ENSG00000125498	1	1
ENSG00000125503	5221	27423
ENSG00000125505	3050	2584
ENSG00000125508	8	8
ENSG00000125510	365	65
ENSG00000125520	4693	7520
ENSG00000125522	10	5
ENSG00000125531	27	13
ENSG00000125533	33	1
ENSG00000125534	4942	26570
ENSG00000125538	141	91
ENSG00000125551	300	81
ENSG00000125571	7	0
ENSG00000125611	587	1139
ENSG00000125618	924	579
ENSG00000125629	1355	1162
ENSG00000125630	4862	2392
ENSG00000125631	95	68
ENSG00000125633	4862	5703
ENSG00000125637	1476	872
ENSG00000125648	4807	13380
ENSG00000125650	408	225
ENSG00000125651	4167	3723
ENSG00000125652	1109	4777
ENSG00000125656	1697	3497
ENSG00000125657	61	33
ENSG00000125675	63	88
ENSG00000125676	9220	2039
ENSG00000125686	8950	6083
ENSG00000125691	58430	20062
ENSG00000125703	1449	578
ENSG00000125726	11	11
ENSG00000125730	3015	81633
ENSG00000125731	362	436
ENSG00000125733	2539	8170
ENSG00000125734	1060	1932
ENSG00000125735	115	229
ENSG00000125740	4460	1131
ENSG00000125741	1856	6209
ENSG00000125743	3267	2941
ENSG00000125744	357	944
ENSG00000125746	1439	2535
ENSG00000125753	2139	6184
ENSG00000125755	7521	8958
ENSG00000125772	4019	4542
ENSG00000125775	76	174
ENSG00000125779	2627	2506
ENSG00000125780	4	3
ENSG00000125787	30	21
ENSG00000125788	0	0
ENSG00000125798	1	2
ENSG00000125804	547	260
ENSG00000125810	5120	19139
ENSG00000125812	1482	3069
ENSG00000125813	41	35
ENSG00000125814	1784	1532
ENSG00000125815	0	0
ENSG00000125816	0	0
ENSG00000125817	4651	13059
ENSG00000125818	4843	11411
ENSG00000125820	0	0
ENSG00000125821	546	786
ENSG00000125823	80	45
ENSG00000125826	5690	6508
ENSG00000125827	5134	17871
ENSG00000125831	0	0
ENSG00000125834	4416	6389
ENSG00000125835	3176	3008
ENSG00000125841	2379	3103
ENSG00000125843	1340	2041
ENSG00000125844	6700	8228
ENSG00000125845	102	621
ENSG00000125846	2013	686
ENSG00000125848	531	142
ENSG00000125850	1	1
ENSG00000125851	133	415
ENSG00000125861	1	0
ENSG00000125863	1231	1660
ENSG00000125864	43	54
ENSG00000125868	6749	29684
ENSG00000125869	8	6
ENSG00000125870	1598	1413
ENSG00000125871	909	750
ENSG00000125872	167	541
ENSG00000125875	4400	5992
ENSG00000125877	1504	968
ENSG00000125878	137	1005
ENSG00000125879	0	0
ENSG00000125885	2397	967
ENSG00000125888	2	5
ENSG00000125895	72	264
ENSG00000125898	228	301
ENSG00000125900	1	6
ENSG00000125901	1427	2540
ENSG00000125903	0	1
ENSG00000125910	3	72
ENSG00000125912	2907	4362
ENSG00000125931	25	13
ENSG00000125944	16760	7555
ENSG00000125945	1944	3212
ENSG00000125952	4183	6617
ENSG00000125954	101	257
ENSG00000125962	1253	670
ENSG00000125965	8	9
ENSG00000125966	440	671
ENSG00000125967	2042	6189
ENSG00000125968	1384	9141
ENSG00000125970	5698	11241
ENSG00000125971	2521	7847
ENSG00000125977	3632	2673
ENSG00000125991	6596	5842
ENSG00000125995	600	1696
ENSG00000125997	55	117
ENSG00000125998	30	17
ENSG00000125999	54	88
ENSG00000126001	2379	1973
ENSG00000126003	2439	3332
ENSG00000126005	1660	3831
ENSG00000126010	21	61
ENSG00000126012	7767	8363
ENSG00000126016	976	1643
ENSG00000126062	1783	4379
ENSG00000126067	3353	6332
ENSG00000126070	9651	4937
ENSG00000126088	1739	3274
ENSG00000126091	4710	4655
ENSG00000126106	524	1175
ENSG00000126107	1804	3228
ENSG00000126214	9517	17761
ENSG00000126215	1354	1636
ENSG00000126216	3121	2756
ENSG00000126217	3069	10613
ENSG00000126218	116	782
ENSG00000126226	3672	3195
ENSG00000126231	19	8
ENSG00000126233	3	6
ENSG00000126243	1035	1458
ENSG00000126246	109	245
ENSG00000126247	10643	33243
ENSG00000126249	160	528
ENSG00000126251	0	0
ENSG00000126254	1844	4872
ENSG00000126259	132	6
ENSG00000126261	6285	6027
ENSG00000126262	151	156
ENSG00000126264	22	313
ENSG00000126266	81	75
ENSG00000126267	3883	24563
ENSG00000126337	0	0
ENSG00000126351	9664	15289
ENSG00000126353	11	335
ENSG00000126368	1292	8677
ENSG00000126391	1599	2716
ENSG00000126432	3515	14211
ENSG00000126453	515	448
ENSG00000126456	2047	1743
ENSG00000126457	5043	7808
ENSG00000126458	718	5655
ENSG00000126460	26	54
ENSG00000126461	5769	14568
ENSG00000126464	10077	11095
ENSG00000126467	24	39
ENSG00000126500	1084	541
ENSG00000126522	1060	1520
ENSG00000126524	2962	10151
ENSG00000126545	0	1
ENSG00000126549	0	14
ENSG00000126550	464	215
ENSG00000126561	556	3527
ENSG00000126562	184	60
ENSG00000126581	2176	5606
ENSG00000126583	16	14
ENSG00000126602	7259	11042
ENSG00000126603	5494	4237
ENSG00000126653	2123	1214
ENSG00000126698	3554	3912
ENSG00000126705	5957	12749
ENSG00000126709	1262	2750
ENSG00000126733	12	11
ENSG00000126746	3721	3312
ENSG00000126749	1500	2121
ENSG00000126752	64	5
ENSG00000126756	1480	2224
ENSG00000126759	297	478
ENSG00000126767	2637	3567
ENSG00000126768	1158	3473
ENSG00000126773	9904	6354
ENSG00000126775	2377	3082
ENSG00000126777	11286	8459
ENSG00000126778	32851	45
ENSG00000126785	1212	1801
ENSG00000126787	819	15
ENSG00000126790	2326	1115
ENSG00000126803	832	4058
ENSG00000126804	4549	1511
ENSG00000126814	2959	561
ENSG00000126821	1448	1544
ENSG00000126822	2630	4937
ENSG00000126838	207	186
ENSG00000126856	145	78
ENSG00000126858	3762	4821
ENSG00000126860	656	259
ENSG00000126861	1076	446
ENSG00000126870	3518	2631
ENSG00000126878	2304	5404
ENSG00000126882	2086	6004
ENSG00000126883	9120	11172
ENSG00000126890	1	0
ENSG00000126895	41	391
ENSG00000126903	829	1739
ENSG00000126934	5218	10204
ENSG00000126945	3013	5327
ENSG00000126947	1762	3606
ENSG00000126950	335	61
ENSG00000126953	786	987
ENSG00000126970	1468	406
ENSG00000127022	28707	46071
ENSG00000127054	4895	6235
ENSG00000127074	394	58
ENSG00000127080	730	1776
ENSG00000127081	393	596
ENSG00000127083	1558	295
ENSG00000127084	104	612
ENSG00000127124	2041	2709
ENSG00000127125	1451	2097
ENSG00000127129	16	89
ENSG00000127152	4060	169
ENSG00000127184	6817	28726
ENSG00000127191	893	993
ENSG00000127220	1036	1288
ENSG00000127241	3185	12658
ENSG00000127249	208	96
ENSG00000127252	119	258
ENSG00000127311	986	164
ENSG00000127314	5592	4927
ENSG00000127318	1	0
ENSG00000127324	1	51
ENSG00000127325	626	303
ENSG00000127328	3143	2598
ENSG00000127329	3852	9413
ENSG00000127334	4850	8009
ENSG00000127337	800	543
ENSG00000127362	314	72
ENSG00000127364	1195	220
ENSG00000127366	260	31
ENSG00000127377	11	17
ENSG00000127399	218	367
ENSG00000127412	50	4
ENSG00000127415	1812	773
ENSG00000127418	4742	5750
ENSG00000127419	1145	1752
ENSG00000127423	189	78
ENSG00000127445	2165	5370
ENSG00000127452	1133	1324
ENSG00000127463	7429	8134
ENSG00000127472	599	4025
ENSG00000127481	25126	44702
ENSG00000127483	19769	13838
ENSG00000127507	567	785
ENSG00000127511	5973	6825
ENSG00000127515	0	0
ENSG00000127526	4061	6303
ENSG00000127527	3894	10508
ENSG00000127528	5807	13788
ENSG00000127529	0	0
ENSG00000127530	781	546
ENSG00000127533	390	904
ENSG00000127540	2013	14627
ENSG00000127554	503	1450
ENSG00000127561	35	41
ENSG00000127564	558	59
ENSG00000127578	235	132
ENSG00000127580	956	1747
ENSG00000127585	294	129
ENSG00000127586	1503	337
ENSG00000127588	26	3
ENSG00000127603	48599	52404
ENSG00000127616	10759	11057
ENSG00000127663	6295	8302
ENSG00000127666	891	1706
ENSG00000127720	775	1032
ENSG00000127743	10	15
ENSG00000127774	389	1813
ENSG00000127780	1	5
ENSG00000127804	3956	4968
ENSG00000127824	614	10160
ENSG00000127831	71	73
ENSG00000127837	3318	5388
ENSG00000127838	1287	3130
ENSG00000127863	9225	4650
ENSG00000127870	1753	1301
ENSG00000127884	2234	11505
ENSG00000127903	613	547
ENSG00000127914	51469	4069
ENSG00000127920	857	3746
ENSG00000127922	1070	998
ENSG00000127928	15	21
ENSG00000127946	5196	5923
ENSG00000127947	5762	4088
ENSG00000127948	2572	9934
ENSG00000127951	1145	2131
ENSG00000127952	667	828
ENSG00000127954	1031	6760
ENSG00000127955	1460	1747
ENSG00000127980	6137	1944
ENSG00000127989	11008	627
ENSG00000127990	1926	1628
ENSG00000127993	1541	823
ENSG00000127995	2958	2924
ENSG00000128000	5372	1678
ENSG00000128011	842	164
ENSG00000128016	7530	19810
ENSG00000128039	1675	1334
ENSG00000128040	0	8
ENSG00000128045	5876	447
ENSG00000128050	9394	4000
ENSG00000128052	2437	9621
ENSG00000128059	3109	442
ENSG00000128159	4592	4321
ENSG00000128165	129	71
ENSG00000128185	792	2706
ENSG00000128191	3560	2975
ENSG00000128203	89	48
ENSG00000128218	17	17
ENSG00000128228	194	814
ENSG00000128242	56	50
ENSG00000128245	4545	6731
ENSG00000128250	59	0
ENSG00000128253	13	1
ENSG00000128254	412	193
ENSG00000128266	463	568
ENSG00000128268	732	986
ENSG00000128271	346	707
ENSG00000128272	6923	12463
ENSG00000128274	1822	11425
ENSG00000128276	4	0
ENSG00000128283	2972	6035
ENSG00000128284	601	3149
ENSG00000128285	62	85
ENSG00000128294	992	3138
ENSG00000128298	1374	423
ENSG00000128309	2919	4135
ENSG00000128310	54	1
ENSG00000128311	344	2167
ENSG00000128313	12	4
ENSG00000128322	3	0
ENSG00000128335	1963	5128
ENSG00000128340	215	660
ENSG00000128342	527	410
ENSG00000128383	31	64
ENSG00000128394	796	612
ENSG00000128408	165	12
ENSG00000128422	36	8
ENSG00000128463	1665	2625
ENSG00000128482	123	185
ENSG00000128487	1285	2231
ENSG00000128510	93	152
ENSG00000128512	2291	4777
ENSG00000128513	2195	1297
ENSG00000128519	0	0
ENSG00000128524	1880	4920
ENSG00000128534	3194	1614
ENSG00000128536	1646	467
ENSG00000128563	2151	1719
ENSG00000128564	152	23
ENSG00000128567	4374	18939
ENSG00000128573	375	398
ENSG00000128578	2736	6432
ENSG00000128581	1041	1519
ENSG00000128585	11557	7253
ENSG00000128590	1029	5166
ENSG00000128591	41554	625713
ENSG00000128594	791	1465
ENSG00000128595	10517	23091
ENSG00000128596	344	868
ENSG00000128602	3411	1008
ENSG00000128604	148	456
ENSG00000128606	505	150
ENSG00000128607	9051	5959
ENSG00000128609	5961	11087
ENSG00000128610	5	1
ENSG00000128617	27	10
ENSG00000128626	771	2342
ENSG00000128641	4333	3302
ENSG00000128645	598	9
ENSG00000128652	1026	59
ENSG00000128654	1763	3050
ENSG00000128655	164	340
ENSG00000128656	751	1023
ENSG00000128683	490	6
ENSG00000128694	1212	615
ENSG00000128699	2330	1744
ENSG00000128708	1911	1570
ENSG00000128709	370	24
ENSG00000128710	16	5
ENSG00000128713	1	1
ENSG00000128714	3	0
ENSG00000128731	13823	24369
ENSG00000128739	5704	27142
ENSG00000128789	3760	2936
ENSG00000128791	1846	1833
ENSG00000128805	240	571
ENSG00000128815	207	733
ENSG00000128829	5447	4698
ENSG00000128833	476	623
ENSG00000128849	4241	8427
ENSG00000128872	1965	1818
ENSG00000128881	6695	5360
ENSG00000128886	107	47
ENSG00000128891	1670	1341
ENSG00000128908	5763	5372
ENSG00000128915	6489	2234
ENSG00000128917	1268	3093
ENSG00000128918	1334	1910
ENSG00000128923	5149	5232
ENSG00000128928	3761	6955
ENSG00000128944	979	321
ENSG00000128951	3217	2925
ENSG00000128965	21	353
ENSG00000128973	2231	1708
ENSG00000128989	9920	18432
ENSG00000129003	20088	8959
ENSG00000129007	354	96
ENSG00000129009	3148	3304
ENSG00000129028	224	430
ENSG00000129038	819	2949
ENSG00000129048	399	296
ENSG00000129055	1394	2584
ENSG00000129071	1381	1184
ENSG00000129083	6257	4478
ENSG00000129084	3444	5897
ENSG00000129103	3623	3847
ENSG00000129116	24489	89774
ENSG00000129128	7602	11590
ENSG00000129151	4	1
ENSG00000129152	0	14
ENSG00000129158	576	1003
ENSG00000129159	233	140
ENSG00000129167	169	77
ENSG00000129170	10698	64345
ENSG00000129173	790	630
ENSG00000129187	3004	2951
ENSG00000129194	202	320
ENSG00000129195	500	51
ENSG00000129197	1946	1758
ENSG00000129204	448	192
ENSG00000129214	20	44
ENSG00000129219	1302	1091
ENSG00000129221	57	50
ENSG00000129226	538	4291
ENSG00000129235	429	677
ENSG00000129244	1955	2093
ENSG00000129245	3147	12610
ENSG00000129250	9262	111514
ENSG00000129255	1134	1894
ENSG00000129292	7775	4351
ENSG00000129295	326	226
ENSG00000129315	4006	3359
ENSG00000129317	6857	1940
ENSG00000129347	2012	1451
ENSG00000129351	22792	19971
ENSG00000129353	5339	14055
ENSG00000129354	47	30
ENSG00000129355	225	590
ENSG00000129422	6011	16646
ENSG00000129437	106	117
ENSG00000129450	108	385
ENSG00000129451	19	69
ENSG00000129455	1	7
ENSG00000129460	1011	903
ENSG00000129465	64	276
ENSG00000129467	6096	4313
ENSG00000129472	2154	2750
ENSG00000129473	2608	6055
ENSG00000129474	3709	1721
ENSG00000129480	1207	862
ENSG00000129484	1397	1048
ENSG00000129493	2747	4676
ENSG00000129514	6	5
ENSG00000129515	3495	3664
ENSG00000129518	1270	1194
ENSG00000129521	3556	17706
ENSG00000129534	5033	327
ENSG00000129535	69	223
ENSG00000129538	1057	13105
ENSG00000129559	2676	5524
ENSG00000129562	1816	4323
ENSG00000129566	3089	4428
ENSG00000129595	1478	2570
ENSG00000129596	452	501
ENSG00000129625	3305	10346
ENSG00000129636	3482	4893
ENSG00000129646	1087	500
ENSG00000129654	16	2
ENSG00000129657	4513	15387
ENSG00000129667	696	2102
ENSG00000129673	63	40
ENSG00000129675	1749	8634
ENSG00000129680	3032	827
ENSG00000129682	2831	1295
ENSG00000129691	4403	3863
ENSG00000129696	641	1055
ENSG00000129744	8	14
ENSG00000129749	111	88
ENSG00000129757	1816	4361
ENSG00000129810	505	21
ENSG00000129816	0	0
ENSG00000129824	1378	6253
ENSG00000129845	0	0
ENSG00000129862	0	0
ENSG00000129864	0	0
ENSG00000129873	0	0
ENSG00000129910	1539	49
ENSG00000129911	1577	1605
ENSG00000129925	1201	4005
ENSG00000129932	431	1123
ENSG00000129933	6106	7078
ENSG00000129946	3331	2867
ENSG00000129951	252	37
ENSG00000129965	0	0
ENSG00000129968	4072	6687
ENSG00000129988	0	208
ENSG00000129990	198	147
ENSG00000129991	19943	319152
ENSG00000129993	1527	2162
ENSG00000130005	1866	4770
ENSG00000130021	659	2052
ENSG00000130023	1138	731
ENSG00000130024	4446	8942
ENSG00000130032	866	594
ENSG00000130035	63	50
ENSG00000130037	453	2150
ENSG00000130038	241	856
ENSG00000130045	814	571
ENSG00000130052	1084	3009
ENSG00000130054	105	7022
ENSG00000130055	105	137
ENSG00000130066	1750	6652
ENSG00000130119	9110	11523
ENSG00000130147	3692	3473
ENSG00000130150	1516	541
ENSG00000130158	3553	8719
ENSG00000130159	1620	9339
ENSG00000130164	1588	8575
ENSG00000130165	1253	1837
ENSG00000130167	17	21
ENSG00000130173	33	179
ENSG00000130175	15345	13966
ENSG00000130176	2547	11495
ENSG00000130177	4067	3072
ENSG00000130182	27	7
ENSG00000130193	614	1450
ENSG00000130202	2628	5972
ENSG00000130203	1338	3901
ENSG00000130204	2478	4526
ENSG00000130208	60	65
ENSG00000130222	1005	2468
ENSG00000130224	1835	258
ENSG00000130226	116	130
ENSG00000130227	5852	7807
ENSG00000130234	1087	1634
ENSG00000130244	1206	1116
ENSG00000130254	4090	3773
ENSG00000130255	20479	10507
ENSG00000130270	435	160
ENSG00000130283	307	81
ENSG00000130287	0	3
ENSG00000130294	11190	3489
ENSG00000130299	1348	1066
ENSG00000130300	1697	5948
ENSG00000130303	127	1856
ENSG00000130304	3407	9665
ENSG00000130305	370	1132
ENSG00000130307	467	1368
ENSG00000130309	6229	6775
ENSG00000130311	1395	3629
ENSG00000130312	1391	5850
ENSG00000130313	1928	1366
ENSG00000130332	1259	1033
ENSG00000130338	11758	11542
ENSG00000130340	4920	7833
ENSG00000130347	325	980
ENSG00000130348	2136	1812
ENSG00000130349	709	970
ENSG00000130363	1255	2118
ENSG00000130368	304	294
ENSG00000130377	94	23
ENSG00000130382	7895	11404
ENSG00000130383	5	1
ENSG00000130385	0	0
ENSG00000130396	9927	14907
ENSG00000130402	14784	28628
ENSG00000130413	3073	1728
ENSG00000130414	9769	19643
ENSG00000130427	3	6
ENSG00000130429	1645	4672
ENSG00000130433	1	2
ENSG00000130449	2244	2344
ENSG00000130475	792	189
ENSG00000130477	111	85
ENSG00000130479	2153	3966
ENSG00000130487	2	20
ENSG00000130508	14866	9101
ENSG00000130511	4117	2668
ENSG00000130513	20	84
ENSG00000130517	2127	6763
ENSG00000130518	1028	466
ENSG00000130520	1953	3388
ENSG00000130522	12046	24469
ENSG00000130528	3592	59067
ENSG00000130529	3093	4452
ENSG00000130538	0	0
ENSG00000130540	635	30
ENSG00000130544	1889	1084
ENSG00000130545	35	30
ENSG00000130558	2399	1365
ENSG00000130559	4018	6005
ENSG00000130560	2001	6249
ENSG00000130561	394	322
ENSG00000130584	999	3226
ENSG00000130589	2110	4509
ENSG00000130590	343	537
ENSG00000130592	474	3708
ENSG00000130595	2913	3384
ENSG00000130598	4	10
ENSG00000130600	134711	72890
ENSG00000130635	50516	12396
ENSG00000130638	5661	5420
ENSG00000130640	4445	7128
ENSG00000130643	22	6
ENSG00000130649	100	64
ENSG00000130653	1007	1707
ENSG00000130656	29	3
ENSG00000130669	2284	3385
ENSG00000130675	259	7
ENSG00000130684	2301	904
ENSG00000130695	2485	6357
ENSG00000130699	2178	2565
ENSG00000130700	107	405
ENSG00000130701	0	3
ENSG00000130702	15168	25720
ENSG00000130703	2568	5241
ENSG00000130706	1409	6231
ENSG00000130707	1271	5857
ENSG00000130711	2	2
ENSG00000130713	3708	2006
ENSG00000130714	2780	2682
ENSG00000130717	1236	2138
ENSG00000130720	629	62
ENSG00000130724	1349	4389
ENSG00000130725	2445	9044
ENSG00000130726	13808	12935
ENSG00000130731	1366	2274
ENSG00000130733	1894	2344
ENSG00000130734	634	3581
ENSG00000130741	15354	9518
ENSG00000130748	268	591
ENSG00000130749	6452	6888
ENSG00000130751	501	42
ENSG00000130755	110	332
ENSG00000130758	968	2913
ENSG00000130762	173	114
ENSG00000130764	2741	8413
ENSG00000130766	750	1192
ENSG00000130768	120	35
ENSG00000130770	2506	4578
ENSG00000130772	346	588
ENSG00000130775	206	1381
ENSG00000130779	4255	8038
ENSG00000130783	106	86
ENSG00000130787	2023	3279
ENSG00000130803	2596	2107
ENSG00000130810	1825	1856
ENSG00000130811	5817	9510
ENSG00000130812	53	26
ENSG00000130813	1635	1316
ENSG00000130816	6399	4141
ENSG00000130818	2411	2420
ENSG00000130821	5016	28860
ENSG00000130822	499	233
ENSG00000130826	4036	2302
ENSG00000130827	4426	3866
ENSG00000130829	1106	7
ENSG00000130830	915	2798
ENSG00000130844	2221	1769
ENSG00000130856	4680	3334
ENSG00000130876	12	107
ENSG00000130881	1178	3883
ENSG00000130921	3190	2108
ENSG00000130935	3003	1913
ENSG00000130939	8852	16138
ENSG00000130940	5428	14132
ENSG00000130943	545	101
ENSG00000130948	21	41
ENSG00000130950	36	8
ENSG00000130956	721	2793
ENSG00000130957	7	10
ENSG00000130958	1213	1845
ENSG00000130962	1780	2256
ENSG00000130985	13778	22585
ENSG00000130988	319	1319
ENSG00000130997	507	236
ENSG00000131007	15	11
ENSG00000131013	2955	1607
ENSG00000131015	16	69
ENSG00000131016	5197	4950
ENSG00000131018	10610	22354
ENSG00000131019	360	169
ENSG00000131023	8923	3979
ENSG00000131037	161	170
ENSG00000131042	65	469
ENSG00000131043	2193	2840
ENSG00000131044	31	35
ENSG00000131050	0	0
ENSG00000131051	23414	11307
ENSG00000131055	75	567
ENSG00000131059	16	16
ENSG00000131061	954	512
ENSG00000131067	1414	1749
ENSG00000131068	0	0
ENSG00000131069	2030	13882
ENSG00000131080	124	187
ENSG00000131089	6438	6790
ENSG00000131094	682	302
ENSG00000131095	363	685
ENSG00000131096	4	1
ENSG00000131097	81	299
ENSG00000131100	1932	8780
ENSG00000131115	2095	777
ENSG00000131116	1618	1635
ENSG00000131126	0	0
ENSG00000131127	5931	1759
ENSG00000131142	8	0
ENSG00000131143	6010	36982
ENSG00000131148	1010	2257
ENSG00000131149	4221	10065
ENSG00000131153	524	62
ENSG00000131165	2372	5161
ENSG00000131171	3944	1604
ENSG00000131174	3645	14655
ENSG00000131183	2	0
ENSG00000131187	170	73
ENSG00000131188	516	135
ENSG00000131196	658	4541
ENSG00000131203	40	48
ENSG00000131233	61	57
ENSG00000131236	4494	8290
ENSG00000131238	4603	4633
ENSG00000131242	307	1295
ENSG00000131263	8311	6877
ENSG00000131264	0	0
ENSG00000131269	2587	3149
ENSG00000131323	3916	3399
ENSG00000131351	435	360
ENSG00000131355	3	25
ENSG00000131368	10099	9418
ENSG00000131370	1876	2544
ENSG00000131373	1076	815
ENSG00000131374	12278	6114
ENSG00000131375	5107	2570
ENSG00000131378	1773	7601
ENSG00000131381	3848	5749
ENSG00000131386	262	3247
ENSG00000131389	3395	8886
ENSG00000131398	481	844
ENSG00000131400	276	55
ENSG00000131408	1993	8905
ENSG00000131409	932	324
ENSG00000131435	639	1105
ENSG00000131437	1770	1299
ENSG00000131446	4294	12406
ENSG00000131459	1646	5190
ENSG00000131462	1680	3337
ENSG00000131467	3553	7654
ENSG00000131469	8398	5872
ENSG00000131470	249	158
ENSG00000131471	713	7467
ENSG00000131473	8583	7970
ENSG00000131475	1195	2294
ENSG00000131477	487	2320
ENSG00000131480	139	154
ENSG00000131482	180	154
ENSG00000131495	851	3443
ENSG00000131503	11561	7698
ENSG00000131504	4729	18589
ENSG00000131507	6591	12277
ENSG00000131508	4714	8241
ENSG00000131538	0	0
ENSG00000131548	0	0
ENSG00000131558	7427	4915
ENSG00000131584	2126	4296
ENSG00000131620	1591	3410
ENSG00000131626	5445	5991
ENSG00000131634	2371	3447
ENSG00000131650	28	23
ENSG00000131652	950	795
ENSG00000131653	4985	3956
ENSG00000131668	461	1
ENSG00000131669	1150	4809
ENSG00000131686	72	46
ENSG00000131697	906	1091
ENSG00000131711	15214	30054
ENSG00000131721	263	44
ENSG00000131724	4223	3787
ENSG00000131725	1503	1985
ENSG00000131730	5541	104205
ENSG00000131732	1307	554
ENSG00000131737	0	0
ENSG00000131738	0	0
ENSG00000131746	52	83
ENSG00000131747	9411	82
ENSG00000131748	2204	2502
ENSG00000131759	3930	6687
ENSG00000131771	219	261
ENSG00000131773	479	1025
ENSG00000131778	3529	1335
ENSG00000131779	797	1505
ENSG00000131781	1151	393
ENSG00000131788	3941	2952
ENSG00000131791	2905	6117
ENSG00000131808	2	0
ENSG00000131828	4751	24804
ENSG00000131831	256	3282
ENSG00000131844	7744	16130
ENSG00000131845	1055	1376
ENSG00000131848	635	539
ENSG00000131849	837	1019
ENSG00000131864	38	26
ENSG00000131871	703	2592
ENSG00000131873	3962	5644
ENSG00000131876	1552	1172
ENSG00000131899	1996	2181
ENSG00000131910	2	374
ENSG00000131914	571	284
ENSG00000131931	733	713
ENSG00000131941	428	379
ENSG00000131944	245	155
ENSG00000131951	241	32
ENSG00000131966	2618	4382
ENSG00000131969	382	121
ENSG00000131979	74	619
ENSG00000131981	1989	9233
ENSG00000132000	217	174
ENSG00000132002	3505	5725
ENSG00000132003	792	887
ENSG00000132004	379	186
ENSG00000132005	2008	2886
ENSG00000132010	511	115
ENSG00000132016	147	64
ENSG00000132017	1659	1937
ENSG00000132024	3152	4245
ENSG00000132026	27	13
ENSG00000132031	85	38
ENSG00000132109	691	982
ENSG00000132122	2711	1309
ENSG00000132128	5327	8498
ENSG00000132141	244	199
ENSG00000132153	5898	9453
ENSG00000132155	10823	21657
ENSG00000132164	321	17
ENSG00000132170	506	2354
ENSG00000132182	3237	1661
ENSG00000132185	217	143
ENSG00000132196	611	518
ENSG00000132199	8110	4968
ENSG00000132205	2585	5957
ENSG00000132207	660	1318
ENSG00000132254	1698	1820
ENSG00000132256	1219	1134
ENSG00000132259	12	5
ENSG00000132274	701	1894
ENSG00000132275	1732	2728
ENSG00000132286	1988	2866
ENSG00000132294	5284	6583
ENSG00000132297	291	187
ENSG00000132300	6495	6603
ENSG00000132305	4507	15183
ENSG00000132313	1991	6942
ENSG00000132321	1534	44
ENSG00000132323	1699	2019
ENSG00000132326	3376	5096
ENSG00000132329	970	5719
ENSG00000132330	2252	1698
ENSG00000132334	770	5032
ENSG00000132341	7363	8795
ENSG00000132356	3879	4723
ENSG00000132357	192	1254
ENSG00000132359	1838	8863
ENSG00000132361	6693	33949
ENSG00000132376	1016	3908
ENSG00000132382	4785	6018
ENSG00000132383	3810	5443
ENSG00000132386	11559	12544
ENSG00000132388	4353	12169
ENSG00000132394	1210	3792
ENSG00000132405	3370	6942
ENSG00000132406	870	1066
ENSG00000132423	284	868
ENSG00000132424	20430	4480
ENSG00000132429	726	1439
ENSG00000132432	1143	1745
ENSG00000132434	1326	1672
ENSG00000132436	1249	275
ENSG00000132437	1	3
ENSG00000132446	0	0
ENSG00000132463	6908	10156
ENSG00000132464	175	649
ENSG00000132465	14	270
ENSG00000132466	22437	15802
ENSG00000132467	1039	1028
ENSG00000132470	324	4415
ENSG00000132471	3980	25698
ENSG00000132475	9475	18456
ENSG00000132478	3742	3558
ENSG00000132481	818	2542
ENSG00000132485	8841	3437
ENSG00000132507	12042	18984
ENSG00000132510	10138	12109
ENSG00000132514	17	747
ENSG00000132517	122	153
ENSG00000132518	0	11
ENSG00000132522	1446	4142
ENSG00000132530	4309	2334
ENSG00000132535	8650	3505
ENSG00000132541	606	732
ENSG00000132549	13928	5453
ENSG00000132554	901	112
ENSG00000132561	1694	2428
ENSG00000132563	419	881
ENSG00000132570	2544	4118
ENSG00000132581	1027	1541
ENSG00000132589	4524	11757
ENSG00000132591	1707	3288
ENSG00000132600	3517	2867
ENSG00000132603	1320	970
ENSG00000132604	2831	3412
ENSG00000132612	6086	10460
ENSG00000132613	10496	17253
ENSG00000132622	1440	4083
ENSG00000132623	464	539
ENSG00000132631	0	1
ENSG00000132635	2334	747
ENSG00000132639	533	327
ENSG00000132640	2710	4323
ENSG00000132646	2222	1122
ENSG00000132661	362	516
ENSG00000132664	1404	824
ENSG00000132669	4605	11043
ENSG00000132670	5362	4516
ENSG00000132671	5	6
ENSG00000132676	3422	5802
ENSG00000132677	31	29
ENSG00000132680	4320	2996
ENSG00000132681	84	163
ENSG00000132688	13532	26324
ENSG00000132692	183	88
ENSG00000132693	0	2
ENSG00000132694	6347	9714
ENSG00000132698	12	7
ENSG00000132702	27	125
ENSG00000132703	1	1
ENSG00000132704	136	64
ENSG00000132716	9973	18848
ENSG00000132718	1908	4047
ENSG00000132740	1695	2288
ENSG00000132744	293	1
ENSG00000132746	2	6
ENSG00000132749	391	70
ENSG00000132763	1996	3271
ENSG00000132768	1126	1846
ENSG00000132773	646	554
ENSG00000132780	7896	1922
ENSG00000132781	1717	765
ENSG00000132792	1405	2236
ENSG00000132793	1568	4055
ENSG00000132801	247	279
ENSG00000132819	2530	8462
ENSG00000132821	1369	2418
ENSG00000132823	1120	1667
ENSG00000132824	7044	18260
ENSG00000132825	709	2149
ENSG00000132837	384	278
ENSG00000132840	246	767
ENSG00000132842	6568	2811
ENSG00000132846	3060	2805
ENSG00000132849	3678	16237
ENSG00000132854	1303	193
ENSG00000132855	470	53
ENSG00000132872	9	196
ENSG00000132874	111	69
ENSG00000132879	1746	1610
ENSG00000132881	210	317
ENSG00000132906	754	1229
ENSG00000132911	3	13
ENSG00000132912	5450	8633
ENSG00000132915	390	248
ENSG00000132932	990	200
ENSG00000132938	5960	7956
ENSG00000132950	1529	777
ENSG00000132952	1876	845
ENSG00000132953	8496	8966
ENSG00000132958	78	44
ENSG00000132963	1958	3865
ENSG00000132964	1756	1294
ENSG00000132965	67	612
ENSG00000132970	3317	2855
ENSG00000132972	54	10
ENSG00000132975	11	34
ENSG00000133019	651	232
ENSG00000133020	24	80
ENSG00000133026	14126	7063
ENSG00000133027	758	1235
ENSG00000133028	2884	4624
ENSG00000133030	20402	47572
ENSG00000133048	76	790
ENSG00000133055	30	25
ENSG00000133056	2674	7149
ENSG00000133059	2030	2599
ENSG00000133063	51	47
ENSG00000133065	6038	67842
ENSG00000133067	1141	471
ENSG00000133069	340	451
ENSG00000133083	978	3017
ENSG00000133101	27	19
ENSG00000133103	2369	1885
ENSG00000133104	4160	2785
ENSG00000133105	1	2
ENSG00000133106	92	481
ENSG00000133107	75	116
ENSG00000133110	6493	1180
ENSG00000133111	920	381
ENSG00000133112	113296	101994
ENSG00000133114	3275	2187
ENSG00000133115	0	0
ENSG00000133116	67	413
ENSG00000133119	1076	589
ENSG00000133121	1899	5935
ENSG00000133124	815	22
ENSG00000133131	1607	1028
ENSG00000133134	104	98
ENSG00000133135	10	16
ENSG00000133138	1721	995
ENSG00000133142	2190	1700
ENSG00000133169	232	580
ENSG00000133195	937	886
ENSG00000133216	2406	562
ENSG00000133226	13712	10339
ENSG00000133243	7480	7958
ENSG00000133246	134	153
ENSG00000133247	1086	540
ENSG00000133250	760	1131
ENSG00000133256	320	284
ENSG00000133265	1020	3409
ENSG00000133275	4653	4164
ENSG00000133302	1597	551
ENSG00000133313	2297	7621
ENSG00000133315	1269	5537
ENSG00000133316	1445	1537
ENSG00000133317	7	602
ENSG00000133318	7019	7289
ENSG00000133321	248	392
ENSG00000133328	0	2
ENSG00000133392	2210	16313
ENSG00000133393	2102	2544
ENSG00000133398	833	1334
ENSG00000133401	12141	36066
ENSG00000133422	3674	3621
ENSG00000133424	7960	27468
ENSG00000133433	252	405
ENSG00000133454	11849	63165
ENSG00000133460	1535	1822
ENSG00000133466	1824	689
ENSG00000133477	425	1699
ENSG00000133488	82	35
ENSG00000133561	736	4479
ENSG00000133574	354	2155
ENSG00000133597	935	981
ENSG00000133606	4355	7411
ENSG00000133612	4263	4767
ENSG00000133619	2304	4290
ENSG00000133627	1813	1161
ENSG00000133636	11	4
ENSG00000133639	7183	12611
ENSG00000133640	22	17
ENSG00000133657	17248	23352
ENSG00000133661	30	418
ENSG00000133665	102	70
ENSG00000133678	1484	719
ENSG00000133687	7096	10880
ENSG00000133703	4905	3339
ENSG00000133704	4303	3749
ENSG00000133706	22819	9318
ENSG00000133710	36	51
ENSG00000133731	1343	2739
ENSG00000133739	587	194
ENSG00000133740	2009	506
ENSG00000133742	94	150
ENSG00000133773	1014	286
ENSG00000133789	2083	3241
ENSG00000133800	357	6677
ENSG00000133805	160	580
ENSG00000133812	9884	6847
ENSG00000133816	5504	11514
ENSG00000133818	1382	4734
ENSG00000133835	5992	11050
ENSG00000133858	7440	2339
ENSG00000133863	38	4
ENSG00000133872	6234	15569
ENSG00000133874	790	5558
ENSG00000133878	426	4350
ENSG00000133884	4965	6549
ENSG00000133895	2566	1327
ENSG00000133935	1095	1330
ENSG00000133937	628	25
ENSG00000133943	6341	18484
ENSG00000133958	191	211
ENSG00000133961	5021	5875
ENSG00000133962	152	322
ENSG00000133980	34	39
ENSG00000133983	1103	1579
ENSG00000133985	140	460
ENSG00000133997	1639	1447
ENSG00000134001	4955	4659
ENSG00000134007	427	172
ENSG00000134013	7677	2206
ENSG00000134014	3281	3255
ENSG00000134020	51	9666
ENSG00000134028	9	20
ENSG00000134030	4430	8888
ENSG00000134042	67	253
ENSG00000134046	2277	3557
ENSG00000134049	1759	2415
ENSG00000134057	1634	164
ENSG00000134058	565	559
ENSG00000134061	185	337
ENSG00000134070	76	624
ENSG00000134072	747	1065
ENSG00000134077	2794	1758
ENSG00000134086	3976	2369
ENSG00000134107	3324	16041
ENSG00000134108	3831	8026
ENSG00000134109	2087	3411
ENSG00000134115	133	43
ENSG00000134121	133	1668
ENSG00000134138	4233	6103
ENSG00000134146	2555	1356
ENSG00000134152	3855	1471
ENSG00000134153	1127	2482
ENSG00000134160	29	20
ENSG00000134183	307	268
ENSG00000134184	17	1746
ENSG00000134186	3065	1271
ENSG00000134193	10	13
ENSG00000134198	974	374
ENSG00000134200	3	1
ENSG00000134201	36	291
ENSG00000134202	1277	3815
ENSG00000134207	21	2
ENSG00000134215	241	427
ENSG00000134216	1	7
ENSG00000134222	622	40
ENSG00000134240	1	15969
ENSG00000134242	94	146
ENSG00000134243	4144	41476
ENSG00000134245	1271	966
ENSG00000134247	10080	27692
ENSG00000134248	1468	4430
ENSG00000134249	3	0
ENSG00000134250	17436	18995
ENSG00000134253	964	717
ENSG00000134255	3615	1840
ENSG00000134256	124	127
ENSG00000134258	2	24
ENSG00000134259	1564	492
ENSG00000134262	1912	982
ENSG00000134265	3174	5023
ENSG00000134278	3358	8488
ENSG00000134283	5794	3112
ENSG00000134285	1860	693
ENSG00000134287	6400	9032
ENSG00000134291	1692	2138
ENSG00000134294	12524	20642
ENSG00000134308	10471	17604
ENSG00000134313	26724	17605
ENSG00000134317	48	327
ENSG00000134318	10437	4507
ENSG00000134321	226	804
ENSG00000134323	474	128
ENSG00000134324	2691	9651
ENSG00000134326	236	1050
ENSG00000134330	2250	2970
ENSG00000134333	20768	32532
ENSG00000134339	31	99
ENSG00000134343	22	38
ENSG00000134352	14921	16604
ENSG00000134363	46	236
ENSG00000134365	105	102
ENSG00000134369	28838	41364
ENSG00000134371	6056	5912
ENSG00000134375	1255	3274
ENSG00000134376	90	63
ENSG00000134389	1	0
ENSG00000134398	127	146
ENSG00000134419	30668	10028
ENSG00000134438	17	0
ENSG00000134440	5379	7869
ENSG00000134443	1	0
ENSG00000134444	3977	3058
ENSG00000134452	3720	9739
ENSG00000134453	2274	4362
ENSG00000134460	44	263
ENSG00000134461	607	720
ENSG00000134463	544	5932
ENSG00000134470	48	977
ENSG00000134480	3699	1759
ENSG00000134489	77	67
ENSG00000134490	1393	764
ENSG00000134504	816	1513
ENSG00000134508	594	777
ENSG00000134516	282	1448
ENSG00000134531	5985	13387
ENSG00000134532	1024	746
ENSG00000134533	111	460
ENSG00000134538	0	5
ENSG00000134539	1825	1221
ENSG00000134545	102	69
ENSG00000134548	462	1004
ENSG00000134551	912	232
ENSG00000134569	1686	8164
ENSG00000134571	40429	387251
ENSG00000134574	1286	1044
ENSG00000134575	1533	3260
ENSG00000134588	42	27
ENSG00000134590	3487	20260
ENSG00000134594	61	131
ENSG00000134595	0	1
ENSG00000134597	988	632
ENSG00000134602	344	198
ENSG00000134627	501	223
ENSG00000134640	4	3
ENSG00000134644	11975	14391
ENSG00000134668	128	108
ENSG00000134684	3502	5424
ENSG00000134686	3517	14617
ENSG00000134690	795	48
ENSG00000134697	2133	1210
ENSG00000134698	2664	5573
ENSG00000134709	316	470
ENSG00000134716	2503	11998
ENSG00000134717	4462	4556
ENSG00000134744	10732	3695
ENSG00000134748	3317	1798
ENSG00000134755	1101	4463
ENSG00000134757	29	10
ENSG00000134758	2661	1635
ENSG00000134759	6784	5296
ENSG00000134760	6	107
ENSG00000134762	345	215
ENSG00000134765	24	433
ENSG00000134769	2315	12819
ENSG00000134775	11534	51714
ENSG00000134779	3993	3365
ENSG00000134780	414	1583
ENSG00000134802	1720	4053
ENSG00000134809	627	1165
ENSG00000134812	9	7
ENSG00000134815	2568	2100
ENSG00000134817	1373	3301
ENSG00000134824	2410	3206
ENSG00000134825	1223	2857
ENSG00000134827	6	7
ENSG00000134830	478	532
ENSG00000134851	4207	6698
ENSG00000134852	10138	5740
ENSG00000134853	42097	6724
ENSG00000134864	160	214
ENSG00000134871	49372	67642
ENSG00000134873	90	54
ENSG00000134874	6881	926
ENSG00000134882	3849	4352
ENSG00000134884	11283	6957
ENSG00000134897	5297	3593
ENSG00000134899	3000	2003
ENSG00000134900	9826	4795
ENSG00000134901	1247	281
ENSG00000134905	3409	4295
ENSG00000134909	3188	1742
ENSG00000134910	7077	9535
ENSG00000134917	557	615
ENSG00000134940	67	6
ENSG00000134954	3858	11684
ENSG00000134955	433	686
ENSG00000134962	265	374
ENSG00000134970	5846	12942
ENSG00000134982	6642	2873
ENSG00000134986	26855	2936
ENSG00000134987	4599	2627
ENSG00000134996	389	1097
ENSG00000135002	1269	2710
ENSG00000135018	7884	14321
ENSG00000135040	3468	2184
ENSG00000135046	673	3274
ENSG00000135047	1600	7051
ENSG00000135048	1330	4236
ENSG00000135049	4245	4746
ENSG00000135052	6283	981
ENSG00000135069	2347	266
ENSG00000135070	2782	8804
ENSG00000135074	4808	10782
ENSG00000135077	315	640
ENSG00000135083	444	1552
ENSG00000135090	2419	2052
ENSG00000135093	1513	2475
ENSG00000135094	122	123
ENSG00000135097	488	1799
ENSG00000135100	14	11
ENSG00000135108	5029	8997
ENSG00000135111	3095	5620
ENSG00000135114	239	265
ENSG00000135116	993	139
ENSG00000135119	869	859
ENSG00000135124	1531	1162
ENSG00000135127	262	428
ENSG00000135144	101	833
ENSG00000135148	1930	3499
ENSG00000135164	12605	2518
ENSG00000135175	0	1
ENSG00000135185	875	355
ENSG00000135205	861	173
ENSG00000135211	247	329
ENSG00000135218	5515	59168
ENSG00000135220	0	2
ENSG00000135222	0	0
ENSG00000135226	0	0
ENSG00000135241	1842	1920
ENSG00000135245	699	1215
ENSG00000135248	5	6
ENSG00000135249	1854	1820
ENSG00000135250	6115	3103
ENSG00000135253	332	697
ENSG00000135269	475	1910
ENSG00000135272	1881	3696
ENSG00000135297	2725	2735
ENSG00000135298	302	711
ENSG00000135299	928	1419
ENSG00000135312	54	32
ENSG00000135314	653	186
ENSG00000135315	11707	407
ENSG00000135316	19154	9194
ENSG00000135317	9666	5137
ENSG00000135318	591	755
ENSG00000135324	1850	141
ENSG00000135333	1430	864
ENSG00000135334	2416	5830
ENSG00000135336	2361	1319
ENSG00000135338	659	199
ENSG00000135341	4771	3324
ENSG00000135346	30	36
ENSG00000135355	4	0
ENSG00000135362	294	350
ENSG00000135363	254	959
ENSG00000135365	12789	6291
ENSG00000135372	5470	4660
ENSG00000135373	6	64
ENSG00000135374	32	18
ENSG00000135378	206	359
ENSG00000135387	22535	15823
ENSG00000135390	9622	18989
ENSG00000135392	2072	2834
ENSG00000135404	7213	31442
ENSG00000135406	19243	64
ENSG00000135407	699	1075
ENSG00000135409	53	28
ENSG00000135413	1	3
ENSG00000135414	2794	3183
ENSG00000135423	66	70
ENSG00000135424	4551	54140
ENSG00000135426	407	258
ENSG00000135436	650	268
ENSG00000135437	173	716
ENSG00000135439	1551	3496
ENSG00000135441	1227	2454
ENSG00000135443	54	0
ENSG00000135446	4197	4256
ENSG00000135447	1256	14353
ENSG00000135451	1146	42
ENSG00000135452	1460	2355
ENSG00000135454	229	730
ENSG00000135457	3474	2806
ENSG00000135469	1250	6388
ENSG00000135472	75	1382
ENSG00000135473	3915	2859
ENSG00000135476	1322	160
ENSG00000135477	3	1
ENSG00000135480	24	243
ENSG00000135482	796	1273
ENSG00000135486	59511	20087
ENSG00000135503	1947	3802
ENSG00000135506	8245	14293
ENSG00000135517	28	13
ENSG00000135519	1126	76
ENSG00000135521	1037	610
ENSG00000135525	58	396
ENSG00000135535	13245	17765
ENSG00000135537	1045	871
ENSG00000135540	3834	14338
ENSG00000135541	10066	2577
ENSG00000135547	800	6267
ENSG00000135549	48	27
ENSG00000135569	0	0
ENSG00000135577	19	6
ENSG00000135587	543	422
ENSG00000135596	2031	1659
ENSG00000135597	3921	4387
ENSG00000135604	410	3096
ENSG00000135605	64	316
ENSG00000135617	398	3051
ENSG00000135622	759	843
ENSG00000135624	8680	14200
ENSG00000135625	8	1
ENSG00000135631	2155	6889
ENSG00000135632	1689	3020
ENSG00000135636	1925	21565
ENSG00000135637	1161	938
ENSG00000135638	20	25
ENSG00000135643	479	641
ENSG00000135655	5615	4224
ENSG00000135677	9906	21108
ENSG00000135678	661	1508
ENSG00000135679	7963	5509
ENSG00000135686	2573	10853
ENSG00000135697	58	10
ENSG00000135698	692	503
ENSG00000135702	265	173
ENSG00000135709	930	2509
ENSG00000135720	9464	11926
ENSG00000135722	690	379
ENSG00000135723	2874	2543
ENSG00000135736	1749	701
ENSG00000135740	963	226
ENSG00000135744	1589	15600
ENSG00000135747	789	280
ENSG00000135749	1905	514
ENSG00000135750	393	1824
ENSG00000135763	1333	2006
ENSG00000135766	6112	17610
ENSG00000135773	81	70
ENSG00000135775	2328	3225
ENSG00000135776	1125	1772
ENSG00000135778	2749	3430
ENSG00000135801	1369	1870
ENSG00000135821	10419	50695
ENSG00000135823	3795	2055
ENSG00000135824	2	6
ENSG00000135828	1207	638
ENSG00000135829	10975	7193
ENSG00000135835	1139	2338
ENSG00000135837	8922	4439
ENSG00000135838	768	671
ENSG00000135842	13321	96238
ENSG00000135845	3811	871
ENSG00000135862	16691	38256
ENSG00000135870	7889	9078
ENSG00000135898	1	16
ENSG00000135899	2973	1664
ENSG00000135900	1063	2939
ENSG00000135902	29	19
ENSG00000135903	357	145
ENSG00000135905	1026	342
ENSG00000135912	2097	1531
ENSG00000135913	3503	1716
ENSG00000135914	260	194
ENSG00000135916	14361	4240
ENSG00000135917	911	1848
ENSG00000135919	1632	4905
ENSG00000135924	3062	5970
ENSG00000135925	18	14
ENSG00000135926	3153	17191
ENSG00000135929	175	1169
ENSG00000135930	4673	5017
ENSG00000135931	3171	1168
ENSG00000135932	3555	9328
ENSG00000135940	5170	38537
ENSG00000135945	4782	3864
ENSG00000135951	1457	109
ENSG00000135953	769	665
ENSG00000135956	3912	20246
ENSG00000135960	102	6
ENSG00000135966	1932	3211
ENSG00000135968	6449	1772
ENSG00000135972	1210	2423
ENSG00000135973	30	10
ENSG00000135976	16993	1296
ENSG00000135999	4424	2132
ENSG00000136002	899	476
ENSG00000136003	2033	21521
ENSG00000136010	2989	890
ENSG00000136011	758	58
ENSG00000136014	113	51
ENSG00000136021	3123	3373
ENSG00000136026	6857	9857
ENSG00000136040	2155	735
ENSG00000136044	2673	2748
ENSG00000136045	2242	1502
ENSG00000136048	571	1526
ENSG00000136051	6188	2647
ENSG00000136052	576	589
ENSG00000136059	1136	353
ENSG00000136068	14153	19092
ENSG00000136098	944	519
ENSG00000136099	643	5
ENSG00000136100	5853	5542
ENSG00000136104	5980	3953
ENSG00000136108	4253	263
ENSG00000136110	24	7
ENSG00000136111	8715	20763
ENSG00000136114	679	1272
ENSG00000136122	483	82
ENSG00000136141	3258	3288
ENSG00000136143	2518	4684
ENSG00000136144	2444	3385
ENSG00000136146	2012	1803
ENSG00000136147	1694	1181
ENSG00000136149	8	4
ENSG00000136152	3402	3068
ENSG00000136153	9295	26071
ENSG00000136155	2	7
ENSG00000136156	8869	45357
ENSG00000136158	967	3669
ENSG00000136159	758	1035
ENSG00000136160	1335	3672
ENSG00000136161	3988	1482
ENSG00000136167	428	3968
ENSG00000136169	2194	1549
ENSG00000136193	4753	3910
ENSG00000136205	8031	11489
ENSG00000136206	736	413
ENSG00000136213	2895	4157
ENSG00000136231	821	105
ENSG00000136235	5425	27131
ENSG00000136237	3570	2866
ENSG00000136238	10279	17812
ENSG00000136240	7159	10449
ENSG00000136243	1485	1221
ENSG00000136244	83	521
ENSG00000136247	1350	2267
ENSG00000136250	116	265
ENSG00000136261	5747	13421
ENSG00000136267	529	115
ENSG00000136270	3048	6791
ENSG00000136271	2876	2858
ENSG00000136273	1397	2352
ENSG00000136274	695	2219
ENSG00000136275	18	26
ENSG00000136279	5680	8118
ENSG00000136280	1207	2521
ENSG00000136286	119	791
ENSG00000136295	10967	5915
ENSG00000136297	3	3
ENSG00000136305	1215	389
ENSG00000136319	1953	1542
ENSG00000136327	0	0
ENSG00000136352	0	9
ENSG00000136367	765	616
ENSG00000136371	273	578
ENSG00000136378	1190	3191
ENSG00000136379	339	573
ENSG00000136381	8378	4340
ENSG00000136383	13586	85937
ENSG00000136404	269	478
ENSG00000136425	474	2154
ENSG00000136436	3649	14428
ENSG00000136444	2477	3810
ENSG00000136448	4631	9121
ENSG00000136449	474	184
ENSG00000136450	17741	15877
ENSG00000136451	3654	6659
ENSG00000136457	804	143
ENSG00000136463	748	3962
ENSG00000136478	4946	10923
ENSG00000136485	8691	10526
ENSG00000136487	0	0
ENSG00000136488	0	0
ENSG00000136490	328	460
ENSG00000136492	4107	1026
ENSG00000136504	5648	9915
ENSG00000136514	143	91
ENSG00000136518	1434	1060
ENSG00000136521	4695	14091
ENSG00000136522	850	1630
ENSG00000136527	12537	6550
ENSG00000136531	875	544
ENSG00000136535	40	23
ENSG00000136536	9814	5575
ENSG00000136541	11	9
ENSG00000136542	446	133
ENSG00000136546	5247	6056
ENSG00000136560	1627	1285
ENSG00000136573	68	118
ENSG00000136574	3146	18509
ENSG00000136603	9791	2763
ENSG00000136628	8219	4301
ENSG00000136630	329	1690
ENSG00000136631	3431	3488
ENSG00000136634	41	101
ENSG00000136636	4199	2140
ENSG00000136643	2891	1516
ENSG00000136688	3	0
ENSG00000136689	45	201
ENSG00000136694	0	0
ENSG00000136695	1	0
ENSG00000136696	0	0
ENSG00000136697	1	0
ENSG00000136698	6	17
ENSG00000136699	5195	7788
ENSG00000136709	8753	7226
ENSG00000136710	828	1361
ENSG00000136715	2668	3962
ENSG00000136717	3325	2331
ENSG00000136718	1859	3749
ENSG00000136720	3353	4024
ENSG00000136731	6509	10089
ENSG00000136732	2819	8949
ENSG00000136738	2331	4067
ENSG00000136750	410	673
ENSG00000136754	3519	3682
ENSG00000136758	8648	8015
ENSG00000136770	950	1013
ENSG00000136783	1081	1573
ENSG00000136802	2598	7063
ENSG00000136807	2191	3665
ENSG00000136810	2221	1632
ENSG00000136811	3456	2335
ENSG00000136813	13600	16004
ENSG00000136816	1369	1348
ENSG00000136824	3210	624
ENSG00000136826	1265	7516
ENSG00000136827	1637	2149
ENSG00000136828	1261	2639
ENSG00000136830	2284	8095
ENSG00000136834	16	7
ENSG00000136839	4	0
ENSG00000136840	1137	3006
ENSG00000136842	4645	28063
ENSG00000136848	6963	16333
ENSG00000136854	3016	7555
ENSG00000136856	645	1192
ENSG00000136859	1904	15088
ENSG00000136861	7424	6175
ENSG00000136866	544	90
ENSG00000136867	63	678
ENSG00000136868	1297	2496
ENSG00000136869	685	3268
ENSG00000136870	1469	1544
ENSG00000136872	95	147
ENSG00000136874	5898	2737
ENSG00000136875	1845	2052
ENSG00000136877	2000	4391
ENSG00000136878	1584	2408
ENSG00000136881	645	350
ENSG00000136883	58	4
ENSG00000136888	2283	4505
ENSG00000136891	4715	1484
ENSG00000136895	3952	3133
ENSG00000136897	1424	1856
ENSG00000136908	1044	1069
ENSG00000136918	30	12
ENSG00000136925	2154	3042
ENSG00000136928	182	131
ENSG00000136929	648	97
ENSG00000136930	3562	5359
ENSG00000136931	3	0
ENSG00000136932	330	761
ENSG00000136933	1155	991
ENSG00000136935	1602	2113
ENSG00000136936	1175	601
ENSG00000136937	5597	4065
ENSG00000136938	6677	4523
ENSG00000136939	15	3
ENSG00000136940	1598	1164
ENSG00000136942	19875	12361
ENSG00000136943	198	86
ENSG00000136944	4428	261
ENSG00000136950	621	2160
ENSG00000136960	213	521
ENSG00000136982	841	118
ENSG00000136986	2906	6569
ENSG00000136997	21280	4478
ENSG00000136999	299	1624
ENSG00000137033	915	1390
ENSG00000137038	1908	4762
ENSG00000137040	1532	2321
ENSG00000137054	1960	1325
ENSG00000137055	2207	3622
ENSG00000137070	1273	2933
ENSG00000137073	7830	6827
ENSG00000137074	3603	2352
ENSG00000137075	4280	7994
ENSG00000137076	23320	91419
ENSG00000137077	225	1288
ENSG00000137078	17	19
ENSG00000137080	2	1
ENSG00000137090	28	24
ENSG00000137094	1972	9602
ENSG00000137098	138	172
ENSG00000137100	1530	3255
ENSG00000137101	64	46
ENSG00000137103	2693	5294
ENSG00000137106	4038	7394
ENSG00000137124	1763	3409
ENSG00000137133	385	1815
ENSG00000137135	600	258
ENSG00000137142	253	260
ENSG00000137145	7776	6190
ENSG00000137154	57812	19658
ENSG00000137161	2307	2441
ENSG00000137166	7290	5779
ENSG00000137168	686	3533
ENSG00000137171	1518	2313
ENSG00000137177	8987	14366
ENSG00000137185	685	856
ENSG00000137193	1962	5639
ENSG00000137198	1045	5246
ENSG00000137200	3227	4637
ENSG00000137203	29	82
ENSG00000137204	44	149
ENSG00000137207	3704	6931
ENSG00000137210	2013	3792
ENSG00000137216	2443	4813
ENSG00000137218	386	753
ENSG00000137221	2393	3393
ENSG00000137225	31	38
ENSG00000137251	3	33
ENSG00000137252	3	3
ENSG00000137261	34	10
ENSG00000137265	510	232
ENSG00000137266	2462	2367
ENSG00000137267	1537	1374
ENSG00000137269	564	696
ENSG00000137270	72	63
ENSG00000137273	696	30
ENSG00000137274	1352	1462
ENSG00000137275	3032	3059
ENSG00000137285	2798	285
ENSG00000137288	1391	3342
ENSG00000137309	4434	5316
ENSG00000137310	1220	353
ENSG00000137312	5763	20889
ENSG00000137331	760	4887
ENSG00000137337	4229	5730
ENSG00000137338	556	317
ENSG00000137343	1661	483
ENSG00000137364	427	1190
ENSG00000137392	5	69
ENSG00000137393	455	2957
ENSG00000137404	618	526
ENSG00000137409	7012	20813
ENSG00000137411	2240	2320
ENSG00000137413	3031	4519
ENSG00000137414	4058	3702
ENSG00000137440	5	6
ENSG00000137441	2	247
ENSG00000137449	1014	5237
ENSG00000137460	361	196
ENSG00000137462	376	955
ENSG00000137463	26	64
ENSG00000137473	60	7
ENSG00000137474	89	1615
ENSG00000137478	5215	5739
ENSG00000137486	3858	5605
ENSG00000137491	1052	7492
ENSG00000137492	3519	2443
ENSG00000137494	1106	955
ENSG00000137496	1115	1356
ENSG00000137497	30188	24726
ENSG00000137500	2219	1601
ENSG00000137501	1325	516
ENSG00000137502	1850	3657
ENSG00000137504	7067	4393
ENSG00000137507	801	10731
ENSG00000137509	3546	5765
ENSG00000137513	2823	1920
ENSG00000137522	1196	1896
ENSG00000137547	1601	5040
ENSG00000137558	393	64
ENSG00000137561	70	95
ENSG00000137563	545	196
ENSG00000137571	173	5427
ENSG00000137573	1489	2040
ENSG00000137574	2749	653
ENSG00000137575	4153	11784
ENSG00000137601	5365	2366
ENSG00000137628	2663	1292
ENSG00000137634	34	16
ENSG00000137642	1525	4588
ENSG00000137648	304	192
ENSG00000137656	1365	1137
ENSG00000137672	259	91
ENSG00000137673	135	113
ENSG00000137674	26	1
ENSG00000137675	0	2
ENSG00000137691	106	52
ENSG00000137692	2643	2168
ENSG00000137693	16885	14478
ENSG00000137699	78	42
ENSG00000137700	722	722
ENSG00000137707	0	0
ENSG00000137709	68	77
ENSG00000137710	7731	5548
ENSG00000137713	1628	3384
ENSG00000137714	1056	4098
ENSG00000137726	4428	4992
ENSG00000137727	115	432
ENSG00000137731	211	409
ENSG00000137745	12	16
ENSG00000137747	48	31
ENSG00000137752	206	256
ENSG00000137757	41	7
ENSG00000137760	854	480
ENSG00000137764	2674	2712
ENSG00000137766	38	18
ENSG00000137767	66	1528
ENSG00000137770	7572	2372
ENSG00000137776	5204	2345
ENSG00000137801	4878	117115
ENSG00000137802	3757	3680
ENSG00000137804	2644	101
ENSG00000137806	717	2285
ENSG00000137807	1998	103
ENSG00000137809	5461	4457
ENSG00000137812	2793	134
ENSG00000137814	1625	1777
ENSG00000137815	4013	3950
ENSG00000137817	4932	3768
ENSG00000137818	28986	37488
ENSG00000137819	239	386
ENSG00000137821	985	1598
ENSG00000137822	3394	2498
ENSG00000137824	1660	2115
ENSG00000137825	34	121
ENSG00000137831	5396	1860
ENSG00000137834	2161	4923
ENSG00000137841	465	724
ENSG00000137842	1057	1558
ENSG00000137843	121	1187
ENSG00000137845	7794	6379
ENSG00000137857	867	1173
ENSG00000137860	117	203
ENSG00000137868	166	34
ENSG00000137869	72	64
ENSG00000137871	9537	1770
ENSG00000137872	1570	2082
ENSG00000137875	7	3
ENSG00000137876	4522	2207
ENSG00000137877	684	888
ENSG00000137878	1807	9981
ENSG00000137880	150	337
ENSG00000137936	569	2875
ENSG00000137941	879	602
ENSG00000137942	5123	3271
ENSG00000137944	1407	634
ENSG00000137947	976	742
ENSG00000137948	13	15
ENSG00000137955	3076	4578
ENSG00000137959	998	1827
ENSG00000137960	75	461
ENSG00000137962	8132	5681
ENSG00000137965	888	723
ENSG00000137968	266	239
ENSG00000137970	145	33
ENSG00000137975	17	5
ENSG00000137976	3	1
ENSG00000137992	4853	5129
ENSG00000137996	1809	2493
ENSG00000138002	5299	3440
ENSG00000138018	3571	3555
ENSG00000138028	2648	164
ENSG00000138029	7816	96076
ENSG00000138030	310	206
ENSG00000138031	3752	4642
ENSG00000138032	3015	3752
ENSG00000138035	2080	1779
ENSG00000138036	1328	491
ENSG00000138039	42	27
ENSG00000138050	1703	485
ENSG00000138061	606	11926
ENSG00000138068	16	1
ENSG00000138069	3465	6422
ENSG00000138071	13917	11025
ENSG00000138073	1677	5615
ENSG00000138074	1404	1394
ENSG00000138075	28	23
ENSG00000138078	9328	12879
ENSG00000138079	225	137
ENSG00000138080	1563	7390
ENSG00000138081	9116	5720
ENSG00000138083	2668	12
ENSG00000138085	2510	6731
ENSG00000138092	1520	492
ENSG00000138095	21535	14415
ENSG00000138100	1088	18293
ENSG00000138101	1356	822
ENSG00000138107	5024	14090
ENSG00000138109	146	58
ENSG00000138111	491	605
ENSG00000138115	317	7
ENSG00000138119	2575	5563
ENSG00000138131	215	396
ENSG00000138134	452	494
ENSG00000138135	13	153
ENSG00000138136	1	0
ENSG00000138138	3801	10034
ENSG00000138152	19	31
ENSG00000138160	3728	126
ENSG00000138161	100	33
ENSG00000138162	12544	95575
ENSG00000138166	1487	2106
ENSG00000138172	1175	2148
ENSG00000138175	956	1931
ENSG00000138180	520	20
ENSG00000138182	2170	183
ENSG00000138185	3261	2465
ENSG00000138190	1532	981
ENSG00000138193	4543	4745
ENSG00000138207	10	1565
ENSG00000138231	1071	1089
ENSG00000138246	7185	3849
ENSG00000138271	311	1
ENSG00000138279	2240	11166
ENSG00000138286	2944	1184
ENSG00000138303	2993	3352
ENSG00000138308	9	74
ENSG00000138311	4	68
ENSG00000138315	63	58
ENSG00000138316	383	115
ENSG00000138326	29971	7683
ENSG00000138336	14439	649
ENSG00000138346	1178	250
ENSG00000138347	2513	51552
ENSG00000138356	63	1034
ENSG00000138363	4288	3113
ENSG00000138375	2131	1498
ENSG00000138376	4001	1390
ENSG00000138378	806	484
ENSG00000138379	117	4
ENSG00000138380	2973	967
ENSG00000138381	1618	1769
ENSG00000138382	1201	1134
ENSG00000138385	2870	1037
ENSG00000138386	4954	4216
ENSG00000138395	97	29
ENSG00000138398	6433	2749
ENSG00000138399	1786	2786
ENSG00000138400	98	59
ENSG00000138411	5036	7559
ENSG00000138413	1614	3082
ENSG00000138430	5827	2865
ENSG00000138433	1512	490
ENSG00000138434	2957	7595
ENSG00000138435	59	96
ENSG00000138439	3385	761
ENSG00000138442	4100	2515
ENSG00000138443	15080	12614
ENSG00000138448	9130	31090
ENSG00000138449	1552	7845
ENSG00000138459	2018	1433
ENSG00000138463	1309	2999
ENSG00000138468	6383	1119
ENSG00000138472	0	107
ENSG00000138483	31	17
ENSG00000138495	636	3374
ENSG00000138496	1526	3017
ENSG00000138587	479	58
ENSG00000138592	6494	3456
ENSG00000138593	6117	5587
ENSG00000138594	5968	3813
ENSG00000138600	7975	17265
ENSG00000138604	3427	1577
ENSG00000138606	563	823
ENSG00000138613	625	1144
ENSG00000138614	1717	1529
ENSG00000138615	237	4084
ENSG00000138617	1266	720
ENSG00000138621	764	636
ENSG00000138622	1462	3443
ENSG00000138623	236	486
ENSG00000138629	1530	3580
ENSG00000138639	1503	1876
ENSG00000138640	7810	1968
ENSG00000138641	2090	7128
ENSG00000138642	525	1613
ENSG00000138646	328	487
ENSG00000138650	337	142
ENSG00000138653	33	4
ENSG00000138658	1698	207
ENSG00000138660	1660	897
ENSG00000138663	1690	2379
ENSG00000138668	11768	8111
ENSG00000138669	30	67
ENSG00000138670	427	998
ENSG00000138674	15400	15807
ENSG00000138675	120	92
ENSG00000138678	1293	6668
ENSG00000138684	0	0
ENSG00000138685	990	1709
ENSG00000138686	1004	404
ENSG00000138696	75	704
ENSG00000138698	2351	1108
ENSG00000138709	3161	1945
ENSG00000138722	421	258
ENSG00000138735	2450	1698
ENSG00000138738	1040	1844
ENSG00000138741	349	234
ENSG00000138744	356	997
ENSG00000138750	4443	2227
ENSG00000138755	23	43
ENSG00000138756	4429	4086
ENSG00000138757	7582	8611
ENSG00000138758	12150	5331
ENSG00000138759	4333	1896
ENSG00000138760	10294	16551
ENSG00000138764	4024	1127
ENSG00000138767	5254	4232
ENSG00000138768	7163	6534
ENSG00000138769	80	37
ENSG00000138771	3702	5688
ENSG00000138772	440	1861
ENSG00000138777	3310	4036
ENSG00000138778	1929	30
ENSG00000138780	1413	599
ENSG00000138785	728	817
ENSG00000138792	961	1045
ENSG00000138794	318	308
ENSG00000138795	120	107
ENSG00000138796	3306	20561
ENSG00000138798	277	1571
ENSG00000138801	2490	1244
ENSG00000138802	5375	6261
ENSG00000138814	3843	2789
ENSG00000138821	246	1726
ENSG00000138823	8	214
ENSG00000138829	13968	4742
ENSG00000138834	7973	14600
ENSG00000138835	4028	11346
ENSG00000138867	3393	21970
ENSG00000138892	0	0
ENSG00000138942	2304	3766
ENSG00000138944	570	489
ENSG00000138964	140	483
ENSG00000139044	5135	5800
ENSG00000139053	0	0
ENSG00000139055	45	58
ENSG00000139083	3260	4458
ENSG00000139112	1348	42971
ENSG00000139116	2144	4615
ENSG00000139117	319	1577
ENSG00000139131	1020	951
ENSG00000139132	1323	5265
ENSG00000139133	1144	681
ENSG00000139144	48	58
ENSG00000139146	3803	1455
ENSG00000139151	5	10
ENSG00000139154	4395	2519
ENSG00000139155	22	145
ENSG00000139160	860	912
ENSG00000139163	8700	3595
ENSG00000139168	2445	1437
ENSG00000139173	1141	691
ENSG00000139174	2374	4216
ENSG00000139178	2740	2768
ENSG00000139180	3533	9827
ENSG00000139182	2302	1616
ENSG00000139187	173	225
ENSG00000139190	1344	619
ENSG00000139192	790	1399
ENSG00000139193	133	47
ENSG00000139194	352	216
ENSG00000139197	2710	3649
ENSG00000139200	1531	122
ENSG00000139209	308	76
ENSG00000139211	104	433
ENSG00000139218	15588	6970
ENSG00000139219	5874	10
ENSG00000139220	359	24
ENSG00000139223	6	2
ENSG00000139233	2143	1379
ENSG00000139239	85	21
ENSG00000139263	6748	997
ENSG00000139266	1009	1850
ENSG00000139269	81	21
ENSG00000139278	3463	940
ENSG00000139287	1008	529
ENSG00000139289	18890	3227
ENSG00000139291	1200	3764
ENSG00000139292	58	27
ENSG00000139304	33	198
ENSG00000139318	3535	4500
ENSG00000139323	3534	1546
ENSG00000139324	3760	1110
ENSG00000139329	4778	5295
ENSG00000139330	15659	0
ENSG00000139343	601	502
ENSG00000139344	102	188
ENSG00000139350	1921	782
ENSG00000139351	399	262
ENSG00000139352	15	8
ENSG00000139354	2247	736
ENSG00000139364	900	908
ENSG00000139370	1678	2550
ENSG00000139372	2091	1750
ENSG00000139405	828	1885
ENSG00000139410	178	796
ENSG00000139428	1110	2288
ENSG00000139433	1714	2956
ENSG00000139436	5486	9484
ENSG00000139437	1676	1304
ENSG00000139438	910	2282
ENSG00000139445	61	43
ENSG00000139496	6629	4129
ENSG00000139505	1952	3008
ENSG00000139508	262	1773
ENSG00000139514	5478	7777
ENSG00000139515	18	7
ENSG00000139517	2118	3428
ENSG00000139531	1938	3652
ENSG00000139537	373	183
ENSG00000139540	53	43
ENSG00000139546	961	581
ENSG00000139547	341	190
ENSG00000139549	84	237
ENSG00000139567	583	5921
ENSG00000139572	9	59
ENSG00000139574	170	79
ENSG00000139579	1166	1394
ENSG00000139597	1698	784
ENSG00000139610	0	0
ENSG00000139613	12544	16329
ENSG00000139618	2164	246
ENSG00000139620	1698	2095
ENSG00000139624	3066	2117
ENSG00000139625	4852	1912
ENSG00000139626	59	111
ENSG00000139629	294	364
ENSG00000139631	5587	1203
ENSG00000139636	1535	2301
ENSG00000139637	1620	2099
ENSG00000139641	7672	9069
ENSG00000139644	16525	31368
ENSG00000139645	5408	11664
ENSG00000139648	1	0
ENSG00000139651	4403	3161
ENSG00000139656	235	5
ENSG00000139668	1907	3643
ENSG00000139675	769	0
ENSG00000139679	1184	1009
ENSG00000139684	4063	3833
ENSG00000139687	5337	4278
ENSG00000139697	9459	5323
ENSG00000139714	200	161
ENSG00000139718	6865	9818
ENSG00000139719	1341	1696
ENSG00000139722	2570	3983
ENSG00000139725	516	2831
ENSG00000139726	3837	2793
ENSG00000139734	2293	115
ENSG00000139737	116	684
ENSG00000139746	11647	3552
ENSG00000139767	191	177
ENSG00000139780	49	24
ENSG00000139793	5430	8576
ENSG00000139797	169	113
ENSG00000139800	1179	0
ENSG00000139826	1429	1103
ENSG00000139832	170	1437
ENSG00000139835	408	251
ENSG00000139842	6210	12574
ENSG00000139865	115	62
ENSG00000139874	7	307
ENSG00000139880	925	227
ENSG00000139890	26	11
ENSG00000139899	354	202
ENSG00000139908	356	268
ENSG00000139910	398	646
ENSG00000139914	1021	6813
ENSG00000139915	84	22
ENSG00000139921	2899	1861
ENSG00000139926	2513	1381
ENSG00000139946	2733	1078
ENSG00000139970	616	300
ENSG00000139971	3490	1617
ENSG00000139973	668	191
ENSG00000139974	3288	644
ENSG00000139977	2559	4461
ENSG00000139985	209	47
ENSG00000139988	12	10
ENSG00000139990	5162	12182
ENSG00000139998	1593	8280
ENSG00000140006	1245	399
ENSG00000140009	685	765
ENSG00000140015	10	15
ENSG00000140022	813	2115
ENSG00000140025	1066	466
ENSG00000140030	94	119
ENSG00000140043	1625	3264
ENSG00000140044	1140	2231
ENSG00000140057	107	93
ENSG00000140067	0	18
ENSG00000140090	250	279
ENSG00000140092	1605	12655
ENSG00000140093	1480	804
ENSG00000140104	479	280
ENSG00000140105	2992	14778
ENSG00000140107	6	4
ENSG00000140153	2104	2624
ENSG00000140157	2574	2236
ENSG00000140199	5203	6630
ENSG00000140254	90	117
ENSG00000140259	879	776
ENSG00000140262	10879	4448
ENSG00000140263	3415	1443
ENSG00000140264	9022	24248
ENSG00000140265	1395	1538
ENSG00000140274	34	48
ENSG00000140279	104	433
ENSG00000140280	194	327
ENSG00000140284	3	15
ENSG00000140285	836	1018
ENSG00000140287	10	67
ENSG00000140297	159	127
ENSG00000140299	4185	7472
ENSG00000140307	1435	2547
ENSG00000140319	3087	5241
ENSG00000140320	2421	4669
ENSG00000140323	631	643
ENSG00000140326	2052	1709
ENSG00000140332	3780	4687
ENSG00000140350	7988	7969
ENSG00000140365	1573	1648
ENSG00000140367	2273	2757
ENSG00000140368	273	406
ENSG00000140374	2959	13056
ENSG00000140379	15	77
ENSG00000140382	4659	4517
ENSG00000140386	3921	2493
ENSG00000140391	6364	7842
ENSG00000140396	6642	13103
ENSG00000140398	686	907
ENSG00000140400	5782	8859
ENSG00000140403	2482	25712
ENSG00000140406	1228	3397
ENSG00000140416	93240	336409
ENSG00000140443	15290	27111
ENSG00000140450	1380	3297
ENSG00000140451	398	68
ENSG00000140455	4049	2856
ENSG00000140459	76	154
ENSG00000140463	1628	1056
ENSG00000140464	3569	7406
ENSG00000140465	1	6207
ENSG00000140470	2344	408
ENSG00000140471	1959	1077
ENSG00000140474	1772	2786
ENSG00000140478	0	3
ENSG00000140479	1586	6846
ENSG00000140481	22	14
ENSG00000140488	224	84
ENSG00000140497	2005	5485
ENSG00000140505	359	275
ENSG00000140506	2	284
ENSG00000140511	433	470
ENSG00000140519	14	25
ENSG00000140521	2618	5916
ENSG00000140522	5	9
ENSG00000140525	3232	475
ENSG00000140526	4236	36863
ENSG00000140527	206	87
ENSG00000140534	1614	173
ENSG00000140538	6323	1582
ENSG00000140543	1462	1118
ENSG00000140545	5816	43412
ENSG00000140548	1717	8364
ENSG00000140553	2913	3458
ENSG00000140557	421	859
ENSG00000140563	38431	695
ENSG00000140564	3535	15878
ENSG00000140575	9807	9835
ENSG00000140577	5153	9258
ENSG00000140598	1217	1353
ENSG00000140600	376	15
ENSG00000140612	4025	3981
ENSG00000140623	3	11
ENSG00000140632	5933	12372
ENSG00000140650	3612	4419
ENSG00000140675	208	151
ENSG00000140678	611	1048
ENSG00000140682	3708	3031
ENSG00000140688	5229	3489
ENSG00000140691	822	888
ENSG00000140694	3443	3241
ENSG00000140718	7432	9425
ENSG00000140740	9001	25969
ENSG00000140743	1012	1060
ENSG00000140749	536	465
ENSG00000140750	3652	9406
ENSG00000140795	9718	68941
ENSG00000140798	487	104
ENSG00000140807	5289	549
ENSG00000140829	3522	6016
ENSG00000140830	1168	1058
ENSG00000140832	221	129
ENSG00000140835	14	18
ENSG00000140836	13054	13453
ENSG00000140839	59	15
ENSG00000140848	1076	1965
ENSG00000140853	1640	2966
ENSG00000140854	1079	1460
ENSG00000140859	1426	10159
ENSG00000140873	300	34
ENSG00000140876	200	1215
ENSG00000140905	2026	1999
ENSG00000140931	2717	2016
ENSG00000140932	21	11
ENSG00000140937	11495	2011
ENSG00000140939	1016	3636
ENSG00000140941	2788	12600
ENSG00000140943	15704	15817
ENSG00000140945	1858	12338
ENSG00000140948	5768	6306
ENSG00000140950	1778	1305
ENSG00000140955	27	16
ENSG00000140961	224	1158
ENSG00000140968	175	905
ENSG00000140983	3742	5270
ENSG00000140986	1555	17827
ENSG00000140987	959	917
ENSG00000140988	105551	38416
ENSG00000140990	1705	15014
ENSG00000140992	4720	9577
ENSG00000140993	915	429
ENSG00000140995	1595	3762
ENSG00000141002	6411	8044
ENSG00000141012	1805	2393
ENSG00000141013	958	1988
ENSG00000141026	1366	4782
ENSG00000141027	18927	12209
ENSG00000141030	1891	4066
ENSG00000141034	2048	3136
ENSG00000141040	1234	448
ENSG00000141052	5748	7675
ENSG00000141068	2961	3160
ENSG00000141076	2107	2887
ENSG00000141084	3043	3895
ENSG00000141086	80	130
ENSG00000141096	1	5
ENSG00000141098	1583	1637
ENSG00000141101	5099	1519
ENSG00000141127	1525	1334
ENSG00000141161	6405	29132
ENSG00000141179	490	1493
ENSG00000141194	206	122
ENSG00000141198	1056	643
ENSG00000141200	0	0
ENSG00000141232	3211	12126
ENSG00000141252	6506	8616
ENSG00000141255	9	27
ENSG00000141258	3961	3892
ENSG00000141279	12249	15088
ENSG00000141293	28	85
ENSG00000141294	142	97
ENSG00000141295	749	2050
ENSG00000141298	6708	12092
ENSG00000141314	61	210
ENSG00000141316	9	7
ENSG00000141337	1956	1932
ENSG00000141338	3698	9829
ENSG00000141349	2626	3646
ENSG00000141367	19108	23353
ENSG00000141376	3695	3798
ENSG00000141378	1333	746
ENSG00000141380	7801	6470
ENSG00000141384	2013	298
ENSG00000141385	6246	17062
ENSG00000141391	859	303
ENSG00000141401	1318	2764
ENSG00000141404	429	1071
ENSG00000141424	4328	1853
ENSG00000141425	5360	5562
ENSG00000141429	3602	2132
ENSG00000141431	570	717
ENSG00000141433	61	136
ENSG00000141434	67	62
ENSG00000141437	18	14
ENSG00000141441	1336	3172
ENSG00000141446	2178	791
ENSG00000141447	5111	6811
ENSG00000141448	6642	12224
ENSG00000141449	621	2466
ENSG00000141452	665	1713
ENSG00000141456	4490	7307
ENSG00000141458	2707	4675
ENSG00000141469	576	1661
ENSG00000141480	1426	2680
ENSG00000141485	104	74
ENSG00000141497	26	41
ENSG00000141499	757	449
ENSG00000141503	7867	7462
ENSG00000141504	1262	1914
ENSG00000141505	179	95
ENSG00000141506	155	571
ENSG00000141510	7812	3362
ENSG00000141519	403	765
ENSG00000141522	10904	20827
ENSG00000141524	2382	6321
ENSG00000141526	3267	2551
ENSG00000141527	337	189
ENSG00000141540	2600	4361
ENSG00000141542	1055	1744
ENSG00000141543	2314	2371
ENSG00000141551	6055	11765
ENSG00000141552	969	2668
ENSG00000141556	5990	8358
ENSG00000141560	1326	1231
ENSG00000141562	2522	3910
ENSG00000141564	4208	7968
ENSG00000141568	5789	8081
ENSG00000141569	2333	1458
ENSG00000141570	1728	360
ENSG00000141574	284	919
ENSG00000141576	856	1717
ENSG00000141577	941	1004
ENSG00000141579	229	366
ENSG00000141580	3404	5104
ENSG00000141582	3631	4120
ENSG00000141627	5194	5555
ENSG00000141639	1002	10216
ENSG00000141642	432	420
ENSG00000141644	3866	6260
ENSG00000141646	12079	12410
ENSG00000141655	131	468
ENSG00000141664	2046	4985
ENSG00000141665	8465	4585
ENSG00000141668	106	50
ENSG00000141682	86	70
ENSG00000141696	2424	664
ENSG00000141698	1693	1717
ENSG00000141699	4456	4786
ENSG00000141736	7977	14521
ENSG00000141738	62	153
ENSG00000141741	652	2178
ENSG00000141744	109	181
ENSG00000141748	72	33
ENSG00000141750	218	191
ENSG00000141753	6433	59637
ENSG00000141756	20122	2801
ENSG00000141759	2059	2911
ENSG00000141837	1371	1167
ENSG00000141854	135	596
ENSG00000141858	4725	3729
ENSG00000141867	13390	24680
ENSG00000141873	602	1675
ENSG00000141905	25648	67028
ENSG00000141933	463	926
ENSG00000141934	1063	355
ENSG00000141946	27	23
ENSG00000141956	1437	1305
ENSG00000141959	6281	7987
ENSG00000141965	1713	5894
ENSG00000141968	125	490
ENSG00000141971	1229	1247
ENSG00000141977	1	0
ENSG00000141985	3969	4171
ENSG00000141994	1218	1581
ENSG00000142002	2653	9730
ENSG00000142025	4	15
ENSG00000142039	3136	3884
ENSG00000142046	550	363
ENSG00000142065	1788	586
ENSG00000142082	1228	3064
ENSG00000142089	3299	27127
ENSG00000142102	1294	1220
ENSG00000142149	3087	444
ENSG00000142156	44627	55849
ENSG00000142163	0	0
ENSG00000142166	5251	4187
ENSG00000142168	3475	11642
ENSG00000142173	36978	54611
ENSG00000142178	3969	8513
ENSG00000142182	15	8
ENSG00000142185	899	449
ENSG00000142186	3180	8419
ENSG00000142188	1695	3825
ENSG00000142192	32701	49389
ENSG00000142197	1346	4367
ENSG00000142207	8249	12297
ENSG00000142208	6401	16059
ENSG00000142224	99	49
ENSG00000142227	989	1976
ENSG00000142230	4641	3750
ENSG00000142233	113	40
ENSG00000142235	51	277
ENSG00000142252	429	509
ENSG00000142273	7	6
ENSG00000142279	2920	4327
ENSG00000142303	4727	1298
ENSG00000142319	0	5
ENSG00000142327	1493	10110
ENSG00000142330	1388	1753
ENSG00000142347	1234	1425
ENSG00000142396	1586	1328
ENSG00000142405	108	152
ENSG00000142408	380	183
ENSG00000142409	1196	3557
ENSG00000142444	504	938
ENSG00000142449	56	16
ENSG00000142453	4517	7043
ENSG00000142459	1408	3973
ENSG00000142484	0	1
ENSG00000142494	664	1129
ENSG00000142507	1705	6019
ENSG00000142511	3	0
ENSG00000142512	268	421
ENSG00000142513	107	53
ENSG00000142515	1	20
ENSG00000142528	1066	436
ENSG00000142530	119	86
ENSG00000142534	41070	25115
ENSG00000142538	9	1
ENSG00000142541	95845	45784
ENSG00000142544	409	465
ENSG00000142546	1497	2389
ENSG00000142549	57	72
ENSG00000142552	1705	1681
ENSG00000142556	1467	476
ENSG00000142583	197	772
ENSG00000142599	15300	58757
ENSG00000142606	24	13
ENSG00000142609	245	218
ENSG00000142611	2371	4266
ENSG00000142615	17	111
ENSG00000142619	2	0
ENSG00000142621	126	80
ENSG00000142623	10	0
ENSG00000142627	1265	3437
ENSG00000142632	215	165
ENSG00000142634	4739	3099
ENSG00000142655	1330	3086
ENSG00000142657	2559	4650
ENSG00000142661	541	55434
ENSG00000142669	1972	6410
ENSG00000142675	226	215
ENSG00000142676	28612	11142
ENSG00000142677	5	65
ENSG00000142684	394	1055
ENSG00000142687	5661	14147
ENSG00000142694	805	617
ENSG00000142700	2	3
ENSG00000142731	995	15
ENSG00000142733	823	7042
ENSG00000142748	74	1232
ENSG00000142751	1361	2033
ENSG00000142765	236	408
ENSG00000142784	4505	17618
ENSG00000142789	0	135
ENSG00000142794	2056	801
ENSG00000142798	70255	170278
ENSG00000142856	1226	263
ENSG00000142864	24788	14647
ENSG00000142867	1237	1454
ENSG00000142871	11300	13902
ENSG00000142875	3159	4072
ENSG00000142892	1862	2606
ENSG00000142910	1553	27479
ENSG00000142920	430	413
ENSG00000142937	55831	17974
ENSG00000142945	943	144
ENSG00000142949	6838	4786
ENSG00000142959	26	18
ENSG00000142961	823	2118
ENSG00000142973	14	4779
ENSG00000143001	1	8
ENSG00000143006	0	0
ENSG00000143013	1382	3079
ENSG00000143028	184	5289
ENSG00000143032	0	0
ENSG00000143033	3230	762
ENSG00000143036	233	453
ENSG00000143061	2898	5311
ENSG00000143067	2302	3384
ENSG00000143079	2634	2363
ENSG00000143093	2584	3241
ENSG00000143105	0	0
ENSG00000143106	1728	2599
ENSG00000143107	4	2
ENSG00000143119	138	769
ENSG00000143125	1	83
ENSG00000143126	1226	5471
ENSG00000143127	466	621
ENSG00000143147	2856	714
ENSG00000143149	2553	6196
ENSG00000143153	4143	35032
ENSG00000143155	2793	3073
ENSG00000143156	1123	619
ENSG00000143157	4203	5130
ENSG00000143158	2262	12097
ENSG00000143162	2287	6475
ENSG00000143164	7597	17175
ENSG00000143167	13	118
ENSG00000143171	65	738
ENSG00000143178	257	114
ENSG00000143179	3923	1566
ENSG00000143183	2678	3349
ENSG00000143184	4	17
ENSG00000143185	0	5
ENSG00000143190	6002	4287
ENSG00000143194	86	260
ENSG00000143195	537	1547
ENSG00000143196	537	4909
ENSG00000143198	5210	20234
ENSG00000143199	38	52
ENSG00000143207	2925	2662
ENSG00000143217	47	27
ENSG00000143222	2519	2301
ENSG00000143224	1265	740
ENSG00000143226	592	3443
ENSG00000143228	794	12
ENSG00000143248	6990	17769
ENSG00000143252	2535	10167
ENSG00000143256	357	855
ENSG00000143257	72	402
ENSG00000143258	2161	1428
ENSG00000143278	0	0
ENSG00000143294	3590	5076
ENSG00000143297	1377	737
ENSG00000143303	1007	1178
ENSG00000143314	1580	3224
ENSG00000143315	1862	1404
ENSG00000143318	340	2015
ENSG00000143319	2660	1775
ENSG00000143320	8096	107
ENSG00000143321	10099	15385
ENSG00000143322	4588	5650
ENSG00000143324	4303	20722
ENSG00000143333	779	614
ENSG00000143337	6124	6863
ENSG00000143340	23	62
ENSG00000143341	2083	2843
ENSG00000143344	2757	5466
ENSG00000143353	2736	4910
ENSG00000143355	45	47
ENSG00000143363	2088	6838
ENSG00000143365	255	1908
ENSG00000143367	241	883
ENSG00000143368	2428	3877
ENSG00000143369	445	4883
ENSG00000143373	2467	4381
ENSG00000143374	1729	3210
ENSG00000143375	176	186
ENSG00000143376	7599	9451
ENSG00000143379	5717	3045
ENSG00000143382	1310	11417
ENSG00000143384	15172	25738
ENSG00000143387	2243	995
ENSG00000143390	3026	1985
ENSG00000143393	5313	8511
ENSG00000143398	7719	7581
ENSG00000143401	5890	3874
ENSG00000143409	2627	7081
ENSG00000143412	393	668
ENSG00000143416	857	5278
ENSG00000143418	6804	8778
ENSG00000143420	5527	14316
ENSG00000143429	2306	740
ENSG00000143434	4678	9437
ENSG00000143436	1374	1980
ENSG00000143437	6990	7962
ENSG00000143442	18335	11330
ENSG00000143450	198	137
ENSG00000143452	3	4
ENSG00000143457	2015	1857
ENSG00000143458	3270	3007
ENSG00000143469	447	167
ENSG00000143473	437	164
ENSG00000143476	1838	53
ENSG00000143479	1745	4196
ENSG00000143486	3776	2707
ENSG00000143493	2286	951
ENSG00000143494	3104	323
ENSG00000143498	569	221
ENSG00000143499	3153	14288
ENSG00000143502	638	631
ENSG00000143507	205	1090
ENSG00000143512	22	11
ENSG00000143514	3492	3565
ENSG00000143515	4639	4617
ENSG00000143520	260	113
ENSG00000143536	4	7
ENSG00000143537	3076	8824
ENSG00000143543	1498	3387
ENSG00000143545	3093	2583
ENSG00000143546	33	1477
ENSG00000143549	6871	12694
ENSG00000143552	96	134
ENSG00000143553	728	3036
ENSG00000143554	1113	1184
ENSG00000143556	3	0
ENSG00000143569	14360	17935
ENSG00000143570	2784	6588
ENSG00000143575	2430	9039
ENSG00000143578	816	306
ENSG00000143590	1251	58
ENSG00000143595	41	32
ENSG00000143603	1659	1113
ENSG00000143614	11888	14768
ENSG00000143621	5198	5649
ENSG00000143622	1565	2240
ENSG00000143624	14423	7216
ENSG00000143627	4	4
ENSG00000143630	340	123
ENSG00000143631	1629	830
ENSG00000143632	6142	261654
ENSG00000143641	4362	7588
ENSG00000143643	1630	773
ENSG00000143653	2365	3157
ENSG00000143669	3372	2831
ENSG00000143674	90	146
ENSG00000143702	12004	2788
ENSG00000143727	3512	3603
ENSG00000143740	2090	4930
ENSG00000143742	7184	10282
ENSG00000143748	2024	1196
ENSG00000143751	2199	3006
ENSG00000143753	1879	4257
ENSG00000143756	3254	3986
ENSG00000143761	9873	32322
ENSG00000143768	60	50
ENSG00000143771	1604	2795
ENSG00000143772	3460	6574
ENSG00000143774	2687	7634
ENSG00000143776	16465	8264
ENSG00000143786	516	246
ENSG00000143797	4167	1405
ENSG00000143799	10000	15498
ENSG00000143801	2123	3093
ENSG00000143811	1446	5025
ENSG00000143815	2847	2217
ENSG00000143816	1401	958
ENSG00000143819	3790	8064
ENSG00000143839	3	9
ENSG00000143842	1455	3348
ENSG00000143845	162	467
ENSG00000143847	3742	5038
ENSG00000143850	1679	5039
ENSG00000143851	280	238
ENSG00000143858	883	990
ENSG00000143862	1695	5878
ENSG00000143867	15248	1447
ENSG00000143869	3836	599
ENSG00000143870	6989	10912
ENSG00000143878	16402	41716
ENSG00000143882	163	175
ENSG00000143889	3603	2314
ENSG00000143891	517	905
ENSG00000143919	1118	459
ENSG00000143921	449	247
ENSG00000143924	8560	1587
ENSG00000143933	12504	20401
ENSG00000143942	228	143
ENSG00000143947	25553	9283
ENSG00000143951	3972	2934
ENSG00000143952	3903	1882
ENSG00000143954	0	0
ENSG00000143970	5620	7567
ENSG00000143971	3251	432
ENSG00000143977	1284	2190
ENSG00000143994	185	286
ENSG00000143995	28083	5332
ENSG00000144010	1	0
ENSG00000144015	0	0
ENSG00000144021	4345	6743
ENSG00000144026	4218	1219
ENSG00000144028	17315	19081
ENSG00000144029	6301	6134
ENSG00000144031	83	193
ENSG00000144034	706	405
ENSG00000144035	23	5
ENSG00000144036	8037	23654
ENSG00000144040	1229	1549
ENSG00000144043	2700	8488
ENSG00000144045	19	2
ENSG00000144048	1635	1313
ENSG00000144057	429	402
ENSG00000144061	1650	840
ENSG00000144063	297	3174
ENSG00000144115	2178	1415
ENSG00000144118	1934	3791
ENSG00000144119	1	12
ENSG00000144120	701	624
ENSG00000144130	37	0
ENSG00000144134	1902	768
ENSG00000144136	2656	3281
ENSG00000144152	900	222
ENSG00000144161	2074	888
ENSG00000144182	352	251
ENSG00000144191	4	8
ENSG00000144199	987	2112
ENSG00000144214	106	67
ENSG00000144218	1972	2227
ENSG00000144224	6924	4568
ENSG00000144227	51	2
ENSG00000144228	2903	1643
ENSG00000144229	77	57
ENSG00000144230	596	3061
ENSG00000144231	3498	3755
ENSG00000144233	2563	3405
ENSG00000144278	24	30
ENSG00000144283	5405	7747
ENSG00000144285	57	151
ENSG00000144290	36	43
ENSG00000144306	1598	1661
ENSG00000144320	3188	3682
ENSG00000144331	261	589
ENSG00000144339	164	126
ENSG00000144354	2343	134
ENSG00000144355	373	8
ENSG00000144357	11112	14633
ENSG00000144362	412	223
ENSG00000144366	483	391
ENSG00000144369	405	300
ENSG00000144381	13110	7488
ENSG00000144395	471	84
ENSG00000144401	939	662
ENSG00000144406	937	386
ENSG00000144407	7	5
ENSG00000144410	7	14
ENSG00000144426	9975	7010
ENSG00000144445	4203	2561
ENSG00000144451	1384	1010
ENSG00000144452	414	4
ENSG00000144455	2425	1848
ENSG00000144460	35	10
ENSG00000144468	1728	4090
ENSG00000144476	2910	5132
ENSG00000144481	141	127
ENSG00000144485	218	58
ENSG00000144488	392	56
ENSG00000144504	1279	1037
ENSG00000144524	2068	2195
ENSG00000144535	3309	3222
ENSG00000144550	25	9
ENSG00000144554	1573	413
ENSG00000144559	1995	1489
ENSG00000144560	5072	5192
ENSG00000144566	3164	4666
ENSG00000144567	3698	5135
ENSG00000144579	6958	13192
ENSG00000144580	4089	3746
ENSG00000144583	31	28
ENSG00000144589	907	1233
ENSG00000144591	1285	1856
ENSG00000144596	338	3918
ENSG00000144597	1559	2380
ENSG00000144619	404	182
ENSG00000144635	2655	5111
ENSG00000144642	3986	5575
ENSG00000144644	661	283
ENSG00000144645	535	1334
ENSG00000144647	1002	2777
ENSG00000144648	550	530
ENSG00000144649	6270	3997
ENSG00000144655	1221	4919
ENSG00000144659	1704	1689
ENSG00000144668	8021	16397
ENSG00000144671	47	17
ENSG00000144674	10088	8050
ENSG00000144677	2583	6322
ENSG00000144681	21	86
ENSG00000144711	7297	24489
ENSG00000144712	2315	12742
ENSG00000144713	42766	20532
ENSG00000144724	12130	12151
ENSG00000144730	4812	1988
ENSG00000144736	2183	1932
ENSG00000144741	3535	2881
ENSG00000144744	3110	4805
ENSG00000144746	4143	12823
ENSG00000144747	3640	1569
ENSG00000144749	8808	20326
ENSG00000144771	76	46
ENSG00000144791	4174	6855
ENSG00000144792	1776	554
ENSG00000144802	430	3098
ENSG00000144810	5990	5060
ENSG00000144815	1682	8877
ENSG00000144820	0	1
ENSG00000144821	38	26
ENSG00000144824	7932	14318
ENSG00000144827	1390	3717
ENSG00000144834	1	15
ENSG00000144837	12	344
ENSG00000144840	1345	1502
ENSG00000144843	271	1608
ENSG00000144847	301	371
ENSG00000144848	1832	2399
ENSG00000144852	8	12
ENSG00000144857	15296	1968
ENSG00000144867	1554	2439
ENSG00000144868	304	448
ENSG00000144891	144	427
ENSG00000144893	9487	380
ENSG00000144895	7498	3420
ENSG00000144908	384	4293
ENSG00000144909	1996	1890
ENSG00000144935	1588	2301
ENSG00000144959	354	7393
ENSG00000144962	0	0
ENSG00000145002	65	20
ENSG00000145012	30964	39843
ENSG00000145014	1082	705
ENSG00000145016	2995	6550
ENSG00000145020	1521	2693
ENSG00000145022	1413	1543
ENSG00000145029	656	1475
ENSG00000145040	6	2
ENSG00000145041	4022	4368
ENSG00000145050	1347	1875
ENSG00000145087	42	3
ENSG00000145088	144	80
ENSG00000145103	36	51
ENSG00000145107	55	25
ENSG00000145113	209	358
ENSG00000145147	826	3011
ENSG00000145191	2921	3886
ENSG00000145192	0	10
ENSG00000145194	4	47
ENSG00000145198	92	51
ENSG00000145214	940	1152
ENSG00000145216	3989	2246
ENSG00000145217	672	467
ENSG00000145220	539	299
ENSG00000145241	4278	1179
ENSG00000145242	90	89
ENSG00000145244	5422	12297
ENSG00000145246	3987	1851
ENSG00000145247	317	375
ENSG00000145248	15	4
ENSG00000145283	28	103
ENSG00000145284	1971	1083
ENSG00000145287	208	238
ENSG00000145293	1769	1389
ENSG00000145309	0	0
ENSG00000145321	0	6
ENSG00000145331	306	136
ENSG00000145332	2241	2571
ENSG00000145335	641	505
ENSG00000145337	766	1334
ENSG00000145348	5148	1895
ENSG00000145349	10907	27193
ENSG00000145354	1435	1145
ENSG00000145358	27	86
ENSG00000145362	12813	37230
ENSG00000145365	791	1147
ENSG00000145384	399	190
ENSG00000145386	1805	58
ENSG00000145388	1964	1205
ENSG00000145390	1578	5104
ENSG00000145391	8575	16764
ENSG00000145414	1960	2013
ENSG00000145416	1360	622
ENSG00000145423	850	761
ENSG00000145425	49840	13593
ENSG00000145428	115	99
ENSG00000145431	712	2708
ENSG00000145439	3363	3004
ENSG00000145451	48	28
ENSG00000145476	1057	3673
ENSG00000145491	7	13
ENSG00000145494	1337	7281
ENSG00000145495	19766	32762
ENSG00000145506	2681	734
ENSG00000145526	8427	36
ENSG00000145536	240	154
ENSG00000145545	2601	1175
ENSG00000145555	2226	2649
ENSG00000145569	315	566
ENSG00000145592	26180	10152
ENSG00000145604	4505	1017
ENSG00000145623	2036	7734
ENSG00000145626	86	24
ENSG00000145632	1868	6564
ENSG00000145642	5	1
ENSG00000145649	9	58
ENSG00000145675	24042	9883
ENSG00000145681	114	68
ENSG00000145685	5145	2638
ENSG00000145687	12174	4576
ENSG00000145692	174	86
ENSG00000145700	424	7
ENSG00000145703	439	836
ENSG00000145708	35	117
ENSG00000145715	6351	2376
ENSG00000145721	136	51
ENSG00000145723	665	619
ENSG00000145725	8060	3635
ENSG00000145730	20489	110405
ENSG00000145734	9763	3395
ENSG00000145736	2735	1111
ENSG00000145740	3123	2393
ENSG00000145741	20581	12030
ENSG00000145743	2353	6950
ENSG00000145757	134	15
ENSG00000145777	21	367
ENSG00000145779	819	982
ENSG00000145780	3319	11908
ENSG00000145781	1393	1567
ENSG00000145782	4280	2015
ENSG00000145794	228	58
ENSG00000145808	357	132
ENSG00000145817	1933	1925
ENSG00000145819	3983	11306
ENSG00000145824	25	470
ENSG00000145826	217	70
ENSG00000145832	483	343
ENSG00000145833	6312	3069
ENSG00000145839	0	0
ENSG00000145850	4	39
ENSG00000145860	4763	3914
ENSG00000145861	210	443
ENSG00000145863	17	5
ENSG00000145864	622	366
ENSG00000145868	3398	3309
ENSG00000145879	88	28
ENSG00000145882	923	659
ENSG00000145888	57	39
ENSG00000145901	3278	15761
ENSG00000145907	22469	19550
ENSG00000145908	1727	81
ENSG00000145911	971	614
ENSG00000145912	1620	2214
ENSG00000145916	2659	5257
ENSG00000145919	2497	2945
ENSG00000145920	15	52
ENSG00000145934	4513	38327
ENSG00000145936	1131	986
ENSG00000145945	623	1931
ENSG00000145949	274	378
ENSG00000145975	101	23
ENSG00000145979	1237	1464
ENSG00000145982	1284	1571
ENSG00000145990	1826	15409
ENSG00000145996	2264	1978
ENSG00000146005	168	24
ENSG00000146006	1736	938
ENSG00000146007	1410	1835
ENSG00000146013	69	267
ENSG00000146021	4000	6219
ENSG00000146038	16	27
ENSG00000146039	4	6
ENSG00000146047	0	0
ENSG00000146049	0	0
ENSG00000146054	162	737
ENSG00000146063	2822	3411
ENSG00000146066	2604	7666
ENSG00000146067	3405	2609
ENSG00000146070	45	39
ENSG00000146072	620	3192
ENSG00000146083	4736	4268
ENSG00000146085	2447	3031
ENSG00000146090	354	122
ENSG00000146094	202	656
ENSG00000146109	966	1338
ENSG00000146112	3462	5871
ENSG00000146122	5358	7063
ENSG00000146143	1515	613
ENSG00000146147	5228	50794
ENSG00000146151	154	148
ENSG00000146166	120	99
ENSG00000146192	325	1227
ENSG00000146197	2474	3442
ENSG00000146205	318	451
ENSG00000146215	192	670
ENSG00000146216	66	123
ENSG00000146221	65	34
ENSG00000146223	8344	5573
ENSG00000146232	260	392
ENSG00000146233	140	330
ENSG00000146242	141	628
ENSG00000146243	1926	594
ENSG00000146247	17246	4383
ENSG00000146250	2470	31
ENSG00000146263	4786	1274
ENSG00000146267	504	110
ENSG00000146276	2	2
ENSG00000146278	13001	31294
ENSG00000146281	4721	3515
ENSG00000146282	6004	3844
ENSG00000146285	263	248
ENSG00000146350	3370	680
ENSG00000146352	2	10
ENSG00000146360	0	0
ENSG00000146373	1624	2675
ENSG00000146374	28	44
ENSG00000146376	541	776
ENSG00000146378	0	1
ENSG00000146383	0	0
ENSG00000146385	0	0
ENSG00000146386	52	177
ENSG00000146399	0	1
ENSG00000146409	1393	480
ENSG00000146410	73	11
ENSG00000146411	680	2398
ENSG00000146414	8721	2157
ENSG00000146416	1768	4706
ENSG00000146425	1773	2760
ENSG00000146426	1902	2108
ENSG00000146433	3690	2858
ENSG00000146453	4	19
ENSG00000146457	5363	5961
ENSG00000146463	10555	4781
ENSG00000146469	20	11
ENSG00000146476	947	1369
ENSG00000146477	71	500
ENSG00000146521	133	61
ENSG00000146530	90	70
ENSG00000146535	2873	6949
ENSG00000146555	4043	1883
ENSG00000146574	1816	2977
ENSG00000146576	1260	1758
ENSG00000146587	2526	967
ENSG00000146592	3385	5509
ENSG00000146618	0	0
ENSG00000146648	20301	7586
ENSG00000146666	7	15
ENSG00000146670	826	88
ENSG00000146674	9157	6040
ENSG00000146676	9267	6506
ENSG00000146677	23	41
ENSG00000146678	26	61
ENSG00000146700	264	75
ENSG00000146701	9107	42372
ENSG00000146707	597	1172
ENSG00000146729	5829	15041
ENSG00000146731	6019	4978
ENSG00000146733	1146	759
ENSG00000146755	5	19
ENSG00000146757	816	141
ENSG00000146776	2464	1151
ENSG00000146802	4289	2592
ENSG00000146809	280	3977
ENSG00000146826	597	982
ENSG00000146828	2352	1772
ENSG00000146830	7847	9377
ENSG00000146833	2738	1988
ENSG00000146834	3001	3975
ENSG00000146839	9	5
ENSG00000146842	2748	2491
ENSG00000146856	454	220
ENSG00000146857	31	24
ENSG00000146858	2486	770
ENSG00000146859	712	3925
ENSG00000146872	5077	4966
ENSG00000146904	142	142
ENSG00000146909	2669	2615
ENSG00000146910	23	18
ENSG00000146918	2577	633
ENSG00000146926	106	2219
ENSG00000146938	152	634
ENSG00000146950	703	562
ENSG00000146955	272	151
ENSG00000146963	10015	4593
ENSG00000146966	1726	2829
ENSG00000147003	52	59
ENSG00000147010	2394	5445
ENSG00000147027	1526	4177
ENSG00000147036	85	114
ENSG00000147041	221	24
ENSG00000147044	4683	2523
ENSG00000147050	8138	4489
ENSG00000147059	694	271
ENSG00000147065	9127	49842
ENSG00000147081	1	0
ENSG00000147082	107	26
ENSG00000147099	6378	2276
ENSG00000147100	4748	2795
ENSG00000147113	1268	4498
ENSG00000147117	107	51
ENSG00000147118	726	204
ENSG00000147119	149	2389
ENSG00000147121	972	514
ENSG00000147123	2134	7390
ENSG00000147124	1671	1559
ENSG00000147127	19	7
ENSG00000147130	7434	3840
ENSG00000147133	8084	4955
ENSG00000147138	111	155
ENSG00000147140	19471	12095
ENSG00000147144	999	539
ENSG00000147145	96	22
ENSG00000147155	778	2181
ENSG00000147160	16	3
ENSG00000147162	48916	21825
ENSG00000147164	1838	4753
ENSG00000147166	733	3248
ENSG00000147168	90	265
ENSG00000147174	306	173
ENSG00000147180	2852	91
ENSG00000147183	0	0
ENSG00000147202	3374	1892
ENSG00000147206	20	25
ENSG00000147223	2	2
ENSG00000147224	1823	2471
ENSG00000147231	94	198
ENSG00000147234	379	39
ENSG00000147246	0	0
ENSG00000147251	576	1377
ENSG00000147255	62	948
ENSG00000147256	0	3
ENSG00000147257	618	1137
ENSG00000147262	213	175
ENSG00000147274	26035	10666
ENSG00000147316	4738	2762
ENSG00000147324	1740	4041
ENSG00000147364	3924	4319
ENSG00000147378	3	26
ENSG00000147381	490	0
ENSG00000147383	610	1697
ENSG00000147394	1308	334
ENSG00000147400	684	1070
ENSG00000147403	77010	52216
ENSG00000147408	708	4457
ENSG00000147416	3341	6282
ENSG00000147419	1465	1584
ENSG00000147421	7248	5558
ENSG00000147432	0	0
ENSG00000147434	0	0
ENSG00000147437	312	95
ENSG00000147439	930	1559
ENSG00000147443	51	494
ENSG00000147454	5546	7034
ENSG00000147457	1666	3937
ENSG00000147459	3697	11032
ENSG00000147465	89	98
ENSG00000147471	1359	5341
ENSG00000147475	2748	3910
ENSG00000147481	137	106
ENSG00000147485	1200	11570
ENSG00000147488	85	29
ENSG00000147509	54	51
ENSG00000147526	6514	19872
ENSG00000147533	2532	2626
ENSG00000147535	1809	981
ENSG00000147536	511	215
ENSG00000147548	13154	4678
ENSG00000147570	20	9
ENSG00000147571	2	1
ENSG00000147573	2058	4061
ENSG00000147576	1270	4376
ENSG00000147586	1184	2529
ENSG00000147588	90	122
ENSG00000147592	433	1212
ENSG00000147596	44	59
ENSG00000147601	5428	2079
ENSG00000147604	39344	11244
ENSG00000147606	92	65
ENSG00000147613	0	1
ENSG00000147614	95	65
ENSG00000147642	61	569
ENSG00000147647	2	32
ENSG00000147649	10564	6380
ENSG00000147650	1857	3057
ENSG00000147654	1029	811
ENSG00000147655	45	31
ENSG00000147669	1083	2317
ENSG00000147676	49	399
ENSG00000147677	14336	7516
ENSG00000147679	2131	702
ENSG00000147684	4934	13287
ENSG00000147687	1704	880
ENSG00000147689	113	138
ENSG00000147697	16	80
ENSG00000147724	112	95
ENSG00000147753	0	0
ENSG00000147761	0	0
ENSG00000147789	2126	1749
ENSG00000147799	1171	659
ENSG00000147804	606	307
ENSG00000147813	858	2625
ENSG00000147852	2257	17870
ENSG00000147853	2987	18729
ENSG00000147854	5724	2648
ENSG00000147862	9844	22149
ENSG00000147869	0	3
ENSG00000147872	1820	30502
ENSG00000147873	1	2
ENSG00000147874	3003	1273
ENSG00000147883	66	336
ENSG00000147885	0	0
ENSG00000147889	74	30
ENSG00000147896	232	36
ENSG00000147905	3124	1110
ENSG00000147912	1694	1516
ENSG00000147955	3243	2102
ENSG00000148019	4138	525
ENSG00000148053	17373	3404
ENSG00000148057	150	193
ENSG00000148082	107	203
ENSG00000148090	1526	2226
ENSG00000148110	2848	3730
ENSG00000148120	3599	11601
ENSG00000148123	6	0
ENSG00000148136	0	0
ENSG00000148143	9967	7707
ENSG00000148153	1791	1846
ENSG00000148154	2452	4302
ENSG00000148156	3	2
ENSG00000148158	3013	1787
ENSG00000148175	5491	30707
ENSG00000148180	9051	150126
ENSG00000148187	2757	3145
ENSG00000148200	391	454
ENSG00000148204	117	184
ENSG00000148215	11	3
ENSG00000148218	2296	8165
ENSG00000148219	1719	1994
ENSG00000148225	703	2930
ENSG00000148229	1163	2419
ENSG00000148248	6946	14902
ENSG00000148288	481	1142
ENSG00000148290	394	2056
ENSG00000148291	276	432
ENSG00000148296	2272	2202
ENSG00000148297	2318	2788
ENSG00000148300	1536	1332
ENSG00000148303	59204	27794
ENSG00000148308	2629	3341
ENSG00000148331	1762	2048
ENSG00000148334	2186	7920
ENSG00000148335	794	2885
ENSG00000148337	7791	8856
ENSG00000148339	939	2136
ENSG00000148341	2988	3217
ENSG00000148343	1568	4260
ENSG00000148344	425	320
ENSG00000148346	4	79
ENSG00000148356	3058	4721
ENSG00000148357	904	5486
ENSG00000148358	7067	7673
ENSG00000148362	658	761
ENSG00000148377	3	16
ENSG00000148384	1355	2206
ENSG00000148386	0	0
ENSG00000148396	9662	16993
ENSG00000148399	2028	1785
ENSG00000148400	10151	14097
ENSG00000148408	190	80
ENSG00000148411	2534	15038
ENSG00000148426	238	207
ENSG00000148429	1696	1932
ENSG00000148444	912	2165
ENSG00000148450	933	5420
ENSG00000148459	499	377
ENSG00000148468	1914	2267
ENSG00000148481	2161	2264
ENSG00000148482	0	6
ENSG00000148483	483	498
ENSG00000148484	2948	4272
ENSG00000148488	751	908
ENSG00000148498	6750	5785
ENSG00000148513	4	8
ENSG00000148516	12319	4558
ENSG00000148541	379	623
ENSG00000148572	686	932
ENSG00000148584	120	70
ENSG00000148600	13	169
ENSG00000148602	0	5
ENSG00000148604	418	192
ENSG00000148606	4287	4374
ENSG00000148634	8246	6500
ENSG00000148655	718	639
ENSG00000148660	1715	2263
ENSG00000148671	185	5696
ENSG00000148672	7649	11837
ENSG00000148677	28914	185748
ENSG00000148680	61	25
ENSG00000148688	1369	1326
ENSG00000148690	3536	1137
ENSG00000148700	9389	5675
ENSG00000148702	2	82
ENSG00000148704	8	3
ENSG00000148719	2554	5096
ENSG00000148730	11420	45748
ENSG00000148734	415	231
ENSG00000148735	77	58
ENSG00000148737	5551	4736
ENSG00000148773	13971	155
ENSG00000148795	23	20
ENSG00000148798	122	8
ENSG00000148803	152	460
ENSG00000148814	971	617
ENSG00000148824	2037	1692
ENSG00000148826	27	31
ENSG00000148832	116	175
ENSG00000148834	811	7042
ENSG00000148835	919	463
ENSG00000148840	5130	6605
ENSG00000148841	2448	11639
ENSG00000148842	3070	1846
ENSG00000148843	6271	4681
ENSG00000148848	1232	461
ENSG00000148908	959	339
ENSG00000148925	2300	2370
ENSG00000148926	374	2524
ENSG00000148935	583	787
ENSG00000148942	341	132
ENSG00000148943	4005	4144
ENSG00000148948	121	69
ENSG00000148950	1110	600
ENSG00000148965	0	0
ENSG00000148985	1479	1626
ENSG00000149016	1311	1689
ENSG00000149021	1	4
ENSG00000149043	12	10
ENSG00000149050	546	60
ENSG00000149054	57	65
ENSG00000149084	3643	6374
ENSG00000149089	1206	1348
ENSG00000149090	586	1686
ENSG00000149091	3529	11585
ENSG00000149100	8187	4549
ENSG00000149115	3970	13418
ENSG00000149124	6	22
ENSG00000149131	1991	21184
ENSG00000149133	0	0
ENSG00000149136	6422	4494
ENSG00000149150	2102	1026
ENSG00000149177	1405	2995
ENSG00000149179	2684	2220
ENSG00000149182	3897	7399
ENSG00000149187	12388	17630
ENSG00000149196	1571	1858
ENSG00000149201	200	147
ENSG00000149212	8700	2026
ENSG00000149218	1390	3833
ENSG00000149231	4812	1933
ENSG00000149243	565	294
ENSG00000149256	8678	831
ENSG00000149257	24425	9865
ENSG00000149260	751	1179
ENSG00000149262	3773	2434
ENSG00000149269	1931	966
ENSG00000149273	63720	23512
ENSG00000149289	1490	4335
ENSG00000149292	685	717
ENSG00000149294	26969	41291
ENSG00000149295	18	11
ENSG00000149305	322	199
ENSG00000149308	3311	1111
ENSG00000149311	22617	6322
ENSG00000149313	2363	2682
ENSG00000149328	1010	118
ENSG00000149346	1728	738
ENSG00000149357	2050	5566
ENSG00000149380	337	94
ENSG00000149403	46	49
ENSG00000149418	79	429
ENSG00000149428	4247	14706
ENSG00000149435	0	1
ENSG00000149451	6336	1311
ENSG00000149452	3	2
ENSG00000149474	1902	1524
ENSG00000149476	1415	1346
ENSG00000149480	4156	5336
ENSG00000149483	2384	1806
ENSG00000149485	2513	4713
ENSG00000149488	919	295
ENSG00000149489	59	132
ENSG00000149499	1784	2985
ENSG00000149503	2053	1558
ENSG00000149506	24	19
ENSG00000149507	0	0
ENSG00000149516	32	54
ENSG00000149527	608	173
ENSG00000149532	6652	8088
ENSG00000149534	70	140
ENSG00000149541	1568	1199
ENSG00000149547	3722	6963
ENSG00000149548	297	60
ENSG00000149554	1071	211
ENSG00000149557	1089	1626
ENSG00000149564	1208	7832
ENSG00000149571	971	361
ENSG00000149573	175	1280
ENSG00000149575	1307	3840
ENSG00000149577	2503	6220
ENSG00000149582	1919	1427
ENSG00000149591	3102	23899
ENSG00000149596	6471	35441
ENSG00000149599	34	251
ENSG00000149600	868	2879
ENSG00000149633	334	1487
ENSG00000149634	110	218
ENSG00000149635	1	1
ENSG00000149636	892	372
ENSG00000149646	198	42
ENSG00000149651	2	0
ENSG00000149654	1681	185
ENSG00000149657	3654	5778
ENSG00000149658	3088	5381
ENSG00000149679	655	2562
ENSG00000149716	1276	1231
ENSG00000149735	158	29
ENSG00000149742	36	29
ENSG00000149743	626	1973
ENSG00000149761	930	2790
ENSG00000149781	574	1633
ENSG00000149782	3258	2948
ENSG00000149792	1680	3535
ENSG00000149798	449	2717
ENSG00000149806	9297	13420
ENSG00000149809	582	8757
ENSG00000149823	6374	9874
ENSG00000149922	121	101
ENSG00000149923	1815	3161
ENSG00000149925	31371	225334
ENSG00000149926	515	88
ENSG00000149927	1290	73
ENSG00000149929	684	995
ENSG00000149930	4271	8959
ENSG00000149932	1213	2684
ENSG00000149948	7384	93
ENSG00000149968	1	26
ENSG00000149970	1190	850
ENSG00000149972	77	1
ENSG00000150045	14	23
ENSG00000150048	118	429
ENSG00000150051	21267	75
ENSG00000150054	1531	1591
ENSG00000150093	25627	40963
ENSG00000150201	0	6
ENSG00000150244	0	0
ENSG00000150261	0	0
ENSG00000150269	0	0
ENSG00000150275	100	55
ENSG00000150276	0	0
ENSG00000150281	507	1126
ENSG00000150316	1246	1576
ENSG00000150337	66	199
ENSG00000150347	2657	10499
ENSG00000150361	1	0
ENSG00000150394	185	94
ENSG00000150401	2239	8179
ENSG00000150403	2716	3367
ENSG00000150433	1669	743
ENSG00000150455	1467	1746
ENSG00000150456	322	349
ENSG00000150457	3827	9523
ENSG00000150459	3256	7400
ENSG00000150471	772	1782
ENSG00000150477	3364	1472
ENSG00000150510	1125	1704
ENSG00000150527	4472	1915
ENSG00000150540	1806	531
ENSG00000150551	931	65
ENSG00000150556	0	0
ENSG00000150593	4355	2260
ENSG00000150594	1664	635
ENSG00000150625	65	141
ENSG00000150627	109	160
ENSG00000150628	288	41
ENSG00000150630	252	689
ENSG00000150636	1056	236
ENSG00000150637	216	207
ENSG00000150656	247	91
ENSG00000150667	40	44
ENSG00000150672	1382	1001
ENSG00000150676	19	11
ENSG00000150681	146	42
ENSG00000150687	2305	3210
ENSG00000150712	2565	4075
ENSG00000150722	198	1133
ENSG00000150753	5861	5260
ENSG00000150756	1418	517
ENSG00000150760	13354	5421
ENSG00000150764	4091	4133
ENSG00000150768	5270	18949
ENSG00000150773	69	78
ENSG00000150776	2179	1234
ENSG00000150779	806	3817
ENSG00000150782	210	192
ENSG00000150783	58	24
ENSG00000150787	833	888
ENSG00000150867	1820	3307
ENSG00000150893	416	177
ENSG00000150907	3646	7995
ENSG00000150938	5123	18666
ENSG00000150961	2805	4342
ENSG00000150967	1210	903
ENSG00000150977	552	786
ENSG00000150990	2940	2567
ENSG00000150991	19089	86194
ENSG00000150995	7803	5676
ENSG00000151005	1	1
ENSG00000151006	417	321
ENSG00000151012	117	263
ENSG00000151014	474	1282
ENSG00000151023	142	12
ENSG00000151025	1135	7
ENSG00000151033	0	0
ENSG00000151062	38	170
ENSG00000151065	1448	980
ENSG00000151067	19421	44799
ENSG00000151079	121	112
ENSG00000151090	223	2562
ENSG00000151092	2521	2029
ENSG00000151093	340	474
ENSG00000151116	1591	1686
ENSG00000151117	185	850
ENSG00000151131	11159	7256
ENSG00000151135	5346	4537
ENSG00000151148	4436	12050
ENSG00000151150	7679	25594
ENSG00000151151	1234	1037
ENSG00000151164	457	237
ENSG00000151176	2877	9282
ENSG00000151208	6528	5155
ENSG00000151224	13	15
ENSG00000151229	895	2707
ENSG00000151233	4039	1038
ENSG00000151239	3656	1052
ENSG00000151240	3548	13402
ENSG00000151247	3299	3663
ENSG00000151276	6082	6280
ENSG00000151287	418	285
ENSG00000151292	6958	2744
ENSG00000151304	1278	384
ENSG00000151320	8008	30415
ENSG00000151322	152	273
ENSG00000151327	3451	5520
ENSG00000151332	1117	626
ENSG00000151338	7666	2493
ENSG00000151348	4882	7098
ENSG00000151353	1918	1241
ENSG00000151360	6	7
ENSG00000151364	110	58
ENSG00000151365	18	1179
ENSG00000151366	2352	8717
ENSG00000151376	1010	3184
ENSG00000151379	0	0
ENSG00000151388	815	597
ENSG00000151413	1696	2413
ENSG00000151414	6500	23161
ENSG00000151418	0	0
ENSG00000151422	5591	2287
ENSG00000151445	2251	1709
ENSG00000151458	9288	1620
ENSG00000151461	2792	1322
ENSG00000151465	1211	2515
ENSG00000151466	2832	1014
ENSG00000151468	691	2188
ENSG00000151474	6310	6653
ENSG00000151475	22	2
ENSG00000151490	199	279
ENSG00000151491	1844	4461
ENSG00000151498	1427	3316
ENSG00000151500	741	1275
ENSG00000151502	3517	5790
ENSG00000151503	4251	2165
ENSG00000151532	1994	2840
ENSG00000151552	1012	3415
ENSG00000151553	3974	4462
ENSG00000151572	25	22
ENSG00000151575	2270	748
ENSG00000151576	3088	1253
ENSG00000151577	84	44
ENSG00000151611	2156	830
ENSG00000151612	7920	5070
ENSG00000151615	43	1
ENSG00000151617	17504	4560
ENSG00000151623	808	3962
ENSG00000151632	333	1638
ENSG00000151640	1149	3752
ENSG00000151650	247	157
ENSG00000151651	248	355
ENSG00000151655	36	42
ENSG00000151657	901	772
ENSG00000151665	1872	937
ENSG00000151687	1655	710
ENSG00000151689	377	1488
ENSG00000151690	931	3648
ENSG00000151692	12474	3449
ENSG00000151693	2347	3985
ENSG00000151694	4360	4105
ENSG00000151702	3547	4145
ENSG00000151704	12	48
ENSG00000151715	173	117
ENSG00000151718	5545	4588
ENSG00000151725	859	74
ENSG00000151726	2087	61482
ENSG00000151729	12995	151342
ENSG00000151743	1251	962
ENSG00000151746	3369	1535
ENSG00000151748	2558	3541
ENSG00000151773	2379	1225
ENSG00000151778	1313	350
ENSG00000151779	9803	11766
ENSG00000151789	378	623
ENSG00000151790	10	2
ENSG00000151806	3817	2526
ENSG00000151812	119	69
ENSG00000151834	60	75
ENSG00000151835	36353	4858
ENSG00000151838	1	1
ENSG00000151846	23	0
ENSG00000151849	2596	228
ENSG00000151876	606	387
ENSG00000151881	609	525
ENSG00000151882	303	254
ENSG00000151883	789	1107
ENSG00000151892	19846	2823
ENSG00000151893	5220	8131
ENSG00000151914	17660	60033
ENSG00000151917	877	487
ENSG00000151923	11198	6892
ENSG00000151929	2925	25868
ENSG00000151948	50	457
ENSG00000151952	12	3
ENSG00000151962	1	3
ENSG00000151963	7	0
ENSG00000151967	1788	3373
ENSG00000152034	39	26
ENSG00000152049	632	601
ENSG00000152056	449	398
ENSG00000152061	12425	8852
ENSG00000152076	18	49
ENSG00000152078	1970	8780
ENSG00000152082	2966	9631
ENSG00000152086	23	1009
ENSG00000152092	687	236
ENSG00000152093	0	0
ENSG00000152102	10160	19088
ENSG00000152104	10019	16134
ENSG00000152127	8363	21989
ENSG00000152128	552	133
ENSG00000152133	1255	712
ENSG00000152137	1835	59766
ENSG00000152147	863	525
ENSG00000152154	320	245
ENSG00000152192	5	8
ENSG00000152193	1019	664
ENSG00000152207	388	785
ENSG00000152208	46	28
ENSG00000152213	184	122
ENSG00000152214	103	118
ENSG00000152217	6920	2950
ENSG00000152219	1790	1554
ENSG00000152223	9334	12842
ENSG00000152229	651	428
ENSG00000152234	21543	112770
ENSG00000152240	880	312
ENSG00000152253	613	42
ENSG00000152254	19	10
ENSG00000152256	7016	8018
ENSG00000152266	0	6
ENSG00000152270	2798	2985
ENSG00000152284	3361	2643
ENSG00000152291	9976	24253
ENSG00000152292	6	19
ENSG00000152315	28	230
ENSG00000152332	4173	9758
ENSG00000152348	1010	764
ENSG00000152359	720	276
ENSG00000152377	4006	4772
ENSG00000152380	500	245
ENSG00000152382	1089	1094
ENSG00000152402	3024	2774
ENSG00000152404	1375	372
ENSG00000152409	7402	3052
ENSG00000152413	4569	4046
ENSG00000152422	244	151
ENSG00000152430	76	10
ENSG00000152433	250	190
ENSG00000152439	1336	790
ENSG00000152443	3046	2008
ENSG00000152454	742	870
ENSG00000152455	1540	428
ENSG00000152457	3039	1023
ENSG00000152463	61	37
ENSG00000152464	549	525
ENSG00000152465	1156	1827
ENSG00000152467	359	197
ENSG00000152475	217	72
ENSG00000152484	3086	3382
ENSG00000152492	7633	8319
ENSG00000152495	282	75
ENSG00000152503	74	62
ENSG00000152518	6147	14974
ENSG00000152520	6543	3109
ENSG00000152527	767	559
ENSG00000152556	10214	59083
ENSG00000152558	8665	6010
ENSG00000152578	334	73
ENSG00000152580	1441	1222
ENSG00000152582	1962	223
ENSG00000152583	4073	12933
ENSG00000152591	8	9
ENSG00000152592	14	6
ENSG00000152595	0	2
ENSG00000152601	12384	21558
ENSG00000152611	2	2
ENSG00000152620	3259	4456
ENSG00000152642	4068	35725
ENSG00000152661	8935	21185
ENSG00000152669	0	2
ENSG00000152670	9	0
ENSG00000152672	5	83
ENSG00000152683	3083	2898
ENSG00000152684	854	2706
ENSG00000152689	1744	5129
ENSG00000152700	3607	10118
ENSG00000152705	43	35
ENSG00000152749	2007	1514
ENSG00000152760	64	213
ENSG00000152763	1023	510
ENSG00000152766	88	81
ENSG00000152767	13113	6112
ENSG00000152778	959	1537
ENSG00000152779	473	687
ENSG00000152782	1426	2091
ENSG00000152784	190	229
ENSG00000152785	38	81
ENSG00000152795	19218	8148
ENSG00000152804	168	453
ENSG00000152818	12542	11598
ENSG00000152822	434	1312
ENSG00000152894	2900	5926
ENSG00000152904	1126	1453
ENSG00000152910	7	4
ENSG00000152926	3346	776
ENSG00000152931	367	259
ENSG00000152932	30	92
ENSG00000152936	57	40
ENSG00000152939	236	376
ENSG00000152942	2158	1520
ENSG00000152944	1564	2732
ENSG00000152952	4550	2369
ENSG00000152953	158	237
ENSG00000152954	1	6
ENSG00000152969	219	58
ENSG00000152977	5	7
ENSG00000152990	31050	4821
ENSG00000153002	28	294
ENSG00000153006	1722	968
ENSG00000153012	422	927
ENSG00000153015	8412	2948
ENSG00000153029	1565	1385
ENSG00000153037	2074	1654
ENSG00000153044	673	182
ENSG00000153046	2694	3406
ENSG00000153048	2370	3127
ENSG00000153060	7	11
ENSG00000153064	14	34
ENSG00000153066	1301	3765
ENSG00000153071	1527	8933
ENSG00000153086	218	27
ENSG00000153093	291	531
ENSG00000153094	3164	1546
ENSG00000153107	7602	4893
ENSG00000153113	9228	25575
ENSG00000153130	1580	4035
ENSG00000153132	918	2327
ENSG00000153140	1372	587
ENSG00000153147	6598	5874
ENSG00000153157	308	111
ENSG00000153162	3739	719
ENSG00000153165	103	58
ENSG00000153179	3606	13036
ENSG00000153187	50161	25554
ENSG00000153201	19606	12650
ENSG00000153207	10163	4919
ENSG00000153208	581	1982
ENSG00000153214	2456	1660
ENSG00000153230	48	3
ENSG00000153233	61	43
ENSG00000153234	873	958
ENSG00000153237	149	82
ENSG00000153246	862	776
ENSG00000153250	7389	8415
ENSG00000153253	77	381
ENSG00000153266	1	12
ENSG00000153283	70	98
ENSG00000153291	1346	938
ENSG00000153292	532	368
ENSG00000153294	0	20
ENSG00000153303	102	34
ENSG00000153310	2478	2844
ENSG00000153317	8092	8545
ENSG00000153339	4218	3629
ENSG00000153347	4	38
ENSG00000153363	896	651
ENSG00000153391	1612	1122
ENSG00000153395	2059	2858
ENSG00000153404	1159	137
ENSG00000153406	1627	2143
ENSG00000153443	1652	3019
ENSG00000153487	1549	1190
ENSG00000153495	19	15
ENSG00000153498	34	24
ENSG00000153531	9448	61746
ENSG00000153551	480	627
ENSG00000153558	2711	850
ENSG00000153560	7374	6741
ENSG00000153561	11360	23940
ENSG00000153563	46	258
ENSG00000153574	1522	1316
ENSG00000153684	3	0
ENSG00000153707	1595	1393
ENSG00000153714	151	337
ENSG00000153721	6858	5123
ENSG00000153767	941	895
ENSG00000153774	1930	1189
ENSG00000153779	0	0
ENSG00000153786	3169	6081
ENSG00000153789	124	33
ENSG00000153802	992	16
ENSG00000153814	1335	3468
ENSG00000153815	4234	6399
ENSG00000153820	79435	14041
ENSG00000153822	39	45
ENSG00000153823	6360	2300
ENSG00000153827	19952	20011
ENSG00000153832	456	268
ENSG00000153879	1459	2283
ENSG00000153885	3373	1347
ENSG00000153896	738	396
ENSG00000153898	164	119
ENSG00000153902	334	1244
ENSG00000153904	1518	2671
ENSG00000153914	13792	3503
ENSG00000153922	5922	1813
ENSG00000153930	17	30
ENSG00000153933	1649	952
ENSG00000153936	4631	2048
ENSG00000153944	9354	14490
ENSG00000153956	4058	8070
ENSG00000153975	753	300
ENSG00000153976	2917	246
ENSG00000153982	295	347
ENSG00000153989	3315	3231
ENSG00000153993	266	251
ENSG00000154001	5080	4633
ENSG00000154007	8	0
ENSG00000154016	89	258
ENSG00000154025	24	128
ENSG00000154027	239	207
ENSG00000154040	954	115
ENSG00000154059	2922	1977
ENSG00000154065	167	590
ENSG00000154079	410	698
ENSG00000154080	59	507
ENSG00000154096	2141	343
ENSG00000154099	151	124
ENSG00000154114	3298	3708
ENSG00000154118	102	75
ENSG00000154122	3594	21048
ENSG00000154124	3038	4917
ENSG00000154127	337	559
ENSG00000154133	1566	8388
ENSG00000154134	316	553
ENSG00000154143	1	0
ENSG00000154144	2231	2718
ENSG00000154146	294	682
ENSG00000154153	1655	6806
ENSG00000154162	145	105
ENSG00000154165	1	19
ENSG00000154174	6172	8686
ENSG00000154175	1572	6755
ENSG00000154188	303	99
ENSG00000154217	2172	3255
ENSG00000154222	2085	3436
ENSG00000154227	23	12
ENSG00000154229	2440	4873
ENSG00000154237	5865	5485
ENSG00000154240	2334	675
ENSG00000154252	50	22
ENSG00000154258	3140	3523
ENSG00000154262	2945	3804
ENSG00000154263	2034	1736
ENSG00000154265	5756	3184
ENSG00000154269	31	31
ENSG00000154277	684	434
ENSG00000154305	6855	3781
ENSG00000154309	1583	1811
ENSG00000154310	2472	4359
ENSG00000154319	116	82
ENSG00000154328	1109	2372
ENSG00000154330	4474	24799
ENSG00000154342	4	0
ENSG00000154358	25350	229000
ENSG00000154359	792	2011
ENSG00000154370	1240	1402
ENSG00000154380	13352	15795
ENSG00000154415	934	3168
ENSG00000154429	1155	829
ENSG00000154438	171	76
ENSG00000154447	1198	3929
ENSG00000154451	182	230
ENSG00000154473	5236	2815
ENSG00000154478	23	21
ENSG00000154479	86	11
ENSG00000154485	214	84
ENSG00000154511	408	523
ENSG00000154518	5126	32827
ENSG00000154529	340	1281
ENSG00000154545	794	15
ENSG00000154548	519	118
ENSG00000154553	1914	28765
ENSG00000154556	53388	175168
ENSG00000154582	2016	3395
ENSG00000154589	29	196
ENSG00000154611	0	3
ENSG00000154620	21	63
ENSG00000154639	1630	5093
ENSG00000154640	1215	571
ENSG00000154645	20435	99
ENSG00000154646	304	2
ENSG00000154654	191	250
ENSG00000154655	617	572
ENSG00000154678	2630	15621
ENSG00000154710	2366	2629
ENSG00000154719	911	1615
ENSG00000154721	842	4532
ENSG00000154723	1681	7808
ENSG00000154727	3954	1395
ENSG00000154734	2672	17494
ENSG00000154736	1131	4929
ENSG00000154743	3571	2513
ENSG00000154760	990	304
ENSG00000154764	21	13
ENSG00000154767	2036	1968
ENSG00000154781	1398	916
ENSG00000154783	3300	5009
ENSG00000154803	5884	4771
ENSG00000154813	710	1477
ENSG00000154814	1682	1837
ENSG00000154822	2182	5128
ENSG00000154832	2143	2044
ENSG00000154839	712	294
ENSG00000154845	4428	6509
ENSG00000154856	5275	4352
ENSG00000154864	13032	219
ENSG00000154889	1074	2072
ENSG00000154914	32	9
ENSG00000154917	1639	6337
ENSG00000154920	220	40
ENSG00000154928	1177	252
ENSG00000154930	1932	18455
ENSG00000154945	3999	9343
ENSG00000154957	694	525
ENSG00000154975	144	1
ENSG00000154978	2649	3359
ENSG00000154997	548	287
ENSG00000155008	3393	6726
ENSG00000155011	662	68
ENSG00000155016	1046	1870
ENSG00000155026	60	21
ENSG00000155034	1980	3054
ENSG00000155052	305	55
ENSG00000155066	463	254
ENSG00000155085	989	711
ENSG00000155087	0	0
ENSG00000155090	2997	9348
ENSG00000155093	113	446
ENSG00000155096	8559	12526
ENSG00000155097	2671	3095
ENSG00000155099	927	2894
ENSG00000155100	1319	823
ENSG00000155111	4498	1020
ENSG00000155115	1367	2369
ENSG00000155158	1892	1014
ENSG00000155189	4436	730
ENSG00000155229	4314	5444
ENSG00000155249	0	0
ENSG00000155252	1141	3383
ENSG00000155254	5552	1840
ENSG00000155256	1440	2111
ENSG00000155265	311	82
ENSG00000155269	64	56
ENSG00000155275	1523	1473
ENSG00000155287	1367	2789
ENSG00000155304	1985	1877
ENSG00000155307	98	191
ENSG00000155313	6401	4136
ENSG00000155324	1933	3082
ENSG00000155329	983	765
ENSG00000155363	3642	2603
ENSG00000155366	7687	11661
ENSG00000155367	244	577
ENSG00000155368	882	3834
ENSG00000155380	8660	19232
ENSG00000155393	1940	1885
ENSG00000155428	89	32
ENSG00000155438	1923	681
ENSG00000155463	5136	11421
ENSG00000155465	247	678
ENSG00000155495	0	1
ENSG00000155506	31071	48211
ENSG00000155508	3292	2921
ENSG00000155511	369	301
ENSG00000155530	288	82
ENSG00000155542	69	604
ENSG00000155545	2493	1425
ENSG00000155561	6484	3174
ENSG00000155592	1760	1634
ENSG00000155622	0	0
ENSG00000155629	437	1486
ENSG00000155636	980	529
ENSG00000155657	997769	4548719
ENSG00000155659	276	4166
ENSG00000155660	6819	6485
ENSG00000155666	315	392
ENSG00000155714	170	94
ENSG00000155719	140	47
ENSG00000155729	2043	1418
ENSG00000155749	130	699
ENSG00000155754	918	678
ENSG00000155755	2406	1913
ENSG00000155760	5087	3895
ENSG00000155761	75	19
ENSG00000155792	738	1349
ENSG00000155816	28	37
ENSG00000155827	2933	2254
ENSG00000155833	11	3
ENSG00000155846	3574	13206
ENSG00000155849	2421	3597
ENSG00000155850	3361	2630
ENSG00000155858	1046	648
ENSG00000155868	700	698
ENSG00000155875	1926	212
ENSG00000155876	3630	5880
ENSG00000155886	215	145
ENSG00000155890	2	0
ENSG00000155893	1993	2570
ENSG00000155897	32	2
ENSG00000155903	2673	922
ENSG00000155906	2567	1316
ENSG00000155918	3	2
ENSG00000155926	238	1140
ENSG00000155957	3242	4070
ENSG00000155959	1863	3005
ENSG00000155961	142	21
ENSG00000155962	239	519
ENSG00000155966	2899	134
ENSG00000155970	1058	975
ENSG00000155974	660	169
ENSG00000155975	2833	4833
ENSG00000155980	281	165
ENSG00000156006	2	3
ENSG00000156009	18	14
ENSG00000156011	11040	14345
ENSG00000156017	2027	1371
ENSG00000156026	1658	1807
ENSG00000156030	8465	10761
ENSG00000156042	535	567
ENSG00000156049	122	475
ENSG00000156050	753	771
ENSG00000156052	4056	3717
ENSG00000156076	51212	21
ENSG00000156096	39	1105
ENSG00000156097	47	39
ENSG00000156103	2766	315
ENSG00000156110	2347	2023
ENSG00000156113	8908	876
ENSG00000156127	0	56
ENSG00000156136	2013	1157
ENSG00000156140	387	132
ENSG00000156150	3	2
ENSG00000156162	6062	4161
ENSG00000156170	2363	2029
ENSG00000156171	1842	1752
ENSG00000156172	1015	368
ENSG00000156194	158	158
ENSG00000156206	36	163
ENSG00000156218	3692	3404
ENSG00000156219	607	3406
ENSG00000156222	77	66
ENSG00000156232	852	1713
ENSG00000156234	2	1
ENSG00000156239	2415	2025
ENSG00000156253	888	878
ENSG00000156256	3243	1471
ENSG00000156261	7526	5272
ENSG00000156265	1185	284
ENSG00000156269	97	73
ENSG00000156273	4143	3644
ENSG00000156282	0	0
ENSG00000156284	0	1
ENSG00000156298	629	2877
ENSG00000156299	2808	1213
ENSG00000156304	5311	6047
ENSG00000156313	656	706
ENSG00000156345	784	327
ENSG00000156374	572	567
ENSG00000156381	1621	12002
ENSG00000156384	341	392
ENSG00000156395	29	37
ENSG00000156398	2875	991
ENSG00000156411	2205	7842
ENSG00000156413	52	78
ENSG00000156414	75	264
ENSG00000156427	1709	1175
ENSG00000156453	1457	7579
ENSG00000156463	2215	18294
ENSG00000156466	629	185
ENSG00000156467	8030	19755
ENSG00000156469	819	1215
ENSG00000156471	6131	12450
ENSG00000156475	286	226
ENSG00000156482	33590	16889
ENSG00000156486	67	73
ENSG00000156500	1176	895
ENSG00000156502	2423	3875
ENSG00000156504	1707	2019
ENSG00000156508	399600	113751
ENSG00000156509	278	9
ENSG00000156510	0	3
ENSG00000156515	6549	31009
ENSG00000156521	1349	1134
ENSG00000156531	4047	1393
ENSG00000156535	2693	4028
ENSG00000156564	156	3
ENSG00000156574	65	235
ENSG00000156575	0	0
ENSG00000156587	1179	1820
ENSG00000156599	5129	13431
ENSG00000156603	458	672
ENSG00000156639	3973	11703
ENSG00000156642	4989	13019
ENSG00000156650	12888	7428
ENSG00000156671	4282	7167
ENSG00000156675	2675	4646
ENSG00000156687	48	13
ENSG00000156689	43	13
ENSG00000156697	2272	1010
ENSG00000156709	2233	7964
ENSG00000156711	657	459
ENSG00000156735	3657	2205
ENSG00000156738	27	24
ENSG00000156755	6	3
ENSG00000156787	1703	949
ENSG00000156795	1026	1427
ENSG00000156802	5347	1131
ENSG00000156804	5233	27176
ENSG00000156831	1174	990
ENSG00000156853	768	1367
ENSG00000156858	1965	1644
ENSG00000156860	5996	8589
ENSG00000156869	666	1321
ENSG00000156873	1097	1104
ENSG00000156875	3090	2752
ENSG00000156876	901	143
ENSG00000156885	3147	53411
ENSG00000156886	195	324
ENSG00000156920	141	25
ENSG00000156925	14	22
ENSG00000156928	1024	2466
ENSG00000156931	5823	7443
ENSG00000156958	2039	1919
ENSG00000156959	33	17
ENSG00000156966	286	4234
ENSG00000156968	5793	5212
ENSG00000156970	1748	44
ENSG00000156973	618	1050
ENSG00000156976	25095	27695
ENSG00000156983	2100	2902
ENSG00000156990	1726	2578
ENSG00000157005	0	20
ENSG00000157014	2549	3392
ENSG00000157017	204	216
ENSG00000157020	3100	4773
ENSG00000157036	1892	3138
ENSG00000157045	1132	1099
ENSG00000157060	6	1
ENSG00000157064	262	971
ENSG00000157077	4391	2927
ENSG00000157087	200	48
ENSG00000157093	0	0
ENSG00000157103	1283	1113
ENSG00000157106	34942	25330
ENSG00000157107	5393	1739
ENSG00000157110	5731	26207
ENSG00000157111	20	8
ENSG00000157119	219	107
ENSG00000157131	19	5
ENSG00000157150	53	3753
ENSG00000157152	179	568
ENSG00000157168	501	411
ENSG00000157181	1897	929
ENSG00000157184	1561	5758
ENSG00000157191	2583	2164
ENSG00000157193	5216	572
ENSG00000157211	10	7
ENSG00000157212	2750	1285
ENSG00000157214	5082	2645
ENSG00000157216	5306	6609
ENSG00000157219	0	0
ENSG00000157224	2713	5599
ENSG00000157227	15069	6892
ENSG00000157240	68579	4152
ENSG00000157259	9772	3043
ENSG00000157303	50	52
ENSG00000157315	97	60
ENSG00000157322	103	113
ENSG00000157326	758	1606
ENSG00000157330	151	123
ENSG00000157335	32	31
ENSG00000157343	139	8
ENSG00000157349	1697	2119
ENSG00000157350	4455	5110
ENSG00000157353	1172	1749
ENSG00000157368	37	258
ENSG00000157379	1232	926
ENSG00000157388	1446	301
ENSG00000157399	366	211
ENSG00000157404	710	530
ENSG00000157423	578	356
ENSG00000157426	1715	705
ENSG00000157429	348	313
ENSG00000157445	611	1555
ENSG00000157450	3604	4799
ENSG00000157456	1189	50
ENSG00000157470	140	390
ENSG00000157483	3542	3186
ENSG00000157500	9285	6848
ENSG00000157502	577	583
ENSG00000157510	3835	6403
ENSG00000157514	3432	5431
ENSG00000157538	3471	6011
ENSG00000157540	13358	19016
ENSG00000157542	916	491
ENSG00000157551	321	298
ENSG00000157554	1549	2888
ENSG00000157557	3234	18875
ENSG00000157570	6049	15549
ENSG00000157578	495	157
ENSG00000157593	1514	2863
ENSG00000157600	2695	14964
ENSG00000157601	1065	3511
ENSG00000157613	1102	5781
ENSG00000157617	1035	2492
ENSG00000157625	2838	2694
ENSG00000157637	4805	9655
ENSG00000157654	18430	53924
ENSG00000157657	2910	1044
ENSG00000157680	1566	304
ENSG00000157693	1212	1065
ENSG00000157703	33	4
ENSG00000157734	493	551
ENSG00000157741	9312	6724
ENSG00000157764	9772	6104
ENSG00000157765	170	218
ENSG00000157766	1248	617
ENSG00000157778	497	558
ENSG00000157782	149	427
ENSG00000157796	4284	1146
ENSG00000157800	2989	1820
ENSG00000157823	2420	6747
ENSG00000157827	4116	1466
ENSG00000157833	989	491
ENSG00000157837	4160	4163
ENSG00000157851	84	49
ENSG00000157856	4	7
ENSG00000157869	1519	2082
ENSG00000157870	776	1031
ENSG00000157873	649	1489
ENSG00000157881	1309	4051
ENSG00000157884	1	5
ENSG00000157890	928	457
ENSG00000157911	1024	2169
ENSG00000157916	3710	6406
ENSG00000157927	845	1025
ENSG00000157933	14569	16157
ENSG00000157954	3830	6064
ENSG00000157978	1767	2275
ENSG00000157985	5895	6796
ENSG00000157992	121	43
ENSG00000157999	293	155
ENSG00000158006	1044	1277
ENSG00000158008	476	1070
ENSG00000158014	197	1259
ENSG00000158019	2202	4935
ENSG00000158022	2715	17899
ENSG00000158023	1559	872
ENSG00000158042	1179	1986
ENSG00000158050	358	292
ENSG00000158055	11	19
ENSG00000158062	1323	1279
ENSG00000158077	32	2
ENSG00000158079	2411	2209
ENSG00000158089	254	68
ENSG00000158092	1767	1104
ENSG00000158104	13	92
ENSG00000158106	1111	252
ENSG00000158109	1564	6543
ENSG00000158113	34	64
ENSG00000158122	1130	3915
ENSG00000158125	107	70
ENSG00000158156	700	816
ENSG00000158158	2122	4688
ENSG00000158161	4076	3790
ENSG00000158163	902	891
ENSG00000158164	112	68
ENSG00000158169	3488	5699
ENSG00000158186	4488	27491
ENSG00000158195	13649	17086
ENSG00000158201	583	541
ENSG00000158220	595	451
ENSG00000158234	990	360
ENSG00000158246	238	1996
ENSG00000158258	4554	5345
ENSG00000158270	9501	3648
ENSG00000158286	6873	5442
ENSG00000158290	13591	4899
ENSG00000158292	2254	2229
ENSG00000158296	1403	146
ENSG00000158301	2450	2430
ENSG00000158315	261	152
ENSG00000158321	39347	3986
ENSG00000158352	2429	7246
ENSG00000158373	4770	1499
ENSG00000158402	397	9
ENSG00000158406	4283	1674
ENSG00000158411	1553	567
ENSG00000158417	5281	4353
ENSG00000158423	68	61
ENSG00000158427	361	97
ENSG00000158428	237	151
ENSG00000158435	5094	5043
ENSG00000158445	702	1411
ENSG00000158457	90	914
ENSG00000158458	243	276
ENSG00000158467	2124	1175
ENSG00000158470	5058	10448
ENSG00000158473	54	255
ENSG00000158477	2	1
ENSG00000158480	749	1845
ENSG00000158481	5	25
ENSG00000158483	1060	539
ENSG00000158485	2	1
ENSG00000158486	276	446
ENSG00000158488	11	4
ENSG00000158497	0	0
ENSG00000158516	7	49
ENSG00000158517	208	322
ENSG00000158525	93	1
ENSG00000158526	1723	3540
ENSG00000158528	2162	4050
ENSG00000158545	3501	4454
ENSG00000158552	888	808
ENSG00000158553	0	2
ENSG00000158555	414	1045
ENSG00000158560	98	4928
ENSG00000158571	29	109
ENSG00000158578	1463	367
ENSG00000158604	4770	7241
ENSG00000158615	5880	8733
ENSG00000158623	2448	2087
ENSG00000158636	4310	3137
ENSG00000158639	0	0
ENSG00000158669	3397	5266
ENSG00000158683	669	2530
ENSG00000158691	770	708
ENSG00000158710	3597	18355
ENSG00000158711	16145	11673
ENSG00000158714	39	278
ENSG00000158715	83	336
ENSG00000158716	136	783
ENSG00000158717	927	1602
ENSG00000158731	0	0
ENSG00000158747	5808	7153
ENSG00000158748	112	29
ENSG00000158764	6	15
ENSG00000158769	562	2504
ENSG00000158773	1480	2136
ENSG00000158786	0	9
ENSG00000158792	384	437
ENSG00000158793	1296	1846
ENSG00000158796	2183	3263
ENSG00000158805	4413	2459
ENSG00000158806	25	56
ENSG00000158813	1221	1741
ENSG00000158815	24	8
ENSG00000158816	191	168
ENSG00000158825	12	298
ENSG00000158828	2956	28010
ENSG00000158850	1719	2819
ENSG00000158856	379	10023
ENSG00000158859	1008	10318
ENSG00000158863	3170	6354
ENSG00000158864	3975	19049
ENSG00000158865	5	10
ENSG00000158869	181	1563
ENSG00000158874	7	27
ENSG00000158882	423	3734
ENSG00000158887	238	974
ENSG00000158901	11	20
ENSG00000158941	4684	7108
ENSG00000158955	86	414
ENSG00000158966	2288	1454
ENSG00000158985	2624	2445
ENSG00000158987	6063	1807
ENSG00000159023	5845	5321
ENSG00000159055	652	314
ENSG00000159063	2856	1888
ENSG00000159069	2524	18290
ENSG00000159079	993	954
ENSG00000159082	1712	2102
ENSG00000159086	5412	1166
ENSG00000159110	3017	3427
ENSG00000159111	1994	4395
ENSG00000159128	3005	4042
ENSG00000159131	6257	4493
ENSG00000159140	27265	34262
ENSG00000159147	1429	534
ENSG00000159164	2057	200
ENSG00000159166	41	179
ENSG00000159167	354	3703
ENSG00000159173	13981	3441
ENSG00000159176	2500	10264
ENSG00000159182	4	5
ENSG00000159184	3	1
ENSG00000159186	0	1
ENSG00000159189	908	9831
ENSG00000159197	18	2
ENSG00000159199	1948	9544
ENSG00000159200	1404	5774
ENSG00000159202	7395	7487
ENSG00000159208	622	882
ENSG00000159210	1825	3171
ENSG00000159212	116	2417
ENSG00000159214	339	147
ENSG00000159216	1371	3358
ENSG00000159217	1140	29
ENSG00000159224	0	0
ENSG00000159228	1204	1428
ENSG00000159231	139	263
ENSG00000159248	15	346
ENSG00000159251	88083	635562
ENSG00000159256	4451	2361
ENSG00000159259	625	282
ENSG00000159261	11	14
ENSG00000159263	726	158
ENSG00000159267	2285	1705
ENSG00000159289	4	6
ENSG00000159307	3960	181
ENSG00000159314	1000	4489
ENSG00000159322	3118	1757
ENSG00000159335	19017	9387
ENSG00000159337	175	102
ENSG00000159339	28	82
ENSG00000159346	4678	12711
ENSG00000159348	1501	12952
ENSG00000159352	2571	6065
ENSG00000159363	1265	2097
ENSG00000159374	19	29
ENSG00000159377	3980	7482
ENSG00000159387	145	1921
ENSG00000159388	3662	16253
ENSG00000159398	0	3
ENSG00000159399	4403	4364
ENSG00000159403	2230	28642
ENSG00000159409	103	72
ENSG00000159423	1020	3502
ENSG00000159433	9746	6771
ENSG00000159445	1234	1906
ENSG00000159450	2	8
ENSG00000159455	0	0
ENSG00000159459	7176	4976
ENSG00000159461	2646	9901
ENSG00000159479	773	1303
ENSG00000159495	0	0
ENSG00000159496	242	279
ENSG00000159516	0	0
ENSG00000159527	216	219
ENSG00000159556	0	5
ENSG00000159579	4273	3062
ENSG00000159588	216	197
ENSG00000159592	9005	12268
ENSG00000159593	2760	1383
ENSG00000159596	1201	1516
ENSG00000159618	29	47
ENSG00000159625	31	21
ENSG00000159640	629	2063
ENSG00000159650	21	2
ENSG00000159658	9433	16354
ENSG00000159674	2744	1571
ENSG00000159685	364	414
ENSG00000159692	7062	14489
ENSG00000159708	73	36
ENSG00000159713	364	1086
ENSG00000159714	732	790
ENSG00000159720	1973	7503
ENSG00000159723	67	38
ENSG00000159733	802	817
ENSG00000159753	32	59
ENSG00000159763	47	6
ENSG00000159784	89	128
ENSG00000159788	2894	2759
ENSG00000159792	2284	3851
ENSG00000159840	5462	15548
ENSG00000159842	8678	21663
ENSG00000159871	219	384
ENSG00000159873	3238	2647
ENSG00000159882	572	299
ENSG00000159884	490	2352
ENSG00000159885	248	147
ENSG00000159899	2118	3589
ENSG00000159905	751	206
ENSG00000159915	1088	463
ENSG00000159917	1380	439
ENSG00000159921	3361	3202
ENSG00000159958	364	201
ENSG00000159961	77	56
ENSG00000160007	15664	28060
ENSG00000160013	1240	1458
ENSG00000160014	16630	30744
ENSG00000160049	4918	4874
ENSG00000160050	774	1189
ENSG00000160051	482	298
ENSG00000160055	951	1050
ENSG00000160058	4031	6100
ENSG00000160062	2100	1166
ENSG00000160072	1800	1783
ENSG00000160075	3585	7616
ENSG00000160087	1938	3080
ENSG00000160094	5038	6935
ENSG00000160097	254	9127
ENSG00000160111	2050	4645
ENSG00000160113	1860	5641
ENSG00000160117	695	336
ENSG00000160124	864	832
ENSG00000160131	1769	4955
ENSG00000160145	3319	10359
ENSG00000160161	1556	70
ENSG00000160179	964	3419
ENSG00000160180	11	74
ENSG00000160181	23	10
ENSG00000160182	0	1
ENSG00000160183	30	40
ENSG00000160185	14	40
ENSG00000160188	19	10
ENSG00000160190	277	986
ENSG00000160191	1150	454
ENSG00000160193	1004	848
ENSG00000160194	3080	8743
ENSG00000160199	2007	1657
ENSG00000160200	3918	1395
ENSG00000160201	5247	3975
ENSG00000160202	1	2
ENSG00000160207	154	30
ENSG00000160208	5005	3452
ENSG00000160209	6282	12240
ENSG00000160211	1425	1791
ENSG00000160213	934	2960
ENSG00000160214	1565	1355
ENSG00000160216	5012	20194
ENSG00000160218	2923	6964
ENSG00000160219	722	3955
ENSG00000160221	2770	15688
ENSG00000160223	1862	2621
ENSG00000160224	92	64
ENSG00000160226	922	1741
ENSG00000160229	1808	662
ENSG00000160233	1255	753
ENSG00000160255	424	2943
ENSG00000160256	978	2893
ENSG00000160271	4542	5618
ENSG00000160282	225	47
ENSG00000160284	941	573
ENSG00000160285	4092	7328
ENSG00000160293	2128	1776
ENSG00000160294	10050	10793
ENSG00000160299	5364	11275
ENSG00000160305	6107	6724
ENSG00000160307	61	455
ENSG00000160310	4368	3527
ENSG00000160318	65	50
ENSG00000160321	447	686
ENSG00000160323	1010	392
ENSG00000160325	515	1302
ENSG00000160326	114	490
ENSG00000160336	1052	370
ENSG00000160339	9	33
ENSG00000160345	56	67
ENSG00000160349	0	0
ENSG00000160352	2346	944
ENSG00000160360	3663	5954
ENSG00000160396	13	13
ENSG00000160401	296	235
ENSG00000160404	387	301
ENSG00000160408	2661	6490
ENSG00000160410	1332	2094
ENSG00000160439	1798	6262
ENSG00000160445	3885	11607
ENSG00000160446	491	514
ENSG00000160447	1162	1538
ENSG00000160460	847	1625
ENSG00000160469	1510	661
ENSG00000160471	125	64
ENSG00000160472	18	0
ENSG00000160505	1	0
ENSG00000160539	2074	8950
ENSG00000160551	12429	16094
ENSG00000160563	799	1505
ENSG00000160570	789	1216
ENSG00000160584	4948	12531
ENSG00000160588	207	424
ENSG00000160593	61	284
ENSG00000160602	426	156
ENSG00000160606	145	88
ENSG00000160613	4985	6409
ENSG00000160633	5393	5112
ENSG00000160654	80	164
ENSG00000160678	121	60992
ENSG00000160679	5091	8371
ENSG00000160683	6	29
ENSG00000160685	1224	5961
ENSG00000160688	1168	2592
ENSG00000160691	9600	8947
ENSG00000160695	2363	3537
ENSG00000160703	638	4946
ENSG00000160710	16026	19760
ENSG00000160712	590	3230
ENSG00000160714	2376	3486
ENSG00000160716	87	130
ENSG00000160741	2022	3078
ENSG00000160746	1323	1523
ENSG00000160752	2019	2751
ENSG00000160753	1985	2536
ENSG00000160781	337	126
ENSG00000160783	2318	3751
ENSG00000160785	1839	4288
ENSG00000160789	7022	34638
ENSG00000160791	19	73
ENSG00000160796	2760	3242
ENSG00000160799	1166	1749
ENSG00000160801	1178	1267
ENSG00000160803	3310	5333
ENSG00000160808	27121	255617
ENSG00000160813	583	564
ENSG00000160818	424	527
ENSG00000160838	37	24
ENSG00000160856	115	78
ENSG00000160862	5	6109
ENSG00000160867	215	96
ENSG00000160868	79	39
ENSG00000160870	143	81
ENSG00000160877	2781	8557
ENSG00000160882	0	4
ENSG00000160883	47	503
ENSG00000160886	183	179
ENSG00000160888	3027	4220
ENSG00000160908	2642	2164
ENSG00000160917	1664	1710
ENSG00000160932	2418	6596
ENSG00000160948	2642	5520
ENSG00000160949	1444	673
ENSG00000160951	29	15
ENSG00000160953	4935	3147
ENSG00000160957	813	273
ENSG00000160959	1681	2758
ENSG00000160961	3346	2253
ENSG00000160963	311	16
ENSG00000160972	1412	4124
ENSG00000160973	9	4
ENSG00000160991	2047	1665
ENSG00000160993	710	698
ENSG00000160999	165	299
ENSG00000161010	2522	2076
ENSG00000161011	3979	35396
ENSG00000161013	2134	8458
ENSG00000161016	40552	45741
ENSG00000161021	6828	6145
ENSG00000161031	0	2
ENSG00000161036	927	1446
ENSG00000161040	544	210
ENSG00000161048	4223	1345
ENSG00000161055	5	11
ENSG00000161057	1929	3237
ENSG00000161082	112	43
ENSG00000161091	1904	2582
ENSG00000161179	617	415
ENSG00000161180	60	49
ENSG00000161202	10801	15543
ENSG00000161203	8636	19491
ENSG00000161204	2410	5978
ENSG00000161217	4385	17411
ENSG00000161243	406	1094
ENSG00000161249	691	564
ENSG00000161265	768	1012
ENSG00000161267	1309	4433
ENSG00000161270	134	154
ENSG00000161277	352	278
ENSG00000161281	2010	34947
ENSG00000161298	2709	1231
ENSG00000161328	371	53
ENSG00000161381	1108	3348
ENSG00000161395	809	1912
ENSG00000161405	780	744
ENSG00000161509	141	753
ENSG00000161513	250	329
ENSG00000161526	2201	3421
ENSG00000161533	3469	16560
ENSG00000161542	2600	2429
ENSG00000161544	2107	4547
ENSG00000161547	9265	11211
ENSG00000161551	3536	874
ENSG00000161558	486	6428
ENSG00000161594	16	22
ENSG00000161609	30	7
ENSG00000161610	1	1
ENSG00000161618	1094	1666
ENSG00000161634	25	15
ENSG00000161638	4324	18018
ENSG00000161640	110	232
ENSG00000161642	374	3637
ENSG00000161643	109	285
ENSG00000161647	1135	5643
ENSG00000161649	217	1920
ENSG00000161652	46	20
ENSG00000161653	166	121
ENSG00000161654	4215	7033
ENSG00000161664	354	1670
ENSG00000161671	16010	10728
ENSG00000161677	506	942
ENSG00000161681	1400	166
ENSG00000161682	724	105
ENSG00000161692	1443	586
ENSG00000161714	845	8864
ENSG00000161791	6705	7989
ENSG00000161798	17	39
ENSG00000161800	2672	305
ENSG00000161807	0	0
ENSG00000161813	4467	7647
ENSG00000161835	771	2909
ENSG00000161847	4281	4307
ENSG00000161849	1	0
ENSG00000161850	0	0
ENSG00000161860	89	45
ENSG00000161888	1084	453
ENSG00000161896	145	3274
ENSG00000161904	3033	3373
ENSG00000161905	80	898
ENSG00000161911	14	8
ENSG00000161914	403	382
ENSG00000161920	312	526
ENSG00000161921	364	789
ENSG00000161929	339	387
ENSG00000161940	701	2522
ENSG00000161944	9	60
ENSG00000161955	299	1278
ENSG00000161956	2788	3749
ENSG00000161958	2818	1156
ENSG00000161960	18478	15019
ENSG00000161970	28547	6309
ENSG00000161973	1	2
ENSG00000161980	510	627
ENSG00000161981	649	2211
ENSG00000161992	11	0
ENSG00000161996	2711	1673
ENSG00000161999	1354	5269
ENSG00000162004	593	159
ENSG00000162006	4	5
ENSG00000162009	31	406
ENSG00000162032	1223	1911
ENSG00000162039	735	45
ENSG00000162040	2	0
ENSG00000162062	365	33
ENSG00000162063	1622	365
ENSG00000162065	3576	2558
ENSG00000162066	1024	897
ENSG00000162068	524	74
ENSG00000162069	30	33
ENSG00000162073	379	764
ENSG00000162076	660	1460
ENSG00000162078	40	10
ENSG00000162086	2198	1397
ENSG00000162104	4553	15100
ENSG00000162105	733	136
ENSG00000162129	3184	4672
ENSG00000162139	1870	3203
ENSG00000162144	1652	1400
ENSG00000162174	220	495
ENSG00000162188	102	56
ENSG00000162191	2129	3423
ENSG00000162194	459	340
ENSG00000162222	1068	755
ENSG00000162227	1040	895
ENSG00000162231	5431	5331
ENSG00000162236	1961	2743
ENSG00000162241	659	954
ENSG00000162244	37829	19907
ENSG00000162267	24	127
ENSG00000162298	3232	7349
ENSG00000162300	883	2092
ENSG00000162302	1202	2785
ENSG00000162337	8835	12728
ENSG00000162341	1776	1896
ENSG00000162344	129	0
ENSG00000162365	135	99
ENSG00000162366	8	56
ENSG00000162367	297	727
ENSG00000162368	4567	8233
ENSG00000162373	215	288
ENSG00000162374	12	6
ENSG00000162377	2219	1659
ENSG00000162378	7198	19814
ENSG00000162383	66	197
ENSG00000162384	1915	2199
ENSG00000162385	806	751
ENSG00000162390	3713	8895
ENSG00000162391	278	678
ENSG00000162396	457	529
ENSG00000162399	102	102
ENSG00000162402	10979	12025
ENSG00000162407	5164	22613
ENSG00000162408	5282	5225
ENSG00000162409	9177	30635
ENSG00000162413	2747	12108
ENSG00000162415	827	352
ENSG00000162419	1719	1335
ENSG00000162426	58	375
ENSG00000162430	13755	13672
ENSG00000162433	5549	20054
ENSG00000162434	9772	18269
ENSG00000162437	5364	3175
ENSG00000162438	112	90
ENSG00000162441	3627	3644
ENSG00000162444	512	1037
ENSG00000162456	0	0
ENSG00000162458	3224	9063
ENSG00000162460	3	5
ENSG00000162461	287	4302
ENSG00000162482	179	70
ENSG00000162490	2031	167
ENSG00000162493	1256	3187
ENSG00000162494	411	347
ENSG00000162496	5364	5236
ENSG00000162510	93	104
ENSG00000162511	923	4482
ENSG00000162512	7635	9158
ENSG00000162517	1954	4287
ENSG00000162520	1807	2768
ENSG00000162521	11982	8844
ENSG00000162526	330	207
ENSG00000162542	507	1064
ENSG00000162543	12	503
ENSG00000162545	1573	2387
ENSG00000162551	174	2816
ENSG00000162552	425	110
ENSG00000162571	6	33
ENSG00000162572	952	230
ENSG00000162576	4429	4544
ENSG00000162585	2237	2517
ENSG00000162591	6933	1247
ENSG00000162592	65	40
ENSG00000162594	108	36
ENSG00000162595	584	575
ENSG00000162599	67612	33662
ENSG00000162600	2448	2803
ENSG00000162601	11069	4653
ENSG00000162604	2356	2211
ENSG00000162607	3871	848
ENSG00000162613	14699	8617
ENSG00000162614	7245	11585
ENSG00000162616	2920	6340
ENSG00000162618	781	2074
ENSG00000162620	87	14
ENSG00000162621	489	267
ENSG00000162623	1831	1088
ENSG00000162624	0	0
ENSG00000162627	515	1208
ENSG00000162630	913	1757
ENSG00000162631	49	43
ENSG00000162639	595	88
ENSG00000162641	18	19
ENSG00000162643	24	58
ENSG00000162645	101	1136
ENSG00000162650	934	425
ENSG00000162654	1500	2540
ENSG00000162664	5433	1708
ENSG00000162669	438	624
ENSG00000162670	65	123
ENSG00000162676	26	64
ENSG00000162687	275	350
ENSG00000162688	4833	6134
ENSG00000162692	221	1045
ENSG00000162694	2116	676
ENSG00000162695	4672	2311
ENSG00000162702	2658	1050
ENSG00000162704	3294	3738
ENSG00000162706	46	1791
ENSG00000162711	80	251
ENSG00000162714	4459	4420
ENSG00000162722	889	348
ENSG00000162723	0	1
ENSG00000162727	0	0
ENSG00000162728	43	66
ENSG00000162729	1501	2930
ENSG00000162733	15218	6875
ENSG00000162734	7343	33287
ENSG00000162735	3734	9470
ENSG00000162736	5416	12258
ENSG00000162738	2653	1069
ENSG00000162739	155	156
ENSG00000162745	735	650
ENSG00000162746	4	39
ENSG00000162747	13	216
ENSG00000162753	33	6
ENSG00000162755	48	201
ENSG00000162761	141	9
ENSG00000162763	2	43
ENSG00000162769	1717	798
ENSG00000162771	2	4
ENSG00000162772	943	3048
ENSG00000162775	3518	5421
ENSG00000162777	129	548
ENSG00000162779	81	4
ENSG00000162782	292	4
ENSG00000162783	1500	3960
ENSG00000162804	6285	4673
ENSG00000162813	1178	1139
ENSG00000162814	710	396
ENSG00000162819	3314	2377
ENSG00000162825	1562	616
ENSG00000162836	2312	1973
ENSG00000162843	7	1
ENSG00000162849	24570	1406
ENSG00000162851	701	979
ENSG00000162852	1905	2517
ENSG00000162869	1742	1137
ENSG00000162873	46	22
ENSG00000162877	38	695
ENSG00000162878	3669	5043
ENSG00000162881	413	115
ENSG00000162882	1067	331
ENSG00000162885	3315	3025
ENSG00000162889	4496	38950
ENSG00000162891	0	1
ENSG00000162892	2	15
ENSG00000162894	46	663
ENSG00000162896	92	488
ENSG00000162897	0	0
ENSG00000162909	6830	12517
ENSG00000162910	586	1531
ENSG00000162913	157	189
ENSG00000162923	11224	14721
ENSG00000162924	5018	3023
ENSG00000162927	1178	407
ENSG00000162928	2407	3703
ENSG00000162929	1250	963
ENSG00000162931	454	274
ENSG00000162944	612	505
ENSG00000162946	3378	1117
ENSG00000162947	44	12
ENSG00000162949	19	6
ENSG00000162951	47	60
ENSG00000162959	3602	2864
ENSG00000162961	1125	978
ENSG00000162971	2142	676
ENSG00000162972	432	852
ENSG00000162975	76	26
ENSG00000162976	1040	875
ENSG00000162980	6514	5828
ENSG00000162981	94	221
ENSG00000162989	223	789
ENSG00000162992	120	92
ENSG00000162994	1724	446
ENSG00000162998	297	558
ENSG00000162999	859	1235
ENSG00000163001	1672	848
ENSG00000163002	1462	652
ENSG00000163006	1239	134
ENSG00000163012	0	1
ENSG00000163013	258	378
ENSG00000163017	230	1256
ENSG00000163026	1070	618
ENSG00000163029	4175	1074
ENSG00000163032	166	490
ENSG00000163040	52	102
ENSG00000163041	15263	14249
ENSG00000163046	7395	5749
ENSG00000163050	3331	34753
ENSG00000163053	271	786
ENSG00000163060	223	34
ENSG00000163064	19	0
ENSG00000163069	9568	8570
ENSG00000163071	1004	220
ENSG00000163072	621	546
ENSG00000163075	318	255
ENSG00000163081	0	0
ENSG00000163082	224	3242
ENSG00000163083	2662	920
ENSG00000163092	7366	50074
ENSG00000163093	1594	1910
ENSG00000163104	5228	1217
ENSG00000163106	41	118
ENSG00000163110	24492	97805
ENSG00000163114	1	0
ENSG00000163116	26	61
ENSG00000163121	4	11
ENSG00000163125	10655	11279
ENSG00000163126	427	2289
ENSG00000163131	663	2064
ENSG00000163132	70	538
ENSG00000163138	2240	994
ENSG00000163141	188	94
ENSG00000163145	217	229
ENSG00000163154	79	165
ENSG00000163155	1373	1815
ENSG00000163156	711	899
ENSG00000163157	53	27
ENSG00000163159	1946	2484
ENSG00000163161	3145	2609
ENSG00000163162	3323	3398
ENSG00000163166	2546	2255
ENSG00000163170	434	1734
ENSG00000163171	6326	17091
ENSG00000163191	1337	5162
ENSG00000163202	1	0
ENSG00000163206	0	0
ENSG00000163207	2	0
ENSG00000163209	1	3
ENSG00000163214	2980	1256
ENSG00000163216	2	1
ENSG00000163217	3853	31133
ENSG00000163218	0	0
ENSG00000163219	323	935
ENSG00000163220	88	4017
ENSG00000163221	4	171
ENSG00000163235	136	228
ENSG00000163239	57	340
ENSG00000163249	1405	1671
ENSG00000163251	848	1931
ENSG00000163254	0	0
ENSG00000163257	6514	3741
ENSG00000163263	0	6
ENSG00000163273	11	204
ENSG00000163281	2280	1092
ENSG00000163283	23	10
ENSG00000163285	0	0
ENSG00000163286	0	0
ENSG00000163288	236	277
ENSG00000163291	1085	1351
ENSG00000163293	173	148
ENSG00000163295	1	1
ENSG00000163297	1948	4030
ENSG00000163312	1061	869
ENSG00000163319	1179	1294
ENSG00000163320	8351	6359
ENSG00000163322	2783	739
ENSG00000163328	1708	3530
ENSG00000163331	5	3
ENSG00000163344	917	2397
ENSG00000163346	3074	8443
ENSG00000163347	96	354
ENSG00000163348	2499	2771
ENSG00000163349	6904	27172
ENSG00000163352	35	12
ENSG00000163354	101	35
ENSG00000163357	71	24
ENSG00000163359	42774	58847
ENSG00000163362	234	161
ENSG00000163364	462	64
ENSG00000163374	5068	7818
ENSG00000163376	126	536
ENSG00000163377	8	2
ENSG00000163378	865	3478
ENSG00000163380	3229	8347
ENSG00000163382	2504	6371
ENSG00000163389	2480	1176
ENSG00000163393	241	1235
ENSG00000163394	5	2
ENSG00000163395	50	24
ENSG00000163399	13720	49734
ENSG00000163406	662	460
ENSG00000163412	4475	9101
ENSG00000163421	80	108
ENSG00000163424	84	24
ENSG00000163428	7604	2595
ENSG00000163430	24152	36237
ENSG00000163431	295	3807
ENSG00000163435	134	411
ENSG00000163440	1	0
ENSG00000163444	2442	2528
ENSG00000163449	106	60
ENSG00000163453	5912	42010
ENSG00000163462	587	85
ENSG00000163463	1724	3135
ENSG00000163464	6	198
ENSG00000163466	6069	9189
ENSG00000163467	80	42
ENSG00000163468	9652	8964
ENSG00000163472	700	307
ENSG00000163479	8072	6052
ENSG00000163481	663	910
ENSG00000163482	3237	833
ENSG00000163485	354	1031
ENSG00000163491	1036	1101
ENSG00000163492	5781	8507
ENSG00000163497	8	1
ENSG00000163499	0	0
ENSG00000163501	2	8
ENSG00000163507	1481	173
ENSG00000163508	13	46
ENSG00000163510	1863	668
ENSG00000163512	2572	1237
ENSG00000163513	2982	44298
ENSG00000163515	1	1
ENSG00000163516	2434	1861
ENSG00000163517	434	3860
ENSG00000163518	2	0
ENSG00000163519	4	13
ENSG00000163520	6541	24928
ENSG00000163521	1168	260
ENSG00000163527	9964	9909
ENSG00000163528	504	1755
ENSG00000163530	0	1
ENSG00000163531	1324	7375
ENSG00000163534	106	113
ENSG00000163535	956	66
ENSG00000163536	151	330
ENSG00000163539	7749	7139
ENSG00000163541	2859	11860
ENSG00000163545	144	244
ENSG00000163554	94	5
ENSG00000163558	4607	2105
ENSG00000163563	78	253
ENSG00000163564	54	91
ENSG00000163565	815	2090
ENSG00000163568	132	123
ENSG00000163576	65	44
ENSG00000163577	906	950
ENSG00000163581	89	4
ENSG00000163584	2200	344
ENSG00000163586	2	18
ENSG00000163590	1516	11877
ENSG00000163596	2048	888
ENSG00000163597	14691	14033
ENSG00000163599	33	62
ENSG00000163600	4	15
ENSG00000163602	6101	2187
ENSG00000163605	6080	4224
ENSG00000163606	27	86
ENSG00000163607	1071	1353
ENSG00000163608	3930	2686
ENSG00000163611	4091	526
ENSG00000163612	0	0
ENSG00000163617	699	155
ENSG00000163618	820	2153
ENSG00000163623	0	0
ENSG00000163624	383	159
ENSG00000163625	17142	15120
ENSG00000163626	1338	1835
ENSG00000163629	3337	956
ENSG00000163630	17	32
ENSG00000163631	11	98
ENSG00000163634	1446	2074
ENSG00000163635	6252	5658
ENSG00000163636	3648	4886
ENSG00000163637	2417	4179
ENSG00000163638	13011	22806
ENSG00000163644	6488	39122
ENSG00000163645	42	15
ENSG00000163646	504	32
ENSG00000163655	5525	3840
ENSG00000163659	2424	5064
ENSG00000163660	8631	3989
ENSG00000163661	48	1004
ENSG00000163666	96	22
ENSG00000163673	108	59
ENSG00000163681	11800	17600
ENSG00000163682	30425	8143
ENSG00000163683	2840	2970
ENSG00000163684	2119	4483
ENSG00000163686	446	828
ENSG00000163687	109	198
ENSG00000163689	563	55
ENSG00000163694	253	1238
ENSG00000163697	3817	7170
ENSG00000163701	225	204
ENSG00000163702	2360	2679
ENSG00000163703	3899	5138
ENSG00000163704	1535	529
ENSG00000163705	19	13
ENSG00000163710	1135	7726
ENSG00000163714	14020	3569
ENSG00000163719	1499	5751
ENSG00000163728	5992	1465
ENSG00000163734	6	55
ENSG00000163735	13	21
ENSG00000163736	58	16
ENSG00000163737	13	10
ENSG00000163738	1114	1178
ENSG00000163739	18	423
ENSG00000163743	2024	2730
ENSG00000163746	17	80
ENSG00000163749	110	77
ENSG00000163751	31	119
ENSG00000163754	1507	10230
ENSG00000163755	1310	1066
ENSG00000163762	349	686
ENSG00000163781	4507	1353
ENSG00000163785	6987	5438
ENSG00000163788	3847	6266
ENSG00000163792	320	198
ENSG00000163793	117	158
ENSG00000163794	82	314
ENSG00000163795	711	934
ENSG00000163798	2946	2422
ENSG00000163803	103	294
ENSG00000163806	389	223
ENSG00000163807	5896	4128
ENSG00000163808	1398	26
ENSG00000163810	10	4
ENSG00000163811	4989	2363
ENSG00000163812	4160	7992
ENSG00000163814	205	409
ENSG00000163815	846	6338
ENSG00000163817	112	70
ENSG00000163818	1655	550
ENSG00000163820	8447	51300
ENSG00000163823	109	1172
ENSG00000163825	9	40
ENSG00000163827	1873	17193
ENSG00000163832	1263	1178
ENSG00000163833	4909	38129
ENSG00000163840	2654	3544
ENSG00000163848	8191	4081
ENSG00000163864	4742	3542
ENSG00000163866	1514	3847
ENSG00000163867	2314	1869
ENSG00000163870	717	1930
ENSG00000163872	8630	3694
ENSG00000163873	8030	310
ENSG00000163874	208	874
ENSG00000163875	2600	3762
ENSG00000163877	1542	1861
ENSG00000163879	156	493
ENSG00000163882	1643	1243
ENSG00000163884	5687	16717
ENSG00000163885	63	44
ENSG00000163888	21	23
ENSG00000163898	85	111
ENSG00000163900	1558	1872
ENSG00000163902	6687	17982
ENSG00000163904	3280	3661
ENSG00000163909	1192	8237
ENSG00000163913	4407	5361
ENSG00000163914	1	1
ENSG00000163915	517	220
ENSG00000163918	921	277
ENSG00000163923	256	126
ENSG00000163930	3825	7560
ENSG00000163931	6955	5103
ENSG00000163932	1415	2265
ENSG00000163933	1962	1788
ENSG00000163935	1351	1938
ENSG00000163938	4274	1553
ENSG00000163939	10172	6326
ENSG00000163945	2531	3612
ENSG00000163946	10409	4010
ENSG00000163947	1067	2415
ENSG00000163950	1885	1248
ENSG00000163956	4711	15070
ENSG00000163958	18	24
ENSG00000163959	282	618
ENSG00000163960	9817	4766
ENSG00000163961	2730	3163
ENSG00000163964	1179	1136
ENSG00000163975	718	1654
ENSG00000163982	5	0
ENSG00000163993	9	50
ENSG00000163995	471	1944
ENSG00000164002	527	358
ENSG00000164007	17	23
ENSG00000164010	553	708
ENSG00000164011	673	569
ENSG00000164022	2971	1276
ENSG00000164023	276	4439
ENSG00000164024	3467	5364
ENSG00000164031	5345	1818
ENSG00000164032	2892	1942
ENSG00000164035	720	1690
ENSG00000164037	285	80
ENSG00000164038	3906	1200
ENSG00000164039	1423	1159
ENSG00000164040	4916	6409
ENSG00000164045	698	161
ENSG00000164047	1	24
ENSG00000164048	2171	851
ENSG00000164049	201	135
ENSG00000164050	2820	8501
ENSG00000164051	302	590
ENSG00000164053	987	855
ENSG00000164054	5247	8163
ENSG00000164056	2361	9966
ENSG00000164061	936	828
ENSG00000164062	3037	7472
ENSG00000164066	20072	3431
ENSG00000164068	3203	7467
ENSG00000164070	4756	1589
ENSG00000164073	2392	1262
ENSG00000164074	3805	2618
ENSG00000164076	281	2
ENSG00000164077	514	1028
ENSG00000164078	44	254
ENSG00000164080	4520	6454
ENSG00000164081	1342	2539
ENSG00000164082	84	79
ENSG00000164086	1694	4066
ENSG00000164087	407	132
ENSG00000164088	1237	1122
ENSG00000164089	7	724
ENSG00000164091	8676	13027
ENSG00000164093	56	78
ENSG00000164099	44	14
ENSG00000164100	14	24
ENSG00000164104	3287	1924
ENSG00000164105	464	845
ENSG00000164106	496	362
ENSG00000164107	3729	9641
ENSG00000164109	1276	218
ENSG00000164111	5364	13351
ENSG00000164112	110	23
ENSG00000164113	1	0
ENSG00000164114	510	651
ENSG00000164116	2070	6326
ENSG00000164117	853	1662
ENSG00000164118	2128	1073
ENSG00000164120	25	80
ENSG00000164122	60	306
ENSG00000164124	407	1072
ENSG00000164125	4127	13766
ENSG00000164128	62	58
ENSG00000164129	21	14
ENSG00000164134	5962	3000
ENSG00000164136	210	484
ENSG00000164142	1156	7684
ENSG00000164144	2105	1343
ENSG00000164151	6560	3166
ENSG00000164161	3255	218
ENSG00000164162	1091	853
ENSG00000164163	6147	2349
ENSG00000164164	7974	7156
ENSG00000164167	770	746
ENSG00000164168	4116	2536
ENSG00000164169	1626	618
ENSG00000164171	769	554
ENSG00000164172	1472	4185
ENSG00000164175	37	8
ENSG00000164176	873	2608
ENSG00000164180	3486	1465
ENSG00000164181	105	166
ENSG00000164182	1462	936
ENSG00000164185	14	7
ENSG00000164187	2037	2788
ENSG00000164188	288	59
ENSG00000164190	14526	4627
ENSG00000164197	445	1793
ENSG00000164199	607	354
ENSG00000164209	3398	4682
ENSG00000164211	1778	1324
ENSG00000164219	3554	1833
ENSG00000164220	106	214
ENSG00000164221	586	140
ENSG00000164236	1051	3773
ENSG00000164237	2464	3166
ENSG00000164244	5909	4417
ENSG00000164251	41	317
ENSG00000164252	2261	1434
ENSG00000164253	3263	1728
ENSG00000164256	143	37
ENSG00000164258	1973	2620
ENSG00000164265	247	189
ENSG00000164266	30	67
ENSG00000164270	27	212
ENSG00000164283	432	16
ENSG00000164284	2300	1995
ENSG00000164287	125	100
ENSG00000164291	1045	383
ENSG00000164292	8742	11198
ENSG00000164294	2214	540
ENSG00000164296	502	417
ENSG00000164299	0	0
ENSG00000164300	4166	4904
ENSG00000164303	6476	175
ENSG00000164304	30	24
ENSG00000164305	1747	1579
ENSG00000164306	1313	685
ENSG00000164307	8106	6035
ENSG00000164308	3209	556
ENSG00000164309	15666	274957
ENSG00000164318	1365	3059
ENSG00000164323	5896	1581
ENSG00000164325	0	0
ENSG00000164326	0	11
ENSG00000164327	8950	7178
ENSG00000164329	5538	4904
ENSG00000164330	1004	3611
ENSG00000164331	1291	923
ENSG00000164332	1376	861
ENSG00000164334	2	0
ENSG00000164338	1502	1391
ENSG00000164342	458	345
ENSG00000164344	7	83
ENSG00000164346	5147	1792
ENSG00000164347	2803	3283
ENSG00000164362	156	22
ENSG00000164363	0	0
ENSG00000164366	1500	2738
ENSG00000164379	95	5
ENSG00000164385	284	54
ENSG00000164398	77	312
ENSG00000164399	43	14
ENSG00000164400	19	13
ENSG00000164402	3261	4608
ENSG00000164403	155	738
ENSG00000164404	58	50
ENSG00000164405	1991	12380
ENSG00000164406	105	83
ENSG00000164411	59	33
ENSG00000164414	1636	765
ENSG00000164418	247	664
ENSG00000164430	248	377
ENSG00000164434	57	28
ENSG00000164438	0	1
ENSG00000164440	3846	10108
ENSG00000164442	4371	12331
ENSG00000164451	0	9
ENSG00000164458	2	0
ENSG00000164463	3019	2777
ENSG00000164465	547	1078
ENSG00000164466	3744	3012
ENSG00000164483	354	173
ENSG00000164484	17	80
ENSG00000164485	0	3
ENSG00000164488	137	520
ENSG00000164494	1279	1936
ENSG00000164506	3139	2497
ENSG00000164508	0	0
ENSG00000164509	203	195
ENSG00000164512	31	17
ENSG00000164520	217	179
ENSG00000164530	128	4713
ENSG00000164532	6219	10237
ENSG00000164535	1306	1450
ENSG00000164543	2253	3352
ENSG00000164548	7325	3124
ENSG00000164574	6120	3864
ENSG00000164576	2134	3880
ENSG00000164587	26880	18007
ENSG00000164588	259	293
ENSG00000164591	408	557
ENSG00000164597	5054	6670
ENSG00000164600	0	0
ENSG00000164604	438	331
ENSG00000164609	2090	1540
ENSG00000164610	1331	1097
ENSG00000164611	1008	60
ENSG00000164615	3434	2011
ENSG00000164619	1625	343
ENSG00000164620	52	66
ENSG00000164621	117	62
ENSG00000164626	44	197
ENSG00000164627	337	177
ENSG00000164631	2816	1289
ENSG00000164638	603	1027
ENSG00000164645	9	0
ENSG00000164647	1388	122
ENSG00000164649	1847	3121
ENSG00000164651	1	0
ENSG00000164654	1958	1549
ENSG00000164659	434	708
ENSG00000164663	2209	1099
ENSG00000164674	300	854
ENSG00000164675	31	37
ENSG00000164683	530	1381
ENSG00000164684	12295	8703
ENSG00000164687	1734	4587
ENSG00000164690	76	11
ENSG00000164691	163	391
ENSG00000164692	43983	37849
ENSG00000164694	3525	2405
ENSG00000164695	77	310
ENSG00000164707	1524	674
ENSG00000164708	1839	30200
ENSG00000164713	1978	7893
ENSG00000164715	5232	17722
ENSG00000164729	5	10
ENSG00000164733	7991	35912
ENSG00000164736	331	1443
ENSG00000164740	1	1
ENSG00000164741	5373	14666
ENSG00000164742	2219	2368
ENSG00000164744	1	2
ENSG00000164749	3001	10
ENSG00000164751	5092	1983
ENSG00000164754	14593	12202
ENSG00000164756	136	32
ENSG00000164758	301	241
ENSG00000164761	39	1318
ENSG00000164764	757	418
ENSG00000164776	393	3224
ENSG00000164778	806	20
ENSG00000164794	661	209
ENSG00000164796	675	250
ENSG00000164808	5276	3366
ENSG00000164815	1325	596
ENSG00000164816	0	0
ENSG00000164818	2632	3832
ENSG00000164821	4	4
ENSG00000164822	0	0
ENSG00000164823	1036	1641
ENSG00000164825	2	6
ENSG00000164828	11310	20592
ENSG00000164830	2246	2047
ENSG00000164841	115	156
ENSG00000164849	332	999
ENSG00000164850	383	538
ENSG00000164853	41	1
ENSG00000164855	151	271
ENSG00000164867	806	7719
ENSG00000164871	18	7
ENSG00000164877	681	1907
ENSG00000164879	16	727
ENSG00000164880	7996	14546
ENSG00000164885	252	335
ENSG00000164889	5421	5586
ENSG00000164893	11	5
ENSG00000164896	1731	5387
ENSG00000164897	843	2405
ENSG00000164898	348	980
ENSG00000164900	28	50
ENSG00000164902	2835	1261
ENSG00000164904	19620	3524
ENSG00000164916	12372	14375
ENSG00000164919	2780	10264
ENSG00000164920	354	353
ENSG00000164924	21858	24581
ENSG00000164929	82	335
ENSG00000164930	614	1262
ENSG00000164932	219	120
ENSG00000164933	1541	2080
ENSG00000164934	2804	1328
ENSG00000164935	3	3
ENSG00000164938	2910	4892
ENSG00000164941	4199	2340
ENSG00000164944	6998	4205
ENSG00000164946	1473	1308
ENSG00000164949	960	2964
ENSG00000164951	2034	14389
ENSG00000164953	3662	2741
ENSG00000164961	2788	3050
ENSG00000164967	387	1030
ENSG00000164970	1138	5094
ENSG00000164975	4625	3980
ENSG00000164976	2077	2435
ENSG00000164978	472	312
ENSG00000164983	10543	14763
ENSG00000164985	10332	1615
ENSG00000164989	2712	389
ENSG00000165006	2499	6128
ENSG00000165023	47	23
ENSG00000165025	226	988
ENSG00000165028	1284	4255
ENSG00000165029	5082	12476
ENSG00000165030	788	2884
ENSG00000165046	664	409
ENSG00000165055	2331	2706
ENSG00000165059	2	2
ENSG00000165060	2251	3744
ENSG00000165061	276	98
ENSG00000165066	2	1
ENSG00000165071	2063	1782
ENSG00000165072	251	2838
ENSG00000165076	169	8
ENSG00000165078	5	1
ENSG00000165091	665	271
ENSG00000165092	169	1478
ENSG00000165097	2119	1993
ENSG00000165102	5197	6669
ENSG00000165105	1620	85
ENSG00000165113	908	783
ENSG00000165115	1468	401
ENSG00000165119	27415	31030
ENSG00000165120	1	0
ENSG00000165124	2008	8107
ENSG00000165125	73	37
ENSG00000165131	32	4
ENSG00000165138	3359	914
ENSG00000165140	11	156
ENSG00000165152	1113	8824
ENSG00000165156	2933	1487
ENSG00000165164	154	1
ENSG00000165168	774	3535
ENSG00000165169	444	954
ENSG00000165171	175	64
ENSG00000165175	367	5877
ENSG00000165178	31	104
ENSG00000165181	2606	215
ENSG00000165185	2324	1442
ENSG00000165186	270	187
ENSG00000165188	6	7
ENSG00000165192	1435	10708
ENSG00000165194	1271	383
ENSG00000165195	704	639
ENSG00000165197	14	1115
ENSG00000165202	16	1
ENSG00000165204	20	18
ENSG00000165209	4264	1800
ENSG00000165215	42	31
ENSG00000165219	7821	7475
ENSG00000165233	654	972
ENSG00000165238	9124	58813
ENSG00000165240	3297	2222
ENSG00000165244	1359	648
ENSG00000165246	240	256
ENSG00000165259	533	141
ENSG00000165264	1128	4219
ENSG00000165269	434	14786
ENSG00000165271	3345	4501
ENSG00000165272	131	7465
ENSG00000165275	1140	560
ENSG00000165280	10609	35512
ENSG00000165282	2119	2274
ENSG00000165283	2822	6143
ENSG00000165288	4872	1217
ENSG00000165300	191	151
ENSG00000165304	883	46
ENSG00000165309	170	143
ENSG00000165312	2916	15111
ENSG00000165322	4318	2448
ENSG00000165323	1181	235
ENSG00000165325	17	12
ENSG00000165338	3184	713
ENSG00000165349	41	2
ENSG00000165355	897	1146
ENSG00000165359	1403	973
ENSG00000165370	18	3
ENSG00000165376	31	36
ENSG00000165379	98	147
ENSG00000165383	45	36
ENSG00000165389	1417	2934
ENSG00000165392	4445	1280
ENSG00000165406	2764	6879
ENSG00000165409	1198	544
ENSG00000165410	4867	27572
ENSG00000165416	8831	11334
ENSG00000165417	6175	4142
ENSG00000165424	4241	14283
ENSG00000165434	1816	523
ENSG00000165443	31	12
ENSG00000165449	86	266
ENSG00000165457	134	1298
ENSG00000165458	11734	14825
ENSG00000165462	22	10
ENSG00000165471	0	1
ENSG00000165474	768	88
ENSG00000165475	901	1323
ENSG00000165476	3958	4338
ENSG00000165478	20	232
ENSG00000165480	800	69
ENSG00000165487	2311	2612
ENSG00000165490	376	69
ENSG00000165494	8487	3323
ENSG00000165495	1997	2004
ENSG00000165496	2	0
ENSG00000165501	455	504
ENSG00000165502	1111	1782
ENSG00000165506	1155	796
ENSG00000165507	1609	18417
ENSG00000165509	0	7
ENSG00000165511	185	270
ENSG00000165512	1936	1305
ENSG00000165516	4653	6408
ENSG00000165521	90	123
ENSG00000165525	4845	2355
ENSG00000165526	1799	3376
ENSG00000165527	4073	5884
ENSG00000165533	1058	680
ENSG00000165548	10	297
ENSG00000165553	0	0
ENSG00000165555	131	29
ENSG00000165556	13	14
ENSG00000165566	656	117
ENSG00000165568	613	408
ENSG00000165572	2516	1740
ENSG00000165583	9	22
ENSG00000165584	85	6
ENSG00000165588	0	1
ENSG00000165591	153	31
ENSG00000165606	51	0
ENSG00000165609	1012	965
ENSG00000165617	3842	1529
ENSG00000165621	7	23
ENSG00000165623	0	1
ENSG00000165626	460	1515
ENSG00000165629	4043	22864
ENSG00000165630	3162	1771
ENSG00000165632	1548	3139
ENSG00000165633	3120	4646
ENSG00000165637	8355	23656
ENSG00000165643	0	0
ENSG00000165644	328	1206
ENSG00000165646	59	82
ENSG00000165650	5119	3920
ENSG00000165655	4517	1739
ENSG00000165660	1338	1082
ENSG00000165661	2128	1743
ENSG00000165669	2192	1949
ENSG00000165671	16473	8675
ENSG00000165672	4007	11849
ENSG00000165675	738	1060
ENSG00000165678	4945	29589
ENSG00000165682	79	30
ENSG00000165684	1842	1576
ENSG00000165685	45	54
ENSG00000165688	2421	5258
ENSG00000165689	2116	1289
ENSG00000165694	5	10
ENSG00000165695	43	42
ENSG00000165698	271	576
ENSG00000165699	8773	9343
ENSG00000165702	150	105
ENSG00000165704	1158	1463
ENSG00000165714	1556	1752
ENSG00000165716	1772	2376
ENSG00000165724	869	761
ENSG00000165730	307	93
ENSG00000165731	100	593
ENSG00000165732	9674	4538
ENSG00000165733	3306	2339
ENSG00000165752	688	370
ENSG00000165757	6854	12264
ENSG00000165762	86	54
ENSG00000165775	2709	10093
ENSG00000165782	876	1819
ENSG00000165792	1837	2436
ENSG00000165794	0	0
ENSG00000165795	4132	21386
ENSG00000165799	6	13
ENSG00000165801	10257	6357
ENSG00000165802	6958	2206
ENSG00000165804	1047	6292
ENSG00000165806	1980	1026
ENSG00000165807	18	13
ENSG00000165810	1440	4523
ENSG00000165813	2624	1767
ENSG00000165816	138	127
ENSG00000165819	3051	2141
ENSG00000165821	3203	1461
ENSG00000165828	62	75
ENSG00000165832	2583	2069
ENSG00000165837	60	25
ENSG00000165841	68	102
ENSG00000165861	1462	2984
ENSG00000165868	4483	4911
ENSG00000165874	92	38
ENSG00000165879	352	375
ENSG00000165886	330	1933
ENSG00000165887	184	19015
ENSG00000165891	592	36
ENSG00000165895	1207	1577
ENSG00000165898	611	2254
ENSG00000165899	117	440
ENSG00000165905	68	8
ENSG00000165912	2597	15942
ENSG00000165914	4488	7765
ENSG00000165915	2709	4600
ENSG00000165916	2048	6518
ENSG00000165917	24	193
ENSG00000165923	163	30
ENSG00000165929	160	1450
ENSG00000165934	5225	4257
ENSG00000165935	3	9
ENSG00000165943	1465	5508
ENSG00000165948	337	266
ENSG00000165949	347	4164
ENSG00000165953	0	0
ENSG00000165959	3336	3787
ENSG00000165966	22	27
ENSG00000165970	6	2
ENSG00000165972	162	146
ENSG00000165973	130	15
ENSG00000165983	337	890
ENSG00000165985	18	16
ENSG00000165995	4301	6416
ENSG00000165996	2017	4253
ENSG00000165997	4574	2312
ENSG00000166002	106	908
ENSG00000166004	3940	688
ENSG00000166006	0	1
ENSG00000166012	8034	2089
ENSG00000166016	2570	3561
ENSG00000166024	902	569
ENSG00000166025	7238	16826
ENSG00000166033	2686	4903
ENSG00000166035	150	94
ENSG00000166037	4183	1000
ENSG00000166046	2477	8926
ENSG00000166049	0	0
ENSG00000166068	6697	3767
ENSG00000166069	38	9
ENSG00000166073	557	556
ENSG00000166086	2660	5631
ENSG00000166090	3	9
ENSG00000166091	166	1010
ENSG00000166105	738	490
ENSG00000166106	6118	5938
ENSG00000166111	117	274
ENSG00000166118	4	1
ENSG00000166123	1191	2270
ENSG00000166126	47	28
ENSG00000166128	1845	1990
ENSG00000166130	998	373
ENSG00000166133	831	1072
ENSG00000166135	6121	11904
ENSG00000166136	2951	9848
ENSG00000166140	1157	1486
ENSG00000166143	14	3
ENSG00000166145	32	181
ENSG00000166147	21096	33258
ENSG00000166148	374	716
ENSG00000166153	277	110
ENSG00000166159	0	0
ENSG00000166160	0	0
ENSG00000166164	3361	3095
ENSG00000166165	2975	36272
ENSG00000166166	683	1100
ENSG00000166167	3225	6805
ENSG00000166169	1778	2063
ENSG00000166170	2001	3037
ENSG00000166171	450	722
ENSG00000166173	662	5013
ENSG00000166181	4756	3707
ENSG00000166183	481	1599
ENSG00000166188	870	1868
ENSG00000166189	714	1865
ENSG00000166192	511	625
ENSG00000166197	7339	5029
ENSG00000166199	767	801
ENSG00000166200	4781	2666
ENSG00000166206	320	684
ENSG00000166211	0	0
ENSG00000166220	3	7
ENSG00000166224	3255	3680
ENSG00000166225	4105	2946
ENSG00000166226	4838	4239
ENSG00000166228	1353	5642
ENSG00000166233	10246	12281
ENSG00000166246	186	105
ENSG00000166250	1519	1974
ENSG00000166257	326	550
ENSG00000166260	3526	3699
ENSG00000166261	1327	708
ENSG00000166262	608	646
ENSG00000166263	2750	951
ENSG00000166265	567	2935
ENSG00000166266	5810	3884
ENSG00000166268	178	27
ENSG00000166272	4907	6713
ENSG00000166275	1194	1326
ENSG00000166278	444	1517
ENSG00000166289	555	1954
ENSG00000166292	158	664
ENSG00000166295	3624	11355
ENSG00000166311	985	7682
ENSG00000166313	2050	8908
ENSG00000166317	11089	83768
ENSG00000166321	760	452
ENSG00000166326	10548	11225
ENSG00000166329	0	0
ENSG00000166333	5286	14991
ENSG00000166337	2682	4855
ENSG00000166340	5082	17733
ENSG00000166341	15236	7768
ENSG00000166342	20	13
ENSG00000166343	1205	811
ENSG00000166347	1333	3491
ENSG00000166348	2923	6701
ENSG00000166349	85	177
ENSG00000166351	120	218
ENSG00000166352	2588	1929
ENSG00000166359	239	114
ENSG00000166363	0	0
ENSG00000166368	2	1
ENSG00000166377	5593	4431
ENSG00000166387	2009	1683
ENSG00000166391	0	7
ENSG00000166394	447	501
ENSG00000166396	1	1
ENSG00000166398	4041	7658
ENSG00000166401	107	698
ENSG00000166402	4980	5055
ENSG00000166405	2100	1610
ENSG00000166407	95	78
ENSG00000166408	1	0
ENSG00000166411	3634	28503
ENSG00000166415	185	123
ENSG00000166426	2606	7
ENSG00000166428	133	69
ENSG00000166432	4607	956
ENSG00000166435	2688	2380
ENSG00000166436	907	915
ENSG00000166439	5731	5255
ENSG00000166441	23617	13139
ENSG00000166444	4213	9604
ENSG00000166446	583	629
ENSG00000166448	263	117
ENSG00000166450	758	431
ENSG00000166451	1282	1391
ENSG00000166452	592	1317
ENSG00000166454	3360	4011
ENSG00000166471	2263	3612
ENSG00000166473	1147	1167
ENSG00000166477	1129	300
ENSG00000166478	1053	1164
ENSG00000166479	4758	3178
ENSG00000166482	3217	6410
ENSG00000166483	3946	7611
ENSG00000166484	1878	2108
ENSG00000166492	0	0
ENSG00000166501	166	406
ENSG00000166503	4907	3409
ENSG00000166507	2229	2089
ENSG00000166508	4272	1612
ENSG00000166509	66	58
ENSG00000166510	179	327
ENSG00000166523	430	302
ENSG00000166526	1813	1793
ENSG00000166527	9	27
ENSG00000166529	660	642
ENSG00000166532	6755	3144
ENSG00000166535	226	123
ENSG00000166546	443	465
ENSG00000166548	3521	3169
ENSG00000166557	3403	2036
ENSG00000166558	4	74
ENSG00000166562	447	740
ENSG00000166569	9	5
ENSG00000166573	388	249
ENSG00000166575	3550	3389
ENSG00000166578	98	82
ENSG00000166579	3083	3856
ENSG00000166582	1653	729
ENSG00000166589	4	21
ENSG00000166592	1614	23353
ENSG00000166595	935	3384
ENSG00000166596	14	15
ENSG00000166598	19758	13291
ENSG00000166603	3	0
ENSG00000166619	3924	9425
ENSG00000166634	72	84
ENSG00000166664	53	185
ENSG00000166669	2187	2111
ENSG00000166670	1	2
ENSG00000166676	317	353
ENSG00000166681	4334	5060
ENSG00000166682	138	113
ENSG00000166685	2342	5258
ENSG00000166689	5576	4902
ENSG00000166704	2016	991
ENSG00000166707	72	38
ENSG00000166710	16379	52355
ENSG00000166716	5429	8925
ENSG00000166734	8282	5253
ENSG00000166736	1	0
ENSG00000166741	204	3663
ENSG00000166743	111	74
ENSG00000166747	7141	8732
ENSG00000166750	1631	2541
ENSG00000166762	890	502
ENSG00000166770	2578	1798
ENSG00000166780	2248	4862
ENSG00000166783	7881	7760
ENSG00000166788	701	561
ENSG00000166793	925	225
ENSG00000166794	8055	7257
ENSG00000166796	29	62
ENSG00000166797	1125	2203
ENSG00000166800	169	61
ENSG00000166801	3993	767
ENSG00000166803	1149	203
ENSG00000166813	1358	1293
ENSG00000166816	707	7206
ENSG00000166819	69	11838
ENSG00000166821	309	867
ENSG00000166822	2682	1901
ENSG00000166823	147	233
ENSG00000166825	1308	1219
ENSG00000166828	128	116
ENSG00000166831	3252	30477
ENSG00000166833	7397	10562
ENSG00000166839	626	496
ENSG00000166840	91	29
ENSG00000166847	5637	5477
ENSG00000166848	4242	7017
ENSG00000166851	1302	143
ENSG00000166855	5039	4737
ENSG00000166856	177	90
ENSG00000166860	1376	1334
ENSG00000166862	38	46
ENSG00000166863	1	1
ENSG00000166866	11	25
ENSG00000166869	547	439
ENSG00000166881	3533	876
ENSG00000166884	0	0
ENSG00000166886	2029	2071
ENSG00000166887	5219	9059
ENSG00000166888	11823	8523
ENSG00000166889	3318	6060
ENSG00000166896	1363	690
ENSG00000166897	2021	37
ENSG00000166900	639	1600
ENSG00000166902	1209	3750
ENSG00000166908	1297	2515
ENSG00000166912	4209	7015
ENSG00000166913	7422	11780
ENSG00000166917	46	19
ENSG00000166922	491	9
ENSG00000166923	2123	340
ENSG00000166924	116	40
ENSG00000166925	2833	7050
ENSG00000166926	1	11
ENSG00000166927	535	1599
ENSG00000166928	31	51
ENSG00000166930	23	11
ENSG00000166938	2124	3419
ENSG00000166946	1277	3736
ENSG00000166947	138	67
ENSG00000166948	0	0
ENSG00000166949	5016	8933
ENSG00000166959	3	9
ENSG00000166960	2	1
ENSG00000166961	28	8
ENSG00000166963	3124	16259
ENSG00000166965	2068	792
ENSG00000166971	1781	4073
ENSG00000166974	6277	22313
ENSG00000166979	768	3120
ENSG00000166986	3189	7295
ENSG00000166987	5058	6418
ENSG00000166997	1063	502
ENSG00000167004	10774	14234
ENSG00000167005	8564	5640
ENSG00000167011	89	37
ENSG00000167014	10	8
ENSG00000167034	95	1051
ENSG00000167037	127	2426
ENSG00000167065	655	540
ENSG00000167074	1716	4631
ENSG00000167077	208	122
ENSG00000167080	1154	691
ENSG00000167081	2863	4792
ENSG00000167083	9	92
ENSG00000167085	4666	9936
ENSG00000167088	1944	1533
ENSG00000167094	120	126
ENSG00000167098	0	0
ENSG00000167100	1240	696
ENSG00000167103	83	39
ENSG00000167104	0	0
ENSG00000167105	27	44
ENSG00000167107	2280	1721
ENSG00000167110	4998	7031
ENSG00000167112	2793	4255
ENSG00000167113	2729	2914
ENSG00000167114	886	3142
ENSG00000167117	61	56
ENSG00000167118	1909	4521
ENSG00000167123	3492	2509
ENSG00000167130	795	685
ENSG00000167131	78	8
ENSG00000167136	425	1708
ENSG00000167139	1	0
ENSG00000167157	1205	258
ENSG00000167165	11	8
ENSG00000167178	521	1229
ENSG00000167182	1619	4434
ENSG00000167183	33	64
ENSG00000167186	1566	3762
ENSG00000167191	2200	16409
ENSG00000167193	4256	6397
ENSG00000167195	29	31
ENSG00000167196	3753	1969
ENSG00000167202	2651	4477
ENSG00000167207	131	237
ENSG00000167208	106	237
ENSG00000167210	121	156
ENSG00000167216	2830	638
ENSG00000167220	2027	2355
ENSG00000167232	8677	5719
ENSG00000167244	274548	46731
ENSG00000167257	2279	2899
ENSG00000167258	8898	6558
ENSG00000167261	25	205
ENSG00000167264	721	663
ENSG00000167272	753	993
ENSG00000167280	2194	2576
ENSG00000167281	2755	151
ENSG00000167283	4520	17481
ENSG00000167286	71	84
ENSG00000167291	5081	6165
ENSG00000167302	837	803
ENSG00000167306	1113	823
ENSG00000167311	35	120
ENSG00000167315	2602	19141
ENSG00000167323	2953	5655
ENSG00000167325	3033	2214
ENSG00000167332	47	51
ENSG00000167333	908	1334
ENSG00000167346	6	2
ENSG00000167355	84	42
ENSG00000167359	15	2
ENSG00000167360	27	3
ENSG00000167363	2007	8608
ENSG00000167371	3344	263
ENSG00000167377	772	367
ENSG00000167378	4480	9736
ENSG00000167380	2824	873
ENSG00000167384	840	300
ENSG00000167390	0	0
ENSG00000167393	2144	6260
ENSG00000167394	419	603
ENSG00000167395	2777	3515
ENSG00000167397	1954	2138
ENSG00000167414	23	24
ENSG00000167419	86	76
ENSG00000167434	339	1167
ENSG00000167447	1266	1483
ENSG00000167459	1	0
ENSG00000167460	17070	16222
ENSG00000167461	2302	2459
ENSG00000167468	3255	14193
ENSG00000167470	6395	27028
ENSG00000167476	22	21
ENSG00000167483	702	427
ENSG00000167487	906	1424
ENSG00000167491	6722	8139
ENSG00000167508	736	1338
ENSG00000167513	1431	199
ENSG00000167515	1201	1246
ENSG00000167522	10784	13245
ENSG00000167523	745	366
ENSG00000167524	1852	1224
ENSG00000167525	370	163
ENSG00000167526	71567	36566
ENSG00000167528	2398	3988
ENSG00000167531	3	0
ENSG00000167535	1644	573
ENSG00000167536	520	241
ENSG00000167543	1152	3308
ENSG00000167548	25940	38631
ENSG00000167549	2749	6689
ENSG00000167550	87	22
ENSG00000167552	6328	7876
ENSG00000167553	2129	3846
ENSG00000167554	884	204
ENSG00000167555	3482	1489
ENSG00000167562	1534	473
ENSG00000167565	1055	1974
ENSG00000167566	4190	7538
ENSG00000167578	351	991
ENSG00000167580	0	48
ENSG00000167588	34	5120
ENSG00000167595	2369	2301
ENSG00000167600	65	157
ENSG00000167601	8743	10338
ENSG00000167604	406	392
ENSG00000167608	436	333
ENSG00000167612	2	2
ENSG00000167613	401	1291
ENSG00000167614	458	484
ENSG00000167615	18784	13809
ENSG00000167617	1446	684
ENSG00000167618	0	0
ENSG00000167619	338	59
ENSG00000167625	1179	1419
ENSG00000167632	2399	5366
ENSG00000167633	0	0
ENSG00000167634	0	5
ENSG00000167635	5607	1583
ENSG00000167637	2374	925
ENSG00000167641	207	2724
ENSG00000167642	489	836
ENSG00000167645	836	1903
ENSG00000167646	153	543
ENSG00000167653	27	8
ENSG00000167654	204	315
ENSG00000167656	4	1
ENSG00000167657	2842	9521
ENSG00000167658	266091	277682
ENSG00000167664	17	16
ENSG00000167670	1511	716
ENSG00000167671	4455	10255
ENSG00000167674	2781	2603
ENSG00000167676	727	114579
ENSG00000167680	1195	4725
ENSG00000167685	1939	2292
ENSG00000167693	4043	2247
ENSG00000167695	1003	668
ENSG00000167699	1889	1979
ENSG00000167700	510	1009
ENSG00000167701	424	2383
ENSG00000167702	2154	618
ENSG00000167703	508	1902
ENSG00000167705	553	5610
ENSG00000167711	24	298
ENSG00000167716	1983	3874
ENSG00000167720	669	733
ENSG00000167721	3785	3903
ENSG00000167723	126	344
ENSG00000167733	603	321
ENSG00000167740	528	616
ENSG00000167741	88	57
ENSG00000167748	19	56
ENSG00000167749	93	28
ENSG00000167751	77	82
ENSG00000167754	7	10
ENSG00000167755	2	0
ENSG00000167757	127	206
ENSG00000167759	1	15
ENSG00000167766	4992	1205
ENSG00000167767	637	143
ENSG00000167768	18	27
ENSG00000167769	29	16
ENSG00000167770	2611	5622
ENSG00000167771	2232	315
ENSG00000167772	186	7593
ENSG00000167775	1814	2733
ENSG00000167778	1667	7936
ENSG00000167779	197	2700
ENSG00000167780	4	5
ENSG00000167785	1819	717
ENSG00000167791	0	0
ENSG00000167792	6561	29411
ENSG00000167797	898	5926
ENSG00000167799	121	1060
ENSG00000167800	32	19
ENSG00000167815	8575	31388
ENSG00000167822	2	0
ENSG00000167825	0	0
ENSG00000167840	562	422
ENSG00000167842	762	685
ENSG00000167850	13	127
ENSG00000167851	83	305
ENSG00000167858	2	0
ENSG00000167861	461	2253
ENSG00000167862	428	1563
ENSG00000167863	3431	13607
ENSG00000167874	275	1393
ENSG00000167880	491	85
ENSG00000167881	3700	5304
ENSG00000167889	76	44
ENSG00000167895	141	533
ENSG00000167900	718	211
ENSG00000167904	1362	821
ENSG00000167910	5	4
ENSG00000167912	20	46
ENSG00000167914	81	181
ENSG00000167916	0	9
ENSG00000167920	813	633
ENSG00000167925	836	1247
ENSG00000167930	3210	14596
ENSG00000167941	17	28
ENSG00000167962	2383	2885
ENSG00000167964	255	118
ENSG00000167965	1816	2627
ENSG00000167967	1384	1956
ENSG00000167968	82	59
ENSG00000167969	1329	6232
ENSG00000167971	1014	1255
ENSG00000167972	4616	3494
ENSG00000167977	1553	1677
ENSG00000167978	85149	88050
ENSG00000167981	623	497
ENSG00000167984	688	720
ENSG00000167985	940	2228
ENSG00000167986	14436	23530
ENSG00000167987	1197	2874
ENSG00000167992	169	133
ENSG00000167994	2127	2470
ENSG00000167995	318	918
ENSG00000167996	21129	108530
ENSG00000168000	1366	1368
ENSG00000168002	885	1068
ENSG00000168003	1579	4245
ENSG00000168004	2	493
ENSG00000168005	1509	1334
ENSG00000168010	1870	2183
ENSG00000168014	6143	5092
ENSG00000168016	4005	1779
ENSG00000168026	421	205
ENSG00000168028	32030	11913
ENSG00000168032	280	164
ENSG00000168036	21992	25987
ENSG00000168038	1414	785
ENSG00000168040	643	872
ENSG00000168056	19203	19180
ENSG00000168060	279	196
ENSG00000168061	325	350
ENSG00000168062	10	215
ENSG00000168065	26	55
ENSG00000168066	16296	25884
ENSG00000168067	1267	1592
ENSG00000168070	7	11
ENSG00000168071	335	598
ENSG00000168077	651	1138
ENSG00000168078	850	12
ENSG00000168079	151	8687
ENSG00000168081	3	10
ENSG00000168090	2989	5602
ENSG00000168092	6655	12269
ENSG00000168096	1789	1131
ENSG00000168101	922	2345
ENSG00000168116	1499	433
ENSG00000168118	3101	5750
ENSG00000168124	0	0
ENSG00000168126	7	0
ENSG00000168131	10	0
ENSG00000168135	480	2921
ENSG00000168137	21771	13488
ENSG00000168140	1924	3479
ENSG00000168143	217	158
ENSG00000168148	6	10
ENSG00000168152	522	295
ENSG00000168158	26	4
ENSG00000168159	2912	8972
ENSG00000168172	12524	7096
ENSG00000168175	7303	17784
ENSG00000168209	14845	7722
ENSG00000168214	9424	5965
ENSG00000168216	2159	5400
ENSG00000168228	1368	980
ENSG00000168229	55	199
ENSG00000168234	1869	1157
ENSG00000168237	478	1069
ENSG00000168243	120	87
ENSG00000168246	2771	1478
ENSG00000168256	2858	6538
ENSG00000168259	4477	4331
ENSG00000168263	244	26
ENSG00000168264	14495	15453
ENSG00000168267	0	0
ENSG00000168268	3888	3920
ENSG00000168269	0	0
ENSG00000168275	561	676
ENSG00000168280	1779	804
ENSG00000168282	1650	2047
ENSG00000168283	2528	2797
ENSG00000168286	1155	2184
ENSG00000168288	2924	5026
ENSG00000168291	3024	10729
ENSG00000168297	2106	2402
ENSG00000168298	6602	6622
ENSG00000168300	6688	8513
ENSG00000168301	894	662
ENSG00000168303	2913	1425
ENSG00000168306	526	2468
ENSG00000168309	746	20452
ENSG00000168310	2626	4000
ENSG00000168314	104	96
ENSG00000168329	217	368
ENSG00000168333	0	2
ENSG00000168334	20678	415332
ENSG00000168348	5	2
ENSG00000168350	192	88
ENSG00000168356	144	36
ENSG00000168367	0	0
ENSG00000168374	5185	7903
ENSG00000168385	20457	16574
ENSG00000168386	2252	2812
ENSG00000168389	31	126
ENSG00000168393	1020	646
ENSG00000168394	1759	3399
ENSG00000168395	3276	2279
ENSG00000168397	2774	3566
ENSG00000168398	123	655
ENSG00000168404	525	935
ENSG00000168411	2949	1320
ENSG00000168412	365	166
ENSG00000168418	87	84
ENSG00000168421	72	178
ENSG00000168427	537	3117
ENSG00000168434	2278	2173
ENSG00000168438	3282	1309
ENSG00000168439	4858	7628
ENSG00000168447	3	93
ENSG00000168453	198	963
ENSG00000168454	243	17
ENSG00000168461	2269	2563
ENSG00000168476	671	440
ENSG00000168477	8923	129181
ENSG00000168481	9	132
ENSG00000168484	5	25
ENSG00000168487	2490	2503
ENSG00000168488	13639	9962
ENSG00000168490	28	717
ENSG00000168491	35	34
ENSG00000168495	4111	3091
ENSG00000168496	767	650
ENSG00000168497	2631	8214
ENSG00000168502	862	1838
ENSG00000168505	251	2
ENSG00000168509	6	2147
ENSG00000168515	0	0
ENSG00000168517	267	209
ENSG00000168522	8227	5901
ENSG00000168528	158	273
ENSG00000168530	1	4
ENSG00000168538	3763	2941
ENSG00000168539	15	7
ENSG00000168542	54743	26389
ENSG00000168546	1629	571
ENSG00000168556	275	155
ENSG00000168564	822	855
ENSG00000168566	2826	1419
ENSG00000168569	913	1623
ENSG00000168575	4801	21195
ENSG00000168582	0	0
ENSG00000168589	27	7
ENSG00000168591	1722	2326
ENSG00000168594	45	31
ENSG00000168610	12212	73693
ENSG00000168612	1117	1684
ENSG00000168615	7729	13149
ENSG00000168619	20	25
ENSG00000168621	108	98
ENSG00000168630	1	0
ENSG00000168631	1	2
ENSG00000168634	3	4
ENSG00000168646	2560	2457
ENSG00000168653	1419	4621
ENSG00000168658	35	28
ENSG00000168661	527	171
ENSG00000168671	44	8
ENSG00000168672	1422	2256
ENSG00000168675	13702	10510
ENSG00000168676	297	57
ENSG00000168679	2799	747
ENSG00000168685	248	329
ENSG00000168701	385	630
ENSG00000168702	62	47
ENSG00000168703	116	87
ENSG00000168710	4389	9159
ENSG00000168724	4476	2704
ENSG00000168734	1740	10472
ENSG00000168743	2469	894
ENSG00000168746	5	5
ENSG00000168748	11	23
ENSG00000168754	48	49
ENSG00000168757	0	0
ENSG00000168758	2880	5262
ENSG00000168763	2932	2591
ENSG00000168765	555	2202
ENSG00000168769	8793	3167
ENSG00000168772	1127	777
ENSG00000168778	848	1088
ENSG00000168779	64	176
ENSG00000168781	1853	2881
ENSG00000168785	651	456
ENSG00000168792	715	1225
ENSG00000168795	2010	2010
ENSG00000168802	1655	3126
ENSG00000168806	550	1235
ENSG00000168807	6437	4165
ENSG00000168811	11	72
ENSG00000168813	5681	2219
ENSG00000168818	1379	1204
ENSG00000168824	1016	644
ENSG00000168826	428	400
ENSG00000168827	3986	6865
ENSG00000168828	4	9
ENSG00000168830	1	0
ENSG00000168843	5	0
ENSG00000168872	3671	4444
ENSG00000168874	836	4046
ENSG00000168875	0	0
ENSG00000168876	669	285
ENSG00000168878	154	131
ENSG00000168883	2040	3457
ENSG00000168884	941	2103
ENSG00000168890	591	994
ENSG00000168894	608	1669
ENSG00000168899	370	1133
ENSG00000168903	4	59
ENSG00000168904	2206	1373
ENSG00000168906	15638	20829
ENSG00000168907	53	264
ENSG00000168913	16	40
ENSG00000168916	26273	2076
ENSG00000168917	646	456
ENSG00000168918	558	1698
ENSG00000168924	4396	10625
ENSG00000168925	17	166
ENSG00000168928	3	133
ENSG00000168930	0	0
ENSG00000168936	1873	3712
ENSG00000168938	1514	2727
ENSG00000168939	1304	467
ENSG00000168944	4821	1545
ENSG00000168952	515	2266
ENSG00000168955	112	64
ENSG00000168958	4644	5194
ENSG00000168959	10	2
ENSG00000168961	280	2186
ENSG00000168970	1552	1560
ENSG00000168992	0	0
ENSG00000168993	97	835
ENSG00000168994	885	3763
ENSG00000168995	15	157
ENSG00000169006	1	7
ENSG00000169016	900	1876
ENSG00000169018	8918	10920
ENSG00000169019	426	413
ENSG00000169020	1000	4357
ENSG00000169021	2972	22569
ENSG00000169026	102	912
ENSG00000169031	404	1507
ENSG00000169032	1865	4439
ENSG00000169035	11	21
ENSG00000169045	26016	12574
ENSG00000169047	3272	8795
ENSG00000169057	6883	14493
ENSG00000169059	4	0
ENSG00000169062	4265	1497
ENSG00000169064	31	11
ENSG00000169067	3	3
ENSG00000169071	1694	648
ENSG00000169083	303	9318
ENSG00000169084	981	2554
ENSG00000169085	26	17
ENSG00000169087	1901	934
ENSG00000169093	1634	4382
ENSG00000169100	20996	18472
ENSG00000169105	1831	1395
ENSG00000169116	4958	28459
ENSG00000169118	3490	2130
ENSG00000169122	1539	4218
ENSG00000169126	3045	50
ENSG00000169129	510	1011
ENSG00000169131	892	240
ENSG00000169136	1597	2393
ENSG00000169139	2733	1518
ENSG00000169154	4	1
ENSG00000169155	2623	5991
ENSG00000169169	3608	344
ENSG00000169174	14	14
ENSG00000169180	5097	4548
ENSG00000169181	678	416
ENSG00000169184	3217	5346
ENSG00000169188	1116	1415
ENSG00000169189	922	1624
ENSG00000169193	380	949
ENSG00000169194	2	2
ENSG00000169203	482	194
ENSG00000169208	1351	736
ENSG00000169213	309	176
ENSG00000169214	155	0
ENSG00000169217	2600	4259
ENSG00000169218	69	99
ENSG00000169220	368	436
ENSG00000169221	3237	4490
ENSG00000169223	3997	7988
ENSG00000169224	241	133
ENSG00000169228	1164	871
ENSG00000169230	1932	1712
ENSG00000169231	4226	1531
ENSG00000169239	1560	1377
ENSG00000169241	735	618
ENSG00000169242	1319	2096
ENSG00000169245	17	41
ENSG00000169247	1194	1650
ENSG00000169248	4	2
ENSG00000169249	845	1078
ENSG00000169251	3519	3256
ENSG00000169252	326	1386
ENSG00000169255	3817	5609
ENSG00000169258	79	98
ENSG00000169271	1243	6668
ENSG00000169282	704	822
ENSG00000169288	957	671
ENSG00000169291	821	5570
ENSG00000169297	0	0
ENSG00000169299	1969	993
ENSG00000169302	211	118
ENSG00000169306	456	407
ENSG00000169313	398	75
ENSG00000169325	0	0
ENSG00000169327	343	317
ENSG00000169330	337	35
ENSG00000169340	7	12
ENSG00000169344	0	0
ENSG00000169347	51	142
ENSG00000169359	3598	5694
ENSG00000169371	1333	1031
ENSG00000169372	522	1967
ENSG00000169375	8774	7276
ENSG00000169379	933	521
ENSG00000169385	4	54
ENSG00000169393	0	0
ENSG00000169397	1	8
ENSG00000169398	9173	9117
ENSG00000169402	43	30
ENSG00000169403	127	585
ENSG00000169410	3242	2916
ENSG00000169413	104	322
ENSG00000169418	987	4119
ENSG00000169427	38	3
ENSG00000169429	164	314
ENSG00000169432	564	841
ENSG00000169435	189	70
ENSG00000169436	590	34
ENSG00000169439	3910	5852
ENSG00000169442	14	152
ENSG00000169446	2726	6669
ENSG00000169469	4	1
ENSG00000169474	0	0
ENSG00000169484	0	0
ENSG00000169488	0	0
ENSG00000169490	1168	1626
ENSG00000169495	267	127
ENSG00000169499	4026	12066
ENSG00000169504	21250	62741
ENSG00000169507	38	165
ENSG00000169508	475	288
ENSG00000169509	0	0
ENSG00000169515	4838	4660
ENSG00000169519	2543	1483
ENSG00000169548	68	0
ENSG00000169550	21	8
ENSG00000169551	13	12
ENSG00000169554	6250	12500
ENSG00000169562	5	10
ENSG00000169564	10351	23573
ENSG00000169567	3365	5227
ENSG00000169570	1889	2734
ENSG00000169575	0	0
ENSG00000169583	28	299
ENSG00000169592	3102	2508
ENSG00000169594	245	267
ENSG00000169598	545	393
ENSG00000169599	1218	2801
ENSG00000169604	20097	10348
ENSG00000169605	0	0
ENSG00000169607	1287	93
ENSG00000169612	734	957
ENSG00000169618	11	0
ENSG00000169621	530	677
ENSG00000169627	159	349
ENSG00000169629	1716	1385
ENSG00000169635	1526	1049
ENSG00000169641	3687	7571
ENSG00000169660	1785	1181
ENSG00000169676	6	17
ENSG00000169679	1681	70
ENSG00000169682	1609	2652
ENSG00000169683	596	441
ENSG00000169684	282	185
ENSG00000169688	0	0
ENSG00000169689	739	650
ENSG00000169692	1367	7282
ENSG00000169696	2513	3180
ENSG00000169704	5	11
ENSG00000169710	12901	25194
ENSG00000169714	11270	28488
ENSG00000169715	275	1626
ENSG00000169717	0	0
ENSG00000169718	2354	3620
ENSG00000169727	3004	7574
ENSG00000169733	1485	1733
ENSG00000169738	1316	5450
ENSG00000169740	828	1645
ENSG00000169744	1105	3249
ENSG00000169750	785	118
ENSG00000169752	170	117
ENSG00000169756	3985	5175
ENSG00000169758	154	239
ENSG00000169760	1434	1206
ENSG00000169762	2323	2384
ENSG00000169763	0	0
ENSG00000169764	4482	15441
ENSG00000169777	41	15
ENSG00000169783	1137	435
ENSG00000169789	0	0
ENSG00000169800	0	0
ENSG00000169807	0	8
ENSG00000169811	0	0
ENSG00000169813	8575	9411
ENSG00000169814	2962	2746
ENSG00000169826	2478	1897
ENSG00000169836	6	2
ENSG00000169840	1	0
ENSG00000169849	0	0
ENSG00000169851	7463	10341
ENSG00000169855	22142	2131
ENSG00000169856	17	34
ENSG00000169857	685	1635
ENSG00000169860	231	635
ENSG00000169862	1067	2490
ENSG00000169871	3965	5450
ENSG00000169876	15	29
ENSG00000169877	85	18
ENSG00000169884	381	59
ENSG00000169885	17	3
ENSG00000169891	884	2075
ENSG00000169894	170	1422
ENSG00000169895	2883	3351
ENSG00000169896	149	1766
ENSG00000169900	4	7
ENSG00000169902	908	982
ENSG00000169903	3	3
ENSG00000169905	9428	12489
ENSG00000169906	39	10
ENSG00000169908	788	8450
ENSG00000169914	2029	1188
ENSG00000169918	187	430
ENSG00000169919	2213	2207
ENSG00000169925	7751	7253
ENSG00000169926	4577	11397
ENSG00000169933	92	398
ENSG00000169946	1805	4377
ENSG00000169951	1200	1806
ENSG00000169953	0	0
ENSG00000169955	1416	2546
ENSG00000169957	2066	5122
ENSG00000169962	151	420
ENSG00000169964	720	424
ENSG00000169967	8393	3744
ENSG00000169972	228	597
ENSG00000169976	1259	2877
ENSG00000169981	776	648
ENSG00000169989	60	13
ENSG00000169991	1321	1355
ENSG00000169992	7400	3272
ENSG00000169994	341	3380
ENSG00000170004	27983	3613
ENSG00000170006	436	804
ENSG00000170011	550	470
ENSG00000170017	1829	474
ENSG00000170027	12795	45097
ENSG00000170035	2299	3398
ENSG00000170037	3238	1425
ENSG00000170043	1731	4081
ENSG00000170044	39	17
ENSG00000170049	611	60
ENSG00000170054	0	0
ENSG00000170074	72	199
ENSG00000170075	280	238
ENSG00000170085	2247	1088
ENSG00000170088	1835	3369
ENSG00000170091	18	34
ENSG00000170092	675	469
ENSG00000170099	0	0
ENSG00000170100	932	1560
ENSG00000170113	1914	1256
ENSG00000170122	16	11
ENSG00000170128	0	2
ENSG00000170142	4407	4228
ENSG00000170144	24861	11623
ENSG00000170145	5303	16965
ENSG00000170153	5225	24999
ENSG00000170160	5049	1083
ENSG00000170161	137	313
ENSG00000170162	0	44
ENSG00000170166	660	9
ENSG00000170175	484	1054
ENSG00000170178	1	0
ENSG00000170180	526	110
ENSG00000170185	2891	3853
ENSG00000170190	263	1168
ENSG00000170191	751	644
ENSG00000170209	16	16
ENSG00000170214	52	227
ENSG00000170222	416	269
ENSG00000170231	1	37
ENSG00000170234	2777	1379
ENSG00000170236	296	114
ENSG00000170242	7328	6111
ENSG00000170248	12402	10777
ENSG00000170255	0	0
ENSG00000170260	778	664
ENSG00000170262	43	314
ENSG00000170264	1181	175
ENSG00000170265	3104	3171
ENSG00000170266	2189	2586
ENSG00000170270	290	485
ENSG00000170271	5037	3792
ENSG00000170275	11865	10269
ENSG00000170276	957	3961
ENSG00000170289	95	121
ENSG00000170290	37	3066
ENSG00000170291	1511	3823
ENSG00000170293	146	438
ENSG00000170296	5185	16607
ENSG00000170298	4	15
ENSG00000170310	1004	1482
ENSG00000170312	1883	98
ENSG00000170315	15449	37842
ENSG00000170322	4042	2657
ENSG00000170323	412	11984
ENSG00000170324	424	158
ENSG00000170325	1519	1034
ENSG00000170340	809	2273
ENSG00000170345	11394	8769
ENSG00000170348	12496	28844
ENSG00000170356	112	124
ENSG00000170364	1125	639
ENSG00000170365	2328	2252
ENSG00000170367	0	2
ENSG00000170369	0	1
ENSG00000170370	136	96
ENSG00000170373	0	4
ENSG00000170374	39	9
ENSG00000170379	521	488
ENSG00000170381	26	37
ENSG00000170382	1806	464
ENSG00000170385	1746	3110
ENSG00000170390	1014	3779
ENSG00000170396	8	3
ENSG00000170412	703	2727
ENSG00000170417	1394	17198
ENSG00000170419	7	1
ENSG00000170421	1267	10122
ENSG00000170423	0	3
ENSG00000170425	556	217
ENSG00000170426	17	4
ENSG00000170430	2037	1658
ENSG00000170442	1	2
ENSG00000170445	4365	4584
ENSG00000170448	1663	861
ENSG00000170454	0	0
ENSG00000170456	7271	9180
ENSG00000170458	286	3149
ENSG00000170464	2380	1508
ENSG00000170465	2	2
ENSG00000170468	1061	1546
ENSG00000170469	179	446
ENSG00000170471	6783	9284
ENSG00000170473	535	1077
ENSG00000170476	33	140
ENSG00000170477	1	9
ENSG00000170482	179	108
ENSG00000170484	2	7
ENSG00000170485	2019	6851
ENSG00000170486	1	2
ENSG00000170498	13	0
ENSG00000170500	1720	10935
ENSG00000170502	1601	1500
ENSG00000170509	112	61
ENSG00000170515	6888	8570
ENSG00000170516	5	10
ENSG00000170522	1715	236
ENSG00000170523	0	0
ENSG00000170525	1958	9131
ENSG00000170537	291	392
ENSG00000170540	4748	3037
ENSG00000170542	769	2524
ENSG00000170545	128	418
ENSG00000170549	37	167
ENSG00000170558	9040	52401
ENSG00000170561	525	547
ENSG00000170571	119	1454
ENSG00000170577	1559	104
ENSG00000170579	267	166
ENSG00000170581	6069	6198
ENSG00000170584	1811	994
ENSG00000170604	2218	3750
ENSG00000170605	0	0
ENSG00000170606	6631	8509
ENSG00000170608	2	1
ENSG00000170613	0	0
ENSG00000170615	1	3
ENSG00000170619	661	1287
ENSG00000170624	3345	14114
ENSG00000170627	104	53
ENSG00000170631	682	764
ENSG00000170632	2671	2026
ENSG00000170633	1929	3048
ENSG00000170634	728	2247
ENSG00000170638	1793	2224
ENSG00000170653	13278	11243
ENSG00000170667	1630	2618
ENSG00000170677	2651	2996
ENSG00000170681	1146	2524
ENSG00000170683	16	18
ENSG00000170684	177	34
ENSG00000170689	9	2
ENSG00000170703	7	26
ENSG00000170734	3078	1876
ENSG00000170743	80	81
ENSG00000170745	58	308
ENSG00000170748	7	1
ENSG00000170759	13191	10445
ENSG00000170775	16	16
ENSG00000170776	29598	103648
ENSG00000170777	0	1
ENSG00000170779	1402	340
ENSG00000170782	2	1
ENSG00000170786	0	2
ENSG00000170788	0	1
ENSG00000170790	44	30
ENSG00000170791	754	2059
ENSG00000170801	1894	11063
ENSG00000170802	2370	1416
ENSG00000170807	11103	41816
ENSG00000170819	0	0
ENSG00000170820	10	31
ENSG00000170827	186	115
ENSG00000170832	4751	4199
ENSG00000170835	154	631
ENSG00000170836	2937	2274
ENSG00000170837	1272	1068
ENSG00000170848	15	17
ENSG00000170852	3021	3647
ENSG00000170854	2078	1167
ENSG00000170855	468	584
ENSG00000170860	1572	2022
ENSG00000170871	3639	10222
ENSG00000170873	7529	5264
ENSG00000170876	5627	8923
ENSG00000170881	1904	2760
ENSG00000170889	29570	19467
ENSG00000170890	15	26
ENSG00000170891	68	87
ENSG00000170892	1808	1478
ENSG00000170893	23	15
ENSG00000170899	2058	900
ENSG00000170903	1089	1414
ENSG00000170906	2285	12894
ENSG00000170909	68	100
ENSG00000170915	1499	947
ENSG00000170917	986	717
ENSG00000170920	0	0
ENSG00000170921	10272	2694
ENSG00000170923	172	109
ENSG00000170925	1	1
ENSG00000170927	72	76
ENSG00000170929	269	151
ENSG00000170935	23	18
ENSG00000170946	1796	1565
ENSG00000170948	2	0
ENSG00000170949	4213	2096
ENSG00000170950	1	1
ENSG00000170953	0	2
ENSG00000170954	1015	1008
ENSG00000170955	449	2859
ENSG00000170956	12	40
ENSG00000170959	126	40
ENSG00000170961	289	778
ENSG00000170962	668	1797
ENSG00000170965	5	1
ENSG00000170967	38	45
ENSG00000170983	2	12
ENSG00000170989	1979	12505
ENSG00000171004	812	30
ENSG00000171014	0	5
ENSG00000171016	3966	1081
ENSG00000171017	34	171
ENSG00000171033	11732	15376
ENSG00000171044	547	294
ENSG00000171045	567	1162
ENSG00000171049	8	221
ENSG00000171051	106	1028
ENSG00000171053	62	0
ENSG00000171054	0	0
ENSG00000171055	2743	3319
ENSG00000171056	710	3697
ENSG00000171094	204	98
ENSG00000171097	690	953
ENSG00000171100	1622	1540
ENSG00000171102	0	0
ENSG00000171103	1102	1208
ENSG00000171105	11918	37697
ENSG00000171109	4257	4210
ENSG00000171115	554	2930
ENSG00000171116	37	26
ENSG00000171119	405	1251
ENSG00000171121	484	161
ENSG00000171124	57	40
ENSG00000171126	196	6
ENSG00000171130	883	9751
ENSG00000171132	2848	3387
ENSG00000171133	1	4
ENSG00000171135	1072	1443
ENSG00000171136	4	6
ENSG00000171148	3261	7109
ENSG00000171150	3391	3672
ENSG00000171155	684	1204
ENSG00000171159	722	2195
ENSG00000171160	787	748
ENSG00000171161	1457	4526
ENSG00000171163	2784	777
ENSG00000171169	521	631
ENSG00000171174	491	477
ENSG00000171180	334	168
ENSG00000171189	115	84
ENSG00000171195	0	14
ENSG00000171199	0	0
ENSG00000171201	0	11
ENSG00000171202	364	897
ENSG00000171204	1329	1235
ENSG00000171206	3392	12826
ENSG00000171208	8648	311
ENSG00000171209	0	0
ENSG00000171217	294	124
ENSG00000171219	170	90
ENSG00000171222	830	2130
ENSG00000171223	5909	20239
ENSG00000171224	31	226
ENSG00000171227	53	531
ENSG00000171234	0	0
ENSG00000171236	85	316
ENSG00000171241	895	171
ENSG00000171243	1727	19
ENSG00000171246	146	25
ENSG00000171262	2679	1901
ENSG00000171291	1255	470
ENSG00000171295	1303	704
ENSG00000171298	3938	9198
ENSG00000171302	2368	4792
ENSG00000171303	227	1359
ENSG00000171307	1710	2194
ENSG00000171310	2131	1425
ENSG00000171311	1108	1034
ENSG00000171314	8724	16668
ENSG00000171316	3228	6813
ENSG00000171320	853	96
ENSG00000171345	38	830
ENSG00000171346	62	45
ENSG00000171357	358	1131
ENSG00000171360	0	0
ENSG00000171365	2629	920
ENSG00000171368	1097	5075
ENSG00000171385	3791	4193
ENSG00000171388	635	2420
ENSG00000171396	0	0
ENSG00000171401	17	14
ENSG00000171402	0	0
ENSG00000171403	0	0
ENSG00000171405	10	8
ENSG00000171408	380	2495
ENSG00000171421	420	1128
ENSG00000171425	1465	439
ENSG00000171428	164	128
ENSG00000171431	4	30
ENSG00000171433	2	5
ENSG00000171435	392	182
ENSG00000171443	302	975
ENSG00000171444	6173	7206
ENSG00000171446	0	1
ENSG00000171448	1114	597
ENSG00000171450	1	1
ENSG00000171451	852	1527
ENSG00000171453	1436	1038
ENSG00000171456	12000	9054
ENSG00000171459	14	2
ENSG00000171462	267	238
ENSG00000171466	4432	2991
ENSG00000171467	5959	3637
ENSG00000171469	2605	1407
ENSG00000171475	3738	5258
ENSG00000171476	339	1227
ENSG00000171478	18	6
ENSG00000171481	5	0
ENSG00000171487	2	2
ENSG00000171488	1204	3677
ENSG00000171489	190	103
ENSG00000171490	12048	5469
ENSG00000171492	1236	839
ENSG00000171495	8	45
ENSG00000171496	23	2
ENSG00000171497	1444	1566
ENSG00000171501	6	0
ENSG00000171502	290	171
ENSG00000171503	5924	13975
ENSG00000171505	11	0
ENSG00000171509	14	4
ENSG00000171517	503	1722
ENSG00000171522	263	2164
ENSG00000171530	2641	2088
ENSG00000171532	79	30
ENSG00000171533	240	850
ENSG00000171540	1	1
ENSG00000171551	2746	20
ENSG00000171552	2311	9943
ENSG00000171557	0	5
ENSG00000171560	0	7
ENSG00000171561	2438	1229
ENSG00000171564	38	38
ENSG00000171566	2156	1643
ENSG00000171574	728	1620
ENSG00000171587	14	5
ENSG00000171595	2	10
ENSG00000171596	241	212
ENSG00000171603	14324	18206
ENSG00000171604	2612	4762
ENSG00000171606	1675	2501
ENSG00000171608	694	1225
ENSG00000171611	1	1
ENSG00000171612	613	1014
ENSG00000171617	19276	1501
ENSG00000171621	1373	2385
ENSG00000171631	547	1015
ENSG00000171634	23405	13200
ENSG00000171643	2	5
ENSG00000171649	689	600
ENSG00000171657	415	152
ENSG00000171659	343	532
ENSG00000171671	86	29
ENSG00000171680	1424	3594
ENSG00000171681	16131	9630
ENSG00000171695	16	1
ENSG00000171700	617	640
ENSG00000171703	1817	2161
ENSG00000171711	0	0
ENSG00000171714	2686	10612
ENSG00000171720	2227	2479
ENSG00000171722	107	30
ENSG00000171723	2790	4214
ENSG00000171724	217	1597
ENSG00000171729	698	520
ENSG00000171735	2315	3669
ENSG00000171747	50	96
ENSG00000171757	858	181
ENSG00000171759	8	16
ENSG00000171766	546	2903
ENSG00000171772	56	45
ENSG00000171773	18	33
ENSG00000171777	211	424
ENSG00000171786	10	7
ENSG00000171790	357	203
ENSG00000171791	9103	3822
ENSG00000171792	809	651
ENSG00000171793	2677	1951
ENSG00000171794	31	0
ENSG00000171798	1680	247
ENSG00000171804	33	5
ENSG00000171806	229	112
ENSG00000171811	203	97
ENSG00000171812	574	679
ENSG00000171813	424	2114
ENSG00000171815	415	242
ENSG00000171817	511	320
ENSG00000171819	179	423
ENSG00000171823	530	996
ENSG00000171824	3768	2841
ENSG00000171827	1090	668
ENSG00000171840	135	406
ENSG00000171843	3070	592
ENSG00000171847	355	98
ENSG00000171848	2213	325
ENSG00000171853	5783	7361
ENSG00000171855	0	2
ENSG00000171858	15812	5991
ENSG00000171860	190	767
ENSG00000171861	679	1247
ENSG00000171862	15227	9559
ENSG00000171863	31724	7291
ENSG00000171864	414	30
ENSG00000171865	2504	3996
ENSG00000171867	4622	16364
ENSG00000171872	23	6
ENSG00000171873	25	54
ENSG00000171877	1246	2512
ENSG00000171885	6	411
ENSG00000171889	917	531
ENSG00000171903	241	131
ENSG00000171914	10498	16253
ENSG00000171916	4	6
ENSG00000171928	1422	1610
ENSG00000171931	34	33
ENSG00000171936	0	0
ENSG00000171940	14181	3014
ENSG00000171942	0	0
ENSG00000171943	3518	1441
ENSG00000171944	0	0
ENSG00000171951	7	24
ENSG00000171953	1039	2735
ENSG00000171954	22	9
ENSG00000171956	13	12
ENSG00000171960	1781	1132
ENSG00000171962	590	670
ENSG00000171970	247	137
ENSG00000171984	195	303
ENSG00000171988	18082	3253
ENSG00000171989	65	63
ENSG00000171992	12253	208786
ENSG00000171999	0	2
ENSG00000172000	230	171
ENSG00000172005	30	526
ENSG00000172006	990	767
ENSG00000172007	1364	1628
ENSG00000172009	1980	2957
ENSG00000172016	0	0
ENSG00000172020	36	169
ENSG00000172023	0	4
ENSG00000172031	47	66
ENSG00000172037	27020	83858
ENSG00000172046	3917	8453
ENSG00000172053	8484	10045
ENSG00000172057	1898	4623
ENSG00000172058	677	675
ENSG00000172059	1412	7937
ENSG00000172061	160	108
ENSG00000172062	2011	1371
ENSG00000172071	4092	2846
ENSG00000172081	2244	3171
ENSG00000172086	1468	654
ENSG00000172113	1688	1635
ENSG00000172115	6091	26530
ENSG00000172116	25	55
ENSG00000172123	1250	381
ENSG00000172137	40	688
ENSG00000172139	299	347
ENSG00000172146	646	339
ENSG00000172150	0	0
ENSG00000172154	0	0
ENSG00000172155	0	0
ENSG00000172156	7	601
ENSG00000172159	1354	6305
ENSG00000172164	387	1553
ENSG00000172167	1122	195
ENSG00000172171	812	530
ENSG00000172172	827	1458
ENSG00000172175	2642	2830
ENSG00000172179	0	0
ENSG00000172183	204	581
ENSG00000172188	0	0
ENSG00000172197	820	971
ENSG00000172199	0	0
ENSG00000172201	538	1774
ENSG00000172208	0	0
ENSG00000172209	1847	920
ENSG00000172215	545	779
ENSG00000172216	817	7652
ENSG00000172232	32	11
ENSG00000172236	41	610
ENSG00000172238	0	3
ENSG00000172239	3133	5356
ENSG00000172243	274	492
ENSG00000172247	532	48
ENSG00000172260	2485	2206
ENSG00000172262	3052	1353
ENSG00000172264	1067	407
ENSG00000172269	1465	1725
ENSG00000172270	14027	178561
ENSG00000172273	2350	1479
ENSG00000172283	0	0
ENSG00000172288	0	0
ENSG00000172289	0	0
ENSG00000172292	11586	13966
ENSG00000172296	3137	2000
ENSG00000172301	717	2257
ENSG00000172315	1097	1391
ENSG00000172318	63	87
ENSG00000172320	487	256
ENSG00000172322	83	88
ENSG00000172324	1071	644
ENSG00000172331	906	976
ENSG00000172336	496	1360
ENSG00000172339	890	883
ENSG00000172340	3073	7195
ENSG00000172345	262	298
ENSG00000172346	413	24921
ENSG00000172348	2212	32977
ENSG00000172349	403	1451
ENSG00000172350	47	249
ENSG00000172352	0	0
ENSG00000172354	5738	11506
ENSG00000172361	48	17
ENSG00000172362	3	1
ENSG00000172365	132	144
ENSG00000172366	855	5453
ENSG00000172375	1137	2073
ENSG00000172377	1	0
ENSG00000172379	495	1325
ENSG00000172380	6921	10649
ENSG00000172382	259	207
ENSG00000172399	7454	50985
ENSG00000172403	3544	43571
ENSG00000172404	181	113
ENSG00000172409	298	490
ENSG00000172410	0	0
ENSG00000172421	198	155
ENSG00000172425	84	118
ENSG00000172426	245	283
ENSG00000172428	388	1388
ENSG00000172432	2698	3497
ENSG00000172456	1336	2023
ENSG00000172457	0	0
ENSG00000172458	606	392
ENSG00000172459	0	0
ENSG00000172461	76	41
ENSG00000172464	0	0
ENSG00000172465	1009	1178
ENSG00000172466	6818	5961
ENSG00000172468	3	3
ENSG00000172469	2227	881
ENSG00000172476	421	89
ENSG00000172478	161	97
ENSG00000172482	20	31
ENSG00000172487	0	0
ENSG00000172489	0	0
ENSG00000172493	7471	31215
ENSG00000172497	4	3
ENSG00000172500	2211	3065
ENSG00000172508	1100	1828
ENSG00000172519	763	563
ENSG00000172530	1423	1354
ENSG00000172531	2566	6335
ENSG00000172534	13682	23236
ENSG00000172538	0	4
ENSG00000172543	111	192
ENSG00000172548	98	167
ENSG00000172551	277	69
ENSG00000172554	237	355
ENSG00000172568	16	52
ENSG00000172572	2388	65267
ENSG00000172575	798	451
ENSG00000172578	312	474
ENSG00000172586	417	783
ENSG00000172590	1100	1666
ENSG00000172594	106	555
ENSG00000172602	113	277
ENSG00000172613	803	552
ENSG00000172638	4241	7395
ENSG00000172640	6	28
ENSG00000172650	688	266
ENSG00000172661	4337	3053
ENSG00000172663	1280	3049
ENSG00000172667	2898	4998
ENSG00000172671	1200	1047
ENSG00000172673	14	35
ENSG00000172680	0	0
ENSG00000172687	1503	472
ENSG00000172689	49	43
ENSG00000172716	2552	3138
ENSG00000172717	47	52
ENSG00000172724	5	271
ENSG00000172725	1774	2754
ENSG00000172728	1423	982
ENSG00000172731	798	4128
ENSG00000172732	2019	2468
ENSG00000172733	401	35
ENSG00000172738	52	55
ENSG00000172742	659	301
ENSG00000172748	485	199
ENSG00000172752	1	0
ENSG00000172757	14957	27396
ENSG00000172765	2594	4389
ENSG00000172766	2985	1161
ENSG00000172769	0	0
ENSG00000172771	360	365
ENSG00000172772	0	0
ENSG00000172775	2960	3857
ENSG00000172780	457	1493
ENSG00000172782	125	65
ENSG00000172789	15	5
ENSG00000172794	73	258
ENSG00000172795	6514	2529
ENSG00000172803	996	144
ENSG00000172809	8321	6103
ENSG00000172817	475	1037
ENSG00000172818	8	7
ENSG00000172819	5386	1322
ENSG00000172824	2132	423
ENSG00000172828	184	253
ENSG00000172830	1199	1995
ENSG00000172831	2961	18109
ENSG00000172840	2730	1740
ENSG00000172845	10272	4783
ENSG00000172867	0	0
ENSG00000172869	9624	5144
ENSG00000172878	1731	713
ENSG00000172888	3577	3061
ENSG00000172889	2529	9151
ENSG00000172890	1987	2443
ENSG00000172893	360	3845
ENSG00000172901	42	231
ENSG00000172915	7530	5882
ENSG00000172922	2119	2095
ENSG00000172927	11	11
ENSG00000172932	1462	1643
ENSG00000172935	368	1275
ENSG00000172936	1321	1764
ENSG00000172938	4	2
ENSG00000172939	5092	5234
ENSG00000172940	93	45
ENSG00000172943	4020	4412
ENSG00000172954	4721	8253
ENSG00000172955	318	17
ENSG00000172965	2863	2667
ENSG00000172967	0	0
ENSG00000172969	65	65
ENSG00000172977	1975	4432
ENSG00000172985	2937	3009
ENSG00000172986	3788	3594
ENSG00000172987	36	46
ENSG00000172992	3439	3554
ENSG00000172995	16	5
ENSG00000173011	1380	5164
ENSG00000173020	4027	7879
ENSG00000173039	4102	7918
ENSG00000173040	1377	597
ENSG00000173041	2041	2301
ENSG00000173064	13937	15625
ENSG00000173065	1728	4286
ENSG00000173068	7251	3187
ENSG00000173077	1206	577
ENSG00000173080	18	24
ENSG00000173083	311	328
ENSG00000173085	839	1526
ENSG00000173093	13	14
ENSG00000173110	56	268
ENSG00000173113	2260	2959
ENSG00000173114	1180	324
ENSG00000173120	10772	11649
ENSG00000173124	746	69
ENSG00000173137	350	478
ENSG00000173141	1221	3206
ENSG00000173145	2574	729
ENSG00000173153	1205	12643
ENSG00000173156	484	2261
ENSG00000173157	6	0
ENSG00000173163	1036	1863
ENSG00000173166	6388	9397
ENSG00000173171	1060	1465
ENSG00000173175	8993	34812
ENSG00000173193	4242	3517
ENSG00000173198	490	284
ENSG00000173200	345	357
ENSG00000173207	900	427
ENSG00000173208	4	671
ENSG00000173210	2172	17731
ENSG00000173212	4834	2847
ENSG00000173213	0	0
ENSG00000173214	7038	4571
ENSG00000173218	6094	2546
ENSG00000173221	703	5317
ENSG00000173226	1242	470
ENSG00000173227	86	210
ENSG00000173230	13790	6901
ENSG00000173239	0	1
ENSG00000173250	8	4
ENSG00000173253	0	18
ENSG00000173258	4881	3590
ENSG00000173261	213	28
ENSG00000173262	252	194
ENSG00000173264	890	1931
ENSG00000173267	72	1141
ENSG00000173269	1700	13299
ENSG00000173272	1986	5783
ENSG00000173273	10725	8659
ENSG00000173275	879	528
ENSG00000173276	1612	1870
ENSG00000173281	3508	11154
ENSG00000173285	249	101
ENSG00000173302	0	0
ENSG00000173320	4729	3250
ENSG00000173327	2269	7319
ENSG00000173334	1259	5121
ENSG00000173335	1	0
ENSG00000173338	32	58
ENSG00000173349	0	0
ENSG00000173369	663	7084
ENSG00000173372	385	4968
ENSG00000173376	143	1252
ENSG00000173389	60	39
ENSG00000173391	189	187
ENSG00000173401	154	69
ENSG00000173402	11487	37929
ENSG00000173404	1	2
ENSG00000173406	393	378
ENSG00000173409	725	971
ENSG00000173418	1824	2774
ENSG00000173421	295	932
ENSG00000173431	4	4
ENSG00000173432	1	340
ENSG00000173436	1401	3877
ENSG00000173442	4168	9946
ENSG00000173451	1051	348
ENSG00000173452	0	0
ENSG00000173456	1683	2145
ENSG00000173457	1865	3038
ENSG00000173464	0	0
ENSG00000173465	543	1146
ENSG00000173467	0	0
ENSG00000173473	14135	4829
ENSG00000173480	1956	1754
ENSG00000173482	6482	24222
ENSG00000173486	682	1152
ENSG00000173511	3524	11770
ENSG00000173517	15600	18217
ENSG00000173530	462	617
ENSG00000173531	718	552
ENSG00000173535	60	202
ENSG00000173540	1149	2313
ENSG00000173542	4569	3579
ENSG00000173545	1040	3571
ENSG00000173546	6132	11493
ENSG00000173548	3086	5751
ENSG00000173559	3497	1542
ENSG00000173567	139	104
ENSG00000173572	0	0
ENSG00000173575	19426	8158
ENSG00000173578	17	30
ENSG00000173581	1107	1802
ENSG00000173585	20	21
ENSG00000173588	3290	839
ENSG00000173597	1174	688
ENSG00000173598	15943	80886
ENSG00000173599	953	2083
ENSG00000173610	16	10
ENSG00000173611	4319	1657
ENSG00000173612	0	1
ENSG00000173614	1182	1837
ENSG00000173621	1857	1929
ENSG00000173626	1066	606
ENSG00000173627	142	217
ENSG00000173638	1854	867
ENSG00000173641	40382	449956
ENSG00000173653	662	520
ENSG00000173660	3472	10515
ENSG00000173662	13	13
ENSG00000173673	4	1
ENSG00000173674	5607	6785
ENSG00000173678	235	264
ENSG00000173679	2	0
ENSG00000173681	2115	1175
ENSG00000173692	4567	6591
ENSG00000173698	587	626
ENSG00000173699	56	57
ENSG00000173702	2	18
ENSG00000173705	309	668
ENSG00000173706	6827	39424
ENSG00000173714	17	64
ENSG00000173726	9039	11312
ENSG00000173744	6471	9974
ENSG00000173757	5039	8320
ENSG00000173762	150	122
ENSG00000173769	1	2
ENSG00000173786	6010	5840
ENSG00000173801	8374	31512
ENSG00000173805	80	54
ENSG00000173809	63	49
ENSG00000173811	29	39
ENSG00000173812	12115	54707
ENSG00000173818	1008	677
ENSG00000173821	23798	19252
ENSG00000173825	6	34
ENSG00000173826	51	36
ENSG00000173838	7	0
ENSG00000173846	269	947
ENSG00000173848	2667	2870
ENSG00000173852	5424	5606
ENSG00000173868	245	436
ENSG00000173875	2372	2003
ENSG00000173889	15978	12711
ENSG00000173890	291	156
ENSG00000173894	2640	340
ENSG00000173898	2250	997
ENSG00000173905	4489	4444
ENSG00000173908	0	0
ENSG00000173914	2072	1690
ENSG00000173915	2202	7757
ENSG00000173917	1357	321
ENSG00000173918	1111	29470
ENSG00000173926	1083	2594
ENSG00000173928	272	195
ENSG00000173930	202	139
ENSG00000173933	6815	6372
ENSG00000173950	2110	804
ENSG00000173960	2349	3452
ENSG00000173976	103	65
ENSG00000173988	185	27
ENSG00000173991	4652	153555
ENSG00000173992	1483	1170
ENSG00000174004	248	794
ENSG00000174007	272	136
ENSG00000174010	2781	2414
ENSG00000174013	1419	1506
ENSG00000174015	0	0
ENSG00000174016	0	0
ENSG00000174021	3244	11904
ENSG00000174032	2836	21712
ENSG00000174059	4794	18425
ENSG00000174080	3818	5412
ENSG00000174099	9703	14124
ENSG00000174106	8300	3506
ENSG00000174123	93	27
ENSG00000174125	222	353
ENSG00000174130	147	260
ENSG00000174132	486	1693
ENSG00000174136	2014	3676
ENSG00000174137	393	101
ENSG00000174145	6	142
ENSG00000174151	618	918
ENSG00000174156	0	0
ENSG00000174165	1216	1568
ENSG00000174173	919	696
ENSG00000174175	75	1126
ENSG00000174177	651	1109
ENSG00000174197	20283	7223
ENSG00000174206	854	899
ENSG00000174225	116	52
ENSG00000174226	21	77
ENSG00000174227	3055	2514
ENSG00000174231	28940	54770
ENSG00000174233	11818	24016
ENSG00000174236	41	61
ENSG00000174238	2797	6849
ENSG00000174243	3764	3955
ENSG00000174255	11	7
ENSG00000174276	274	597
ENSG00000174279	2	1
ENSG00000174282	8860	32382
ENSG00000174292	302	549
ENSG00000174306	4851	8353
ENSG00000174307	326	2199
ENSG00000174326	80	154
ENSG00000174327	126	231
ENSG00000174332	168	69
ENSG00000174339	0	0
ENSG00000174343	0	0
ENSG00000174348	1153	5301
ENSG00000174358	1	0
ENSG00000174365	469	306
ENSG00000174370	320	577
ENSG00000174371	599	8
ENSG00000174373	13854	6783
ENSG00000174405	2027	783
ENSG00000174407	433	2741
ENSG00000174417	69	11
ENSG00000174418	1	0
ENSG00000174428	4219	3650
ENSG00000174429	369	3546
ENSG00000174437	46237	343867
ENSG00000174442	1141	191
ENSG00000174444	79384	36104
ENSG00000174446	642	1019
ENSG00000174448	47	4
ENSG00000174450	35	22
ENSG00000174453	43	1
ENSG00000174460	12	1
ENSG00000174469	1145	281
ENSG00000174473	62	36
ENSG00000174482	21	24
ENSG00000174483	2909	3092
ENSG00000174485	6591	4258
ENSG00000174498	153	56
ENSG00000174500	90	232
ENSG00000174501	13679	1165
ENSG00000174502	289	2392
ENSG00000174514	276	254
ENSG00000174516	529	1456
ENSG00000174521	12	30
ENSG00000174527	54	122
ENSG00000174529	117	101
ENSG00000174547	1246	2185
ENSG00000174562	0	5
ENSG00000174564	49	75
ENSG00000174567	0	0
ENSG00000174572	2	1
ENSG00000174574	2487	7470
ENSG00000174576	12	14
ENSG00000174579	4867	3458
ENSG00000174586	794	156
ENSG00000174599	45	57
ENSG00000174600	363	2977
ENSG00000174606	4097	2244
ENSG00000174607	70	65
ENSG00000174611	807	1792
ENSG00000174628	364	598
ENSG00000174640	2258	6159
ENSG00000174652	2138	1238
ENSG00000174667	164	115
ENSG00000174669	1191	1947
ENSG00000174672	141	462
ENSG00000174677	0	0
ENSG00000174684	1246	5140
ENSG00000174695	4819	4885
ENSG00000174697	46	615
ENSG00000174705	5902	4370
ENSG00000174718	3894	1100
ENSG00000174720	1627	639
ENSG00000174721	130	86
ENSG00000174738	4246	4331
ENSG00000174740	53	103
ENSG00000174744	536	1173
ENSG00000174748	71572	37566
ENSG00000174749	3642	5982
ENSG00000174775	610	1711
ENSG00000174776	23	236
ENSG00000174780	7073	2442
ENSG00000174788	31	80
ENSG00000174791	1274	577
ENSG00000174792	45	29
ENSG00000174796	1682	1139
ENSG00000174799	1856	394
ENSG00000174804	4243	12012
ENSG00000174807	4970	6523
ENSG00000174808	20	45
ENSG00000174827	267	116
ENSG00000174837	21	27
ENSG00000174839	2873	3467
ENSG00000174840	3029	4714
ENSG00000174842	1660	461
ENSG00000174844	304	123
ENSG00000174851	1245	2985
ENSG00000174871	216	70
ENSG00000174876	1	2
ENSG00000174885	26	29
ENSG00000174886	3700	10005
ENSG00000174891	2906	1329
ENSG00000174898	10	7
ENSG00000174903	6086	16861
ENSG00000174914	14	8
ENSG00000174915	2179	3251
ENSG00000174917	1264	4975
ENSG00000174937	0	0
ENSG00000174938	123	253
ENSG00000174939	22	54
ENSG00000174943	1288	1228
ENSG00000174944	1457	307
ENSG00000174945	694	485
ENSG00000174946	904	20
ENSG00000174948	19	9
ENSG00000174950	2	1
ENSG00000174951	386	794
ENSG00000174953	6252	3342
ENSG00000174957	0	0
ENSG00000174963	1	0
ENSG00000174970	5	1
ENSG00000174982	0	0
ENSG00000174989	3107	1937
ENSG00000174990	1	9
ENSG00000174992	69	44
ENSG00000174996	2278	6469
ENSG00000175003	46	29
ENSG00000175018	3	0
ENSG00000175029	6141	4437
ENSG00000175040	1482	746
ENSG00000175048	851	2039
ENSG00000175054	9871	3200
ENSG00000175061	30519	8907
ENSG00000175063	1030	32
ENSG00000175065	0	0
ENSG00000175066	3358	2628
ENSG00000175073	3408	3732
ENSG00000175077	0	0
ENSG00000175084	23120	971029
ENSG00000175087	1309	644
ENSG00000175093	1018	666
ENSG00000175097	63	12
ENSG00000175104	2773	3667
ENSG00000175105	2975	919
ENSG00000175106	1573	932
ENSG00000175110	2327	3582
ENSG00000175115	7671	16812
ENSG00000175121	1	0
ENSG00000175130	7742	2445
ENSG00000175137	1790	3059
ENSG00000175143	0	0
ENSG00000175147	716	309
ENSG00000175155	3004	8061
ENSG00000175161	52	389
ENSG00000175164	895	987
ENSG00000175166	4351	16397
ENSG00000175175	237	402
ENSG00000175182	1728	2576
ENSG00000175183	1304	1375
ENSG00000175189	15	14
ENSG00000175193	1083	2519
ENSG00000175197	424	556
ENSG00000175198	3843	4065
ENSG00000175202	4	1
ENSG00000175203	3931	7955
ENSG00000175206	29245	117879
ENSG00000175213	532	777
ENSG00000175215	12923	18350
ENSG00000175216	12341	6149
ENSG00000175220	5885	17977
ENSG00000175221	3550	4092
ENSG00000175224	3864	7617
ENSG00000175229	268	435
ENSG00000175264	1537	509
ENSG00000175265	17320	2324
ENSG00000175267	39	93
ENSG00000175274	5706	8601
ENSG00000175279	218	171
ENSG00000175283	502	1216
ENSG00000175287	555	1077
ENSG00000175294	6	20
ENSG00000175302	0	0
ENSG00000175305	662	76
ENSG00000175309	4688	4792
ENSG00000175311	130	88
ENSG00000175315	3	12
ENSG00000175318	61	31
ENSG00000175322	1458	625
ENSG00000175324	689	1790
ENSG00000175325	2	0
ENSG00000175329	4	1
ENSG00000175334	3200	5677
ENSG00000175336	79	39
ENSG00000175344	483	384
ENSG00000175348	1179	3970
ENSG00000175352	147	242
ENSG00000175354	3438	1357
ENSG00000175356	332	397
ENSG00000175376	1514	1975
ENSG00000175387	16245	11379
ENSG00000175390	13331	9477
ENSG00000175395	2301	1090
ENSG00000175398	4	3
ENSG00000175414	5323	2821
ENSG00000175416	1381	9639
ENSG00000175426	69	212
ENSG00000175445	12434	90630
ENSG00000175449	281	110
ENSG00000175455	10250	849
ENSG00000175463	595	279
ENSG00000175467	2603	4041
ENSG00000175470	2638	4328
ENSG00000175471	590	808
ENSG00000175482	1033	1587
ENSG00000175485	11	5
ENSG00000175489	162	707
ENSG00000175497	104	53
ENSG00000175505	479	430
ENSG00000175509	0	13
ENSG00000175513	4	2
ENSG00000175514	1	1
ENSG00000175518	110	22
ENSG00000175520	64	14
ENSG00000175535	0	296
ENSG00000175536	223	129
ENSG00000175538	1011	320
ENSG00000175544	307	280
ENSG00000175548	4808	2115
ENSG00000175550	2122	3762
ENSG00000175556	356	474
ENSG00000175564	129	520
ENSG00000175567	582	3152
ENSG00000175575	2166	1565
ENSG00000175581	950	1068
ENSG00000175582	9153	12264
ENSG00000175591	143	4542
ENSG00000175592	109	371
ENSG00000175595	2558	1688
ENSG00000175600	2150	367
ENSG00000175602	1571	3208
ENSG00000175606	601	2153
ENSG00000175611	712	403
ENSG00000175619	0	1
ENSG00000175634	1511	2169
ENSG00000175643	555	55
ENSG00000175646	10	0
ENSG00000175662	6189	45699
ENSG00000175664	1	0
ENSG00000175691	342	255
ENSG00000175697	55	41
ENSG00000175699	39	53
ENSG00000175701	407	2307
ENSG00000175707	10	30
ENSG00000175711	868	418
ENSG00000175718	32	37
ENSG00000175727	5944	11800
ENSG00000175728	19	29
ENSG00000175745	210	376
ENSG00000175746	20	36
ENSG00000175749	12	38
ENSG00000175756	1419	6907
ENSG00000175764	893	1123
ENSG00000175766	9	12
ENSG00000175768	1440	1624
ENSG00000175773	27	16
ENSG00000175779	1026	603
ENSG00000175782	4409	2356
ENSG00000175785	241	1050
ENSG00000175787	877	409
ENSG00000175792	2538	2526
ENSG00000175793	43	17
ENSG00000175800	6	0
ENSG00000175806	504	2673
ENSG00000175809	0	0
ENSG00000175820	59	34
ENSG00000175826	6020	10128
ENSG00000175832	1369	158
ENSG00000175854	635	624
ENSG00000175857	101	54
ENSG00000175866	2388	1580
ENSG00000175868	73	49
ENSG00000175874	495	167
ENSG00000175877	4	6
ENSG00000175879	800	55
ENSG00000175886	13	3
ENSG00000175893	5712	2755
ENSG00000175894	453	114
ENSG00000175895	1160	1806
ENSG00000175899	12403	114019
ENSG00000175906	220	656
ENSG00000175920	787	3373
ENSG00000175928	402	64
ENSG00000175931	4385	6215
ENSG00000175938	943	1622
ENSG00000175946	788	6057
ENSG00000175967	22	129
ENSG00000175970	2739	2204
ENSG00000175984	447	861
ENSG00000175985	336	217
ENSG00000176009	8	0
ENSG00000176014	3364	11794
ENSG00000176018	1691	1625
ENSG00000176020	183	321
ENSG00000176022	1731	1321
ENSG00000176024	417	220
ENSG00000176040	4	1
ENSG00000176046	711	2199
ENSG00000176049	235	107
ENSG00000176054	23	26
ENSG00000176055	2007	498
ENSG00000176058	706	1365
ENSG00000176076	25	30
ENSG00000176083	3	20
ENSG00000176087	2585	8900
ENSG00000176092	5	9
ENSG00000176095	3435	4258
ENSG00000176101	742	2377
ENSG00000176102	2693	917
ENSG00000176105	4347	2128
ENSG00000176108	825	1732
ENSG00000176124	5072	1030
ENSG00000176125	52	144
ENSG00000176136	36	45
ENSG00000176142	3959	2957
ENSG00000176148	1909	1763
ENSG00000176153	317	181
ENSG00000176155	3383	2110
ENSG00000176160	9	8
ENSG00000176165	17	15
ENSG00000176170	800	699
ENSG00000176171	6577	14487
ENSG00000176177	0	0
ENSG00000176182	722	1936
ENSG00000176194	3	695
ENSG00000176198	6	1
ENSG00000176200	0	0
ENSG00000176204	99	125
ENSG00000176208	2080	160
ENSG00000176209	1195	1560
ENSG00000176219	0	0
ENSG00000176222	1054	231
ENSG00000176225	5432	3559
ENSG00000176230	256	251
ENSG00000176231	0	0
ENSG00000176236	77	64
ENSG00000176239	9	1
ENSG00000176244	762	273
ENSG00000176246	0	0
ENSG00000176248	2154	2883
ENSG00000176253	59	47
ENSG00000176256	85	4
ENSG00000176261	1436	913
ENSG00000176269	3	5
ENSG00000176273	882	324
ENSG00000176281	0	0
ENSG00000176290	0	0
ENSG00000176293	2216	575
ENSG00000176294	0	5
ENSG00000176299	1	1
ENSG00000176302	22	0
ENSG00000176312	0	0
ENSG00000176318	0	2
ENSG00000176340	3811	23310
ENSG00000176358	251	116
ENSG00000176371	821	710
ENSG00000176381	19	31
ENSG00000176383	242	131
ENSG00000176386	528	1072
ENSG00000176387	259	76
ENSG00000176390	3123	1327
ENSG00000176393	1000	2422
ENSG00000176396	581	692
ENSG00000176399	6	140
ENSG00000176401	229	240
ENSG00000176402	42	14
ENSG00000176406	117	110
ENSG00000176407	2493	6298
ENSG00000176410	1104	2335
ENSG00000176422	2340	2595
ENSG00000176428	263	317
ENSG00000176435	805	6066
ENSG00000176438	1196	7678
ENSG00000176444	3984	2588
ENSG00000176454	3310	2608
ENSG00000176463	3034	7760
ENSG00000176472	517	300
ENSG00000176473	444	740
ENSG00000176476	563	1148
ENSG00000176485	269	6394
ENSG00000176490	955	31091
ENSG00000176495	449	199
ENSG00000176531	611	748
ENSG00000176532	34	121
ENSG00000176533	2481	6827
ENSG00000176540	0	0
ENSG00000176542	5473	6256
ENSG00000176547	0	1
ENSG00000176555	0	0
ENSG00000176563	138	111
ENSG00000176566	0	0
ENSG00000176567	1	2
ENSG00000176571	2	7
ENSG00000176595	1912	1761
ENSG00000176597	338	540
ENSG00000176601	21	37
ENSG00000176605	0	0
ENSG00000176619	9188	2987
ENSG00000176623	2906	4594
ENSG00000176624	3686	3325
ENSG00000176635	0	3
ENSG00000176641	1874	2877
ENSG00000176658	1474	3130
ENSG00000176659	13	153
ENSG00000176678	87	380
ENSG00000176679	0	0
ENSG00000176681	564	295
ENSG00000176692	531	838
ENSG00000176695	549	364
ENSG00000176697	193	1219
ENSG00000176714	325	149
ENSG00000176715	2597	3791
ENSG00000176716	14	2
ENSG00000176720	3013	1171
ENSG00000176723	412	587
ENSG00000176728	2274	5110
ENSG00000176731	1700	1102
ENSG00000176732	207	77
ENSG00000176742	0	0
ENSG00000176746	0	0
ENSG00000176748	0	0
ENSG00000176749	312	188
ENSG00000176753	15	151
ENSG00000176754	6	0
ENSG00000176769	2180	6
ENSG00000176771	887	1406
ENSG00000176774	0	0
ENSG00000176782	0	0
ENSG00000176783	2743	2416
ENSG00000176787	0	0
ENSG00000176788	10996	700
ENSG00000176797	0	0
ENSG00000176798	151	108
ENSG00000176809	2337	1171
ENSG00000176834	1408	1369
ENSG00000176840	73	47
ENSG00000176842	1079	2886
ENSG00000176845	1842	6925
ENSG00000176853	3874	2235
ENSG00000176855	0	0
ENSG00000176871	4036	11375
ENSG00000176884	432	14
ENSG00000176887	1394	528
ENSG00000176890	3247	160
ENSG00000176893	0	0
ENSG00000176894	692	1741
ENSG00000176895	0	0
ENSG00000176896	435	554
ENSG00000176900	0	0
ENSG00000176903	4685	3244
ENSG00000176907	926	1430
ENSG00000176909	1057	330
ENSG00000176915	5778	6781
ENSG00000176919	27	71
ENSG00000176920	429	193
ENSG00000176922	0	0
ENSG00000176925	0	0
ENSG00000176927	676	424
ENSG00000176928	114	116
ENSG00000176945	1482	1584
ENSG00000176946	2382	6515
ENSG00000176951	0	0
ENSG00000176953	2824	2890
ENSG00000176956	85	0
ENSG00000176971	258	1375
ENSG00000176973	1797	2366
ENSG00000176974	1500	1639
ENSG00000176978	1254	8325
ENSG00000176979	0	1
ENSG00000176986	4858	11161
ENSG00000176988	1	0
ENSG00000176994	3748	6494
ENSG00000177000	3805	15710
ENSG00000177023	0	0
ENSG00000177030	2898	1899
ENSG00000177034	4961	2398
ENSG00000177042	929	752
ENSG00000177045	2445	2821
ENSG00000177047	3	3
ENSG00000177051	2572	1927
ENSG00000177054	1310	1112
ENSG00000177058	2189	1651
ENSG00000177076	377	981
ENSG00000177082	3163	2836
ENSG00000177084	5001	2486
ENSG00000177096	563	709
ENSG00000177098	3061	2131
ENSG00000177103	1990	587
ENSG00000177105	932	2803
ENSG00000177106	394	401
ENSG00000177108	17	14
ENSG00000177112	10	39
ENSG00000177119	10926	10159
ENSG00000177125	2301	1982
ENSG00000177133	903	1793
ENSG00000177138	67	46
ENSG00000177143	1	0
ENSG00000177144	1646	6251
ENSG00000177150	1712	4497
ENSG00000177151	0	0
ENSG00000177156	2863	5686
ENSG00000177169	3728	10971
ENSG00000177174	1	0
ENSG00000177181	880	2330
ENSG00000177182	43	29
ENSG00000177186	0	0
ENSG00000177189	2343	5344
ENSG00000177191	203	726
ENSG00000177192	1620	1025
ENSG00000177200	30134	6726
ENSG00000177201	342	155
ENSG00000177202	1	2
ENSG00000177212	93	88
ENSG00000177225	3271	2844
ENSG00000177233	0	0
ENSG00000177234	62	7
ENSG00000177238	569	884
ENSG00000177239	4529	3261
ENSG00000177243	0	0
ENSG00000177257	0	0
ENSG00000177272	100	174
ENSG00000177275	12	0
ENSG00000177283	1546	3418
ENSG00000177291	117	144
ENSG00000177294	27	7
ENSG00000177300	0	0
ENSG00000177301	157	384
ENSG00000177302	3034	2596
ENSG00000177303	2653	14033
ENSG00000177306	8	2
ENSG00000177311	5040	8214
ENSG00000177324	52	37
ENSG00000177352	841	1416
ENSG00000177363	174	1210
ENSG00000177370	1179	2561
ENSG00000177374	3999	7379
ENSG00000177380	1932	440
ENSG00000177383	1994	2282
ENSG00000177398	19	5
ENSG00000177400	0	0
ENSG00000177406	664	1447
ENSG00000177409	4569	415
ENSG00000177410	5954	1215
ENSG00000177414	0	11
ENSG00000177425	899	1365
ENSG00000177426	1776	1189
ENSG00000177427	746	2686
ENSG00000177432	569	527
ENSG00000177453	95	111
ENSG00000177455	77	20
ENSG00000177459	26	237
ENSG00000177462	42	7
ENSG00000177463	5847	6269
ENSG00000177464	250	3142
ENSG00000177465	88	115
ENSG00000177468	0	0
ENSG00000177469	22929	49972
ENSG00000177476	0	0
ENSG00000177479	5879	18265
ENSG00000177483	151	66
ENSG00000177485	2310	1007
ENSG00000177489	1	0
ENSG00000177494	0	11
ENSG00000177504	4	3
ENSG00000177508	2139	5331
ENSG00000177511	8	3
ENSG00000177519	6	11
ENSG00000177535	138	54
ENSG00000177542	1516	787
ENSG00000177548	907	1782
ENSG00000177551	0	1
ENSG00000177556	767	1423
ENSG00000177558	1	2
ENSG00000177565	22889	16159
ENSG00000177570	757	2140
ENSG00000177575	750	10830
ENSG00000177586	0	0
ENSG00000177590	2	18
ENSG00000177595	941	741
ENSG00000177599	250	288
ENSG00000177600	19158	15402
ENSG00000177602	343	44
ENSG00000177606	11825	18013
ENSG00000177613	2573	4939
ENSG00000177614	256	1144
ENSG00000177640	501	291
ENSG00000177646	4596	5247
ENSG00000177663	1924	4087
ENSG00000177666	4048	42635
ENSG00000177669	26	23
ENSG00000177673	1	0
ENSG00000177674	762	1419
ENSG00000177675	103	913
ENSG00000177679	27	1093
ENSG00000177683	2520	1408
ENSG00000177684	0	0
ENSG00000177685	855	1302
ENSG00000177688	282	32
ENSG00000177689	94	60
ENSG00000177692	106	178
ENSG00000177693	0	0
ENSG00000177694	739	612
ENSG00000177697	3392	23276
ENSG00000177700	1718	7911
ENSG00000177706	2037	4926
ENSG00000177707	573	1036
ENSG00000177710	41	29
ENSG00000177721	80	127
ENSG00000177728	3290	8130
ENSG00000177731	6080	24306
ENSG00000177732	7468	3251
ENSG00000177733	11040	11565
ENSG00000177736	49	11
ENSG00000177738	452	520
ENSG00000177752	98	114
ENSG00000177757	67	68
ENSG00000177788	1149	1063
ENSG00000177791	84	388
ENSG00000177800	267	113
ENSG00000177807	30	30
ENSG00000177830	2430	3797
ENSG00000177839	1138	223
ENSG00000177842	314	381
ENSG00000177853	7635	1053
ENSG00000177854	204	362
ENSG00000177868	616	408
ENSG00000177873	978	1120
ENSG00000177875	20	210
ENSG00000177879	2657	2688
ENSG00000177885	3564	7253
ENSG00000177888	4103	1183
ENSG00000177889	3401	6445
ENSG00000177910	2	0
ENSG00000177917	4507	1801
ENSG00000177932	3283	510
ENSG00000177938	2	0
ENSG00000177943	1259	1657
ENSG00000177951	2167	3722
ENSG00000177954	12858	7227
ENSG00000177963	3197	5135
ENSG00000177971	1929	3087
ENSG00000177981	1812	5715
ENSG00000177984	406	272
ENSG00000177990	6401	8282
ENSG00000177992	2	1
ENSG00000177993	154	124
ENSG00000178015	7	16
ENSG00000178021	138	141
ENSG00000178026	225	355
ENSG00000178028	2365	2600
ENSG00000178031	18554	486
ENSG00000178033	294	813
ENSG00000178035	19722	6295
ENSG00000178038	562	5082
ENSG00000178053	2054	3086
ENSG00000178057	1520	7349
ENSG00000178075	1001	73
ENSG00000178078	509	198
ENSG00000178084	6	0
ENSG00000178093	59	47
ENSG00000178096	314	541
ENSG00000178104	38375	183973
ENSG00000178105	4168	1369
ENSG00000178115	364	255
ENSG00000178125	45	61
ENSG00000178127	2603	10271
ENSG00000178130	0	0
ENSG00000178149	1155	907
ENSG00000178150	251	45
ENSG00000178163	3209	2991
ENSG00000178171	55	42
ENSG00000178172	7	4
ENSG00000178175	652	3188
ENSG00000178177	3388	565
ENSG00000178184	668	501
ENSG00000178187	305	180
ENSG00000178188	4495	5018
ENSG00000178199	180	232
ENSG00000178201	431	182
ENSG00000178202	6183	1617
ENSG00000178209	38376	141297
ENSG00000178217	3	27
ENSG00000178222	5318	129
ENSG00000178226	86	154
ENSG00000178229	1347	1507
ENSG00000178233	47	141
ENSG00000178234	3598	3136
ENSG00000178235	6	2
ENSG00000178243	0	0
ENSG00000178248	0	0
ENSG00000178252	7836	7655
ENSG00000178257	29	16
ENSG00000178279	49	0
ENSG00000178287	0	0
ENSG00000178295	1820	617
ENSG00000178297	373	322
ENSG00000178301	322	179
ENSG00000178307	801	2265
ENSG00000178338	1576	426
ENSG00000178342	78	50
ENSG00000178343	184	770
ENSG00000178358	0	0
ENSG00000178363	5	1
ENSG00000178372	0	0
ENSG00000178381	283	403
ENSG00000178385	3846	5876
ENSG00000178386	624	273
ENSG00000178394	1	3
ENSG00000178395	0	2
ENSG00000178397	454	918
ENSG00000178401	346	127
ENSG00000178403	1	6
ENSG00000178404	480	384
ENSG00000178409	1356	1320
ENSG00000178412	0	8
ENSG00000178425	597	2898
ENSG00000178429	41	5
ENSG00000178440	935	581
ENSG00000178445	106	100
ENSG00000178449	479	2897
ENSG00000178457	37	61
ENSG00000178460	295	292
ENSG00000178462	8	114
ENSG00000178464	82	51
ENSG00000178467	2560	3336
ENSG00000178473	23	18
ENSG00000178498	3145	2517
ENSG00000178502	4580	1487
ENSG00000178522	0	0
ENSG00000178531	395	64
ENSG00000178537	892	6907
ENSG00000178538	277	868
ENSG00000178562	95	293
ENSG00000178567	9222	6797
ENSG00000178568	3896	2804
ENSG00000178573	4809	4868
ENSG00000178585	2022	3860
ENSG00000178586	0	0
ENSG00000178591	0	0
ENSG00000178597	23	32
ENSG00000178602	0	0
ENSG00000178605	2305	4973
ENSG00000178607	2127	3595
ENSG00000178623	538	280
ENSG00000178662	1254	777
ENSG00000178665	1451	615
ENSG00000178685	1345	1819
ENSG00000178690	441	232
ENSG00000178691	5445	1783
ENSG00000178694	1954	962
ENSG00000178695	3865	18517
ENSG00000178700	844	530
ENSG00000178718	798	529
ENSG00000178719	4983	14034
ENSG00000178723	2	1
ENSG00000178726	645	9614
ENSG00000178732	46	26
ENSG00000178734	24	10
ENSG00000178741	3421	30838
ENSG00000178750	74	55
ENSG00000178752	58	58
ENSG00000178761	3505	7565
ENSG00000178762	0	0
ENSG00000178764	1780	9911
ENSG00000178772	201	522
ENSG00000178773	2013	1
ENSG00000178789	11	73
ENSG00000178795	4	26
ENSG00000178796	3	22
ENSG00000178802	3036	4505
ENSG00000178803	178	145
ENSG00000178804	1	0
ENSG00000178809	563	409
ENSG00000178814	2110	7386
ENSG00000178821	66	49
ENSG00000178826	264	650
ENSG00000178828	0	0
ENSG00000178852	2486	449
ENSG00000178860	121	706
ENSG00000178878	3789	8118
ENSG00000178882	1287	74
ENSG00000178896	540	805
ENSG00000178904	4707	1749
ENSG00000178913	3553	5604
ENSG00000178917	1070	528
ENSG00000178919	16	39
ENSG00000178921	5218	2493
ENSG00000178922	1095	751
ENSG00000178927	3404	3250
ENSG00000178928	2	1
ENSG00000178934	8	0
ENSG00000178935	1289	1209
ENSG00000178947	249	526
ENSG00000178950	6693	5696
ENSG00000178951	4067	10238
ENSG00000178952	6379	18357
ENSG00000178965	18	16
ENSG00000178966	1215	238
ENSG00000178971	2992	2936
ENSG00000178974	1856	2925
ENSG00000178977	124	88
ENSG00000178980	6448	31706
ENSG00000178982	5792	16910
ENSG00000178988	1607	2280
ENSG00000178996	2587	5648
ENSG00000178997	41	30
ENSG00000178999	790	32
ENSG00000179002	0	1
ENSG00000179010	5156	11572
ENSG00000179023	16	28
ENSG00000179029	650	594
ENSG00000179041	670	1482
ENSG00000179044	152	259
ENSG00000179046	74	58
ENSG00000179051	10874	4058
ENSG00000179055	21	7
ENSG00000179057	30	135
ENSG00000179059	115	56
ENSG00000179071	239	41
ENSG00000179083	13	10
ENSG00000179085	372	740
ENSG00000179091	3730	27340
ENSG00000179094	10200	18783
ENSG00000179097	13	20
ENSG00000179104	1243	989
ENSG00000179111	255	25
ENSG00000179115	3062	4692
ENSG00000179119	2137	2014
ENSG00000179134	7662	11257
ENSG00000179136	825	463
ENSG00000179142	0	0
ENSG00000179144	156	551
ENSG00000179148	3	6
ENSG00000179151	2746	2078
ENSG00000179152	3003	2281
ENSG00000179157	10	3
ENSG00000179163	660	1394
ENSG00000179165	3	19
ENSG00000179168	96	115
ENSG00000179170	0	0
ENSG00000179172	0	0
ENSG00000179178	3	29
ENSG00000179195	9340	11061
ENSG00000179213	5	0
ENSG00000179218	26642	43334
ENSG00000179219	73	88
ENSG00000179222	9803	10910
ENSG00000179240	3410	900
ENSG00000179241	1930	1463
ENSG00000179242	2799	187
ENSG00000179256	34	39
ENSG00000179262	6212	22090
ENSG00000179270	51	492
ENSG00000179271	1275	3129
ENSG00000179284	117	745
ENSG00000179292	7	119
ENSG00000179295	10478	19388
ENSG00000179299	169	144
ENSG00000179300	15	32
ENSG00000179304	1651	259
ENSG00000179314	1930	901
ENSG00000179331	137	102
ENSG00000179335	5153	5324
ENSG00000179344	246	2155
ENSG00000179348	367	2413
ENSG00000179361	1074	669
ENSG00000179363	0	1
ENSG00000179364	6022	10523
ENSG00000179381	0	0
ENSG00000179387	2269	1370
ENSG00000179388	871	1405
ENSG00000179397	567	99
ENSG00000179399	8	74
ENSG00000179403	1996	3424
ENSG00000179406	2652	1282
ENSG00000179407	3	8
ENSG00000179409	3436	2020
ENSG00000179412	2	2
ENSG00000179428	6	12
ENSG00000179431	705	320
ENSG00000179443	2	26
ENSG00000179447	51	54
ENSG00000179452	2	22
ENSG00000179454	2940	1826
ENSG00000179455	131	73
ENSG00000179456	998	4512
ENSG00000179468	63	5
ENSG00000179477	15	18
ENSG00000179520	35	2
ENSG00000179523	874	410
ENSG00000179526	1297	3426
ENSG00000179528	81	39
ENSG00000179532	2507	2577
ENSG00000179542	328	171
ENSG00000179546	36	36
ENSG00000179562	760	1455
ENSG00000179564	536	1316
ENSG00000179571	2	1
ENSG00000179580	3	0
ENSG00000179583	1359	4716
ENSG00000179588	735	1957
ENSG00000179593	11	32
ENSG00000179598	576	759
ENSG00000179600	0	0
ENSG00000179603	39	88
ENSG00000179604	1816	10824
ENSG00000179611	18	27
ENSG00000179615	7	6
ENSG00000179626	92	55
ENSG00000179627	459	1018
ENSG00000179630	211	573
ENSG00000179632	3568	16357
ENSG00000179636	21	28
ENSG00000179639	8	60
ENSG00000179673	9	19
ENSG00000179674	0	0
ENSG00000179676	0	2
ENSG00000179695	1	1
ENSG00000179698	378	159
ENSG00000179709	24	23
ENSG00000179715	49	216
ENSG00000179743	529	370
ENSG00000179750	125	44
ENSG00000179751	1	11
ENSG00000179761	233	120
ENSG00000179772	129	415
ENSG00000179774	7	11
ENSG00000179776	4336	15313
ENSG00000179796	93	13
ENSG00000179799	21	1
ENSG00000179813	94	316
ENSG00000179817	1	0
ENSG00000179818	6148	5174
ENSG00000179820	9083	30178
ENSG00000179826	12	22
ENSG00000179832	2537	5013
ENSG00000179833	3904	5485
ENSG00000179840	4	26
ENSG00000179841	561	300
ENSG00000179846	215	38
ENSG00000179855	530	657
ENSG00000179859	525	237
ENSG00000179862	179	2257
ENSG00000179869	40	60
ENSG00000179873	59	22
ENSG00000179886	909	1394
ENSG00000179889	4930	9042
ENSG00000179902	35	19
ENSG00000179909	2911	1973
ENSG00000179912	11961	13095
ENSG00000179913	39	54
ENSG00000179914	382	7777
ENSG00000179915	474	1056
ENSG00000179918	1534	3084
ENSG00000179919	0	0
ENSG00000179921	36	303
ENSG00000179922	412	1180
ENSG00000179930	3	9
ENSG00000179934	2	2
ENSG00000179935	1044	655
ENSG00000179938	156	77
ENSG00000179941	2348	963
ENSG00000179943	773	1966
ENSG00000179950	3755	7778
ENSG00000179954	3764	2804
ENSG00000179958	1077	1434
ENSG00000179965	655	539
ENSG00000179981	7014	4071
ENSG00000179988	687	333
ENSG00000180008	2457	2176
ENSG00000180016	1	4
ENSG00000180035	701	1034
ENSG00000180042	0	0
ENSG00000180043	2	0
ENSG00000180053	8	38
ENSG00000180061	40	124
ENSG00000180071	1217	597
ENSG00000180083	327	159
ENSG00000180089	123	125
ENSG00000180090	1	0
ENSG00000180096	497	422
ENSG00000180098	1134	1292
ENSG00000180104	2897	5829
ENSG00000180113	120	68
ENSG00000180138	9	2
ENSG00000180139	293	272
ENSG00000180152	87	172
ENSG00000180155	1043	23427
ENSG00000180176	12	7
ENSG00000180182	5229	5327
ENSG00000180185	932	1840
ENSG00000180190	777	515
ENSG00000180198	3605	552
ENSG00000180205	0	0
ENSG00000180210	4	2
ENSG00000180219	24	4
ENSG00000180228	3147	3978
ENSG00000180230	0	0
ENSG00000180233	1504	1840
ENSG00000180245	59	35
ENSG00000180251	113	86
ENSG00000180257	601	123
ENSG00000180259	1	0
ENSG00000180263	2619	2880
ENSG00000180264	142	57
ENSG00000180269	113	29
ENSG00000180284	0	2
ENSG00000180287	139	138
ENSG00000180304	5325	7357
ENSG00000180305	0	0
ENSG00000180316	18	20
ENSG00000180318	1	0
ENSG00000180329	1096	1727
ENSG00000180332	186	60
ENSG00000180336	382	220
ENSG00000180340	1895	454
ENSG00000180346	519	213
ENSG00000180347	570	181
ENSG00000180353	3214	1390
ENSG00000180354	3695	5847
ENSG00000180357	9596	9093
ENSG00000180370	9132	17049
ENSG00000180376	2918	1215
ENSG00000180383	2	14
ENSG00000180386	0	0
ENSG00000180398	5105	9013
ENSG00000180409	1	0
ENSG00000180422	20	10
ENSG00000180423	140	235
ENSG00000180424	0	0
ENSG00000180432	39	50
ENSG00000180433	0	0
ENSG00000180437	0	0
ENSG00000180440	66	184
ENSG00000180447	3508	2994
ENSG00000180448	357	1176
ENSG00000180475	2	0
ENSG00000180479	2170	674
ENSG00000180481	213	158
ENSG00000180483	0	0
ENSG00000180488	3278	3076
ENSG00000180509	440	1281
ENSG00000180525	1205	2025
ENSG00000180530	1302	2970
ENSG00000180532	46	22
ENSG00000180535	54	48
ENSG00000180537	138	70
ENSG00000180539	160	170
ENSG00000180543	899	6763
ENSG00000180549	9	11
ENSG00000180573	7567	3303
ENSG00000180574	58	38
ENSG00000180592	1360	730
ENSG00000180596	7615	2378
ENSG00000180611	1166	657
ENSG00000180613	59	0
ENSG00000180616	545	624
ENSG00000180626	1912	381
ENSG00000180628	3210	8245
ENSG00000180638	124	57
ENSG00000180644	62	689
ENSG00000180658	0	9
ENSG00000180660	318	188
ENSG00000180662	31	21
ENSG00000180667	1320	1734
ENSG00000180673	3	1
ENSG00000180694	1943	2764
ENSG00000180708	16	8
ENSG00000180712	60	79
ENSG00000180714	0	1
ENSG00000180720	85	29
ENSG00000180723	0	2
ENSG00000180730	10962	85
ENSG00000180739	222	87
ENSG00000180745	0	1
ENSG00000180747	5978	9832
ENSG00000180758	700	4478
ENSG00000180767	38	69
ENSG00000180769	1349	717
ENSG00000180770	2	0
ENSG00000180772	256	13
ENSG00000180773	1417	724
ENSG00000180776	6936	2316
ENSG00000180777	201	72
ENSG00000180785	54	387
ENSG00000180787	1731	2467
ENSG00000180801	200	310
ENSG00000180806	10	2
ENSG00000180815	44	56
ENSG00000180817	3210	3981
ENSG00000180818	16	0
ENSG00000180822	2341	1036
ENSG00000180828	2	25
ENSG00000180834	74	185
ENSG00000180846	70	83
ENSG00000180855	277	138
ENSG00000180861	91	28
ENSG00000180869	52	32
ENSG00000180871	44	215
ENSG00000180872	0	0
ENSG00000180875	112	78
ENSG00000180879	3318	4644
ENSG00000180881	1581	899
ENSG00000180884	704	1042
ENSG00000180891	1173	7039
ENSG00000180900	4643	7202
ENSG00000180901	1951	4808
ENSG00000180902	1586	1699
ENSG00000180909	5	0
ENSG00000180913	1	1
ENSG00000180914	796	419
ENSG00000180917	1941	1154
ENSG00000180919	3	1
ENSG00000180921	134	475
ENSG00000180926	0	0
ENSG00000180929	35	91
ENSG00000180934	411	263
ENSG00000180938	236	82
ENSG00000180953	359	139
ENSG00000180957	5568	5025
ENSG00000180964	2405	2717
ENSG00000180974	243	50
ENSG00000180979	3169	3662
ENSG00000180988	0	1
ENSG00000180992	737	1345
ENSG00000180998	1371	338
ENSG00000181001	26	18
ENSG00000181004	237	351
ENSG00000181007	2054	587
ENSG00000181009	98	41
ENSG00000181016	66	80
ENSG00000181017	27	19
ENSG00000181019	605	948
ENSG00000181023	0	2
ENSG00000181026	700	1356
ENSG00000181027	1634	3303
ENSG00000181029	1031	2908
ENSG00000181031	303	789
ENSG00000181035	919	2123
ENSG00000181036	108	105
ENSG00000181038	615	863
ENSG00000181045	856	678
ENSG00000181061	3011	16646
ENSG00000181072	2928	6338
ENSG00000181074	2	2
ENSG00000181085	1093	18
ENSG00000181090	6479	6481
ENSG00000181092	62	15867
ENSG00000181104	1257	2418
ENSG00000181109	1	4
ENSG00000181135	535	612
ENSG00000181143	73	2165
ENSG00000181163	30866	7686
ENSG00000181171	9	9
ENSG00000181191	1222	1549
ENSG00000181192	2133	5221
ENSG00000181195	20	75
ENSG00000181211	4	0
ENSG00000181214	0	0
ENSG00000181220	2634	3423
ENSG00000181222	16748	20549
ENSG00000181234	3509	1139
ENSG00000181240	54	15
ENSG00000181260	5	4
ENSG00000181264	1633	1677
ENSG00000181273	3	0
ENSG00000181274	708	678
ENSG00000181282	1	0
ENSG00000181284	316	260
ENSG00000181291	303	20
ENSG00000181296	0	0
ENSG00000181315	2540	990
ENSG00000181322	383	181
ENSG00000181323	6	2
ENSG00000181325	0	0
ENSG00000181333	28	6
ENSG00000181350	1265	732
ENSG00000181358	1	1
ENSG00000181359	0	1
ENSG00000181371	0	0
ENSG00000181374	0	128
ENSG00000181378	43	37
ENSG00000181381	5183	1593
ENSG00000181392	404	46
ENSG00000181396	1628	3389
ENSG00000181404	976	940
ENSG00000181408	360	1228
ENSG00000181409	1044	1858
ENSG00000181418	668	119
ENSG00000181433	29	0
ENSG00000181444	2884	760
ENSG00000181449	255	103
ENSG00000181450	2535	449
ENSG00000181458	3841	1984
ENSG00000181467	1510	2497
ENSG00000181472	895	1065
ENSG00000181481	1308	858
ENSG00000181499	3	0
ENSG00000181513	538	672
ENSG00000181518	33	16
ENSG00000181523	1722	1906
ENSG00000181524	16	8
ENSG00000181541	328	120
ENSG00000181544	1350	181
ENSG00000181552	29	18
ENSG00000181555	15191	7303
ENSG00000181562	23	13
ENSG00000181585	14	57
ENSG00000181588	2380	1228
ENSG00000181609	30	9
ENSG00000181610	1499	4951
ENSG00000181616	64	4
ENSG00000181617	1	0
ENSG00000181619	1707	689
ENSG00000181625	111	280
ENSG00000181626	35	19
ENSG00000181631	689	165
ENSG00000181634	144	59
ENSG00000181638	1807	1593
ENSG00000181649	32	103
ENSG00000181652	161	215
ENSG00000181656	12	66
ENSG00000181666	4565	4287
ENSG00000181690	523	904
ENSG00000181693	47	37
ENSG00000181698	0	0
ENSG00000181704	3894	5326
ENSG00000181718	72	38
ENSG00000181722	16070	35676
ENSG00000181733	0	0
ENSG00000181744	2333	1771
ENSG00000181751	724	425
ENSG00000181752	0	0
ENSG00000181754	754	3780
ENSG00000181761	0	0
ENSG00000181767	14	7
ENSG00000181773	73	182
ENSG00000181778	41	157
ENSG00000181780	0	0
ENSG00000181785	2419	1208
ENSG00000181786	0	0
ENSG00000181788	3300	2727
ENSG00000181789	7228	13882
ENSG00000181790	555	174
ENSG00000181798	220	117
ENSG00000181800	597	674
ENSG00000181803	0	0
ENSG00000181804	1275	970
ENSG00000181817	484	2237
ENSG00000181826	1559	5817
ENSG00000181827	6378	2006
ENSG00000181830	896	2061
ENSG00000181837	0	0
ENSG00000181847	51	64
ENSG00000181852	3224	7120
ENSG00000181856	2882	26946
ENSG00000181867	0	0
ENSG00000181873	2110	4375
ENSG00000181885	46	98
ENSG00000181894	1278	1215
ENSG00000181896	840	775
ENSG00000181903	0	0
ENSG00000181908	23	41
ENSG00000181915	1578	3532
ENSG00000181924	2018	2346
ENSG00000181927	182	120
ENSG00000181929	1958	5163
ENSG00000181938	845	832
ENSG00000181939	0	0
ENSG00000181943	0	0
ENSG00000181950	0	0
ENSG00000181958	0	0
ENSG00000181961	0	0
ENSG00000181963	0	0
ENSG00000181965	0	0
ENSG00000181982	1856	2060
ENSG00000181984	0	0
ENSG00000181991	1354	2973
ENSG00000181997	0	160
ENSG00000182004	1528	902
ENSG00000182010	524	129
ENSG00000182013	3615	1090
ENSG00000182022	1779	2052
ENSG00000182035	0	1
ENSG00000182040	41	33
ENSG00000182050	862	493
ENSG00000182053	0	0
ENSG00000182054	6376	73848
ENSG00000182070	52	34
ENSG00000182077	15	17
ENSG00000182083	0	1
ENSG00000182087	6747	9973
ENSG00000182093	1984	1818
ENSG00000182095	21291	18416
ENSG00000182103	241	205
ENSG00000182107	34835	334
ENSG00000182108	993	5556
ENSG00000182111	146	79
ENSG00000182117	1110	2947
ENSG00000182118	313	707
ENSG00000182132	641	138
ENSG00000182134	402	481
ENSG00000182141	2270	650
ENSG00000182149	6452	8083
ENSG00000182150	7854	3029
ENSG00000182154	941	10415
ENSG00000182156	0	5
ENSG00000182158	5599	14062
ENSG00000182162	194	746
ENSG00000182165	1090	738
ENSG00000182168	493	1071
ENSG00000182170	0	0
ENSG00000182173	699	557
ENSG00000182175	2895	4726
ENSG00000182177	526	1443
ENSG00000182179	2157	1967
ENSG00000182180	3591	7829
ENSG00000182183	328	146
ENSG00000182185	1089	529
ENSG00000182187	0	0
ENSG00000182195	1019	611
ENSG00000182196	1589	4833
ENSG00000182197	4099	4038
ENSG00000182199	5524	3628
ENSG00000182208	1199	2865
ENSG00000182218	416	652
ENSG00000182220	3662	4893
ENSG00000182223	4	1
ENSG00000182224	2532	2388
ENSG00000182240	1293	3012
ENSG00000182247	2726	3166
ENSG00000182253	4452	62671
ENSG00000182255	450	1202
ENSG00000182256	195	39
ENSG00000182261	378	194
ENSG00000182263	1109	2115
ENSG00000182264	258	231
ENSG00000182271	0	0
ENSG00000182272	1025	100
ENSG00000182287	1854	9871
ENSG00000182308	97	96
ENSG00000182310	1142	652
ENSG00000182315	7	8
ENSG00000182318	988	623
ENSG00000182324	471	229
ENSG00000182325	316	404
ENSG00000182326	1739	15481
ENSG00000182327	45	42
ENSG00000182329	283	154
ENSG00000182330	0	0
ENSG00000182333	0	8
ENSG00000182334	1	0
ENSG00000182346	1	3
ENSG00000182348	21	2
ENSG00000182352	106	61
ENSG00000182359	373	358
ENSG00000182362	973	643
ENSG00000182365	0	0
ENSG00000182366	140	82
ENSG00000182372	1409	4199
ENSG00000182378	1349	1058
ENSG00000182379	4549	357
ENSG00000182383	0	0
ENSG00000182389	605	366
ENSG00000182393	4	0
ENSG00000182400	2462	2391
ENSG00000182405	1120	852
ENSG00000182415	0	0
ENSG00000182446	5545	16976
ENSG00000182447	0	0
ENSG00000182450	19	5
ENSG00000182459	1	1
ENSG00000182463	745	1394
ENSG00000182472	230	136
ENSG00000182473	8587	11423
ENSG00000182477	20	0
ENSG00000182481	3111	2684
ENSG00000182484	2227	2004
ENSG00000182489	51	7
ENSG00000182492	13037	24539
ENSG00000182504	3531	1316
ENSG00000182508	32	32
ENSG00000182511	873	1544
ENSG00000182512	994	4737
ENSG00000182521	21	11
ENSG00000182533	426	1433
ENSG00000182534	7967	39356
ENSG00000182541	1834	2370
ENSG00000182544	686	1822
ENSG00000182545	142	90
ENSG00000182551	3477	12018
ENSG00000182552	1785	1837
ENSG00000182557	27	43
ENSG00000182566	3	378
ENSG00000182568	2159	8943
ENSG00000182574	26	4
ENSG00000182575	163	1000
ENSG00000182578	1152	5689
ENSG00000182580	3812	469
ENSG00000182583	0	0
ENSG00000182585	74	73
ENSG00000182586	8	6
ENSG00000182591	0	1
ENSG00000182600	225	54
ENSG00000182601	72	1
ENSG00000182606	10086	52913
ENSG00000182612	455	178
ENSG00000182613	193	144
ENSG00000182621	1423	1560
ENSG00000182628	3573	1999
ENSG00000182631	0	0
ENSG00000182634	0	1
ENSG00000182636	1414	3447
ENSG00000182645	27	24
ENSG00000182648	1115	818
ENSG00000182652	6	7
ENSG00000182667	475	922
ENSG00000182670	32881	5981
ENSG00000182674	18	6
ENSG00000182676	22	22
ENSG00000182685	105	176
ENSG00000182687	2	1
ENSG00000182698	0	0
ENSG00000182700	820	896
ENSG00000182704	3087	4610
ENSG00000182712	477	1826
ENSG00000182718	5356	16346
ENSG00000182732	1324	2336
ENSG00000182742	4351	283
ENSG00000182747	6	2
ENSG00000182749	2058	582
ENSG00000182752	764	3061
ENSG00000182759	645	71
ENSG00000182768	4046	11219
ENSG00000182771	2200	462
ENSG00000182774	30605	11528
ENSG00000182782	32	176
ENSG00000182783	0	0
ENSG00000182791	28	32
ENSG00000182793	0	0
ENSG00000182798	5	2
ENSG00000182809	10021	55209
ENSG00000182810	486	1096
ENSG00000182816	0	0
ENSG00000182824	0	1
ENSG00000182827	4121	4183
ENSG00000182836	6400	8107
ENSG00000182853	7	44
ENSG00000182854	37	25
ENSG00000182858	1248	2262
ENSG00000182866	35	123
ENSG00000182870	258	76
ENSG00000182871	15766	21156
ENSG00000182872	5285	5729
ENSG00000182873	153	148
ENSG00000182885	12	189
ENSG00000182888	0	0
ENSG00000182890	20	166
ENSG00000182896	2	11
ENSG00000182898	0	1
ENSG00000182899	23828	12062
ENSG00000182901	334	236
ENSG00000182902	49	437
ENSG00000182903	4367	893
ENSG00000182916	218	150
ENSG00000182923	3947	1744
ENSG00000182931	0	0
ENSG00000182934	4901	12473
ENSG00000182938	0	0
ENSG00000182944	14734	18978
ENSG00000182952	1899	2961
ENSG00000182957	2130	4226
ENSG00000182963	6332	5462
ENSG00000182968	12	0
ENSG00000182973	2527	1313
ENSG00000182974	0	0
ENSG00000182979	8832	9452
ENSG00000182983	2751	1001
ENSG00000182985	8367	4316
ENSG00000182986	3911	1756
ENSG00000183010	1425	538
ENSG00000183011	2053	2245
ENSG00000183018	771	1918
ENSG00000183019	7	94
ENSG00000183020	6579	7909
ENSG00000183023	50294	130964
ENSG00000183024	0	0
ENSG00000183032	228	212
ENSG00000183034	0	2
ENSG00000183035	0	0
ENSG00000183036	16	27
ENSG00000183044	2368	1575
ENSG00000183048	552	609
ENSG00000183049	2520	4221
ENSG00000183054	5084	2724
ENSG00000183060	991	927
ENSG00000183066	256	94
ENSG00000183067	315	434
ENSG00000183072	2247	17316
ENSG00000183077	2001	1682
ENSG00000183087	6815	23315
ENSG00000183090	271	28
ENSG00000183091	1134	2213
ENSG00000183092	372	320
ENSG00000183098	767	444
ENSG00000183111	406	3374
ENSG00000183114	677	396
ENSG00000183117	1795	135
ENSG00000183128	0	2
ENSG00000183134	125	491
ENSG00000183137	4669	1130
ENSG00000183145	75	33
ENSG00000183150	80	3
ENSG00000183153	280	562
ENSG00000183155	602	816
ENSG00000183160	217	411
ENSG00000183161	930	745
ENSG00000183166	5557	14
ENSG00000183172	1529	2646
ENSG00000183185	135	73
ENSG00000183186	2107	108
ENSG00000183196	334	652
ENSG00000183199	4	13
ENSG00000183206	90	391
ENSG00000183207	3338	4221
ENSG00000183208	771	1207
ENSG00000183230	7474	15331
ENSG00000183242	139	444
ENSG00000183246	6	0
ENSG00000183248	198	21
ENSG00000183250	280	353
ENSG00000183251	10	1
ENSG00000183255	7099	19145
ENSG00000183258	2039	2158
ENSG00000183260	0	0
ENSG00000183269	0	0
ENSG00000183273	26	19
ENSG00000183281	557	333
ENSG00000183283	3881	17262
ENSG00000183287	2997	531
ENSG00000183291	2817	2691
ENSG00000183298	9	2
ENSG00000183303	0	0
ENSG00000183304	45	31
ENSG00000183305	0	0
ENSG00000183307	81	559
ENSG00000183309	2856	2392
ENSG00000183310	0	0
ENSG00000183313	0	0
ENSG00000183317	54	78
ENSG00000183318	11	3
ENSG00000183323	3077	1418
ENSG00000183324	42	19
ENSG00000183336	278	319
ENSG00000183337	8166	7096
ENSG00000183340	961	385
ENSG00000183346	3	1
ENSG00000183347	118	67
ENSG00000183378	83	45
ENSG00000183379	8	17
ENSG00000183385	27	8
ENSG00000183386	662	1864
ENSG00000183389	109	125
ENSG00000183395	5	0
ENSG00000183396	2	5
ENSG00000183401	347	555
ENSG00000183421	613	145
ENSG00000183423	29	10
ENSG00000183426	8065	1759
ENSG00000183431	3165	2648
ENSG00000183434	1	0
ENSG00000183439	682	434
ENSG00000183444	367	264
ENSG00000183454	497	846
ENSG00000183458	4422	4131
ENSG00000183463	0	1
ENSG00000183474	1952	723
ENSG00000183475	1543	1093
ENSG00000183476	7	22
ENSG00000183479	75	65
ENSG00000183484	156	220
ENSG00000183486	1652	3145
ENSG00000183495	15574	14047
ENSG00000183496	1322	536
ENSG00000183508	1779	2919
ENSG00000183513	1916	1553
ENSG00000183520	1744	2283
ENSG00000183527	903	950
ENSG00000183530	9853	3276
ENSG00000183535	282	449
ENSG00000183542	1	18
ENSG00000183549	41	142
ENSG00000183560	1	5
ENSG00000183569	270	254
ENSG00000183570	346	503
ENSG00000183571	27	42
ENSG00000183576	3011	8685
ENSG00000183578	590	492
ENSG00000183579	1647	2367
ENSG00000183580	5045	4859
ENSG00000183597	1045	10786
ENSG00000183598	1438	29
ENSG00000183605	1386	2464
ENSG00000183607	0	0
ENSG00000183615	68	259
ENSG00000183617	664	1569
ENSG00000183621	1068	1277
ENSG00000183624	1088	3565
ENSG00000183625	130	34
ENSG00000183628	437	706
ENSG00000183629	9	9
ENSG00000183631	1	13
ENSG00000183632	19	15
ENSG00000183638	89	100
ENSG00000183640	2	0
ENSG00000183644	30	28
ENSG00000183647	487	459
ENSG00000183648	1726	6812
ENSG00000183654	261	76
ENSG00000183655	1117	1057
ENSG00000183662	2	5
ENSG00000183665	587	871
ENSG00000183668	13	14
ENSG00000183671	58	129
ENSG00000183682	808	681
ENSG00000183684	1528	1970
ENSG00000183688	1658	2132
ENSG00000183690	206	512
ENSG00000183691	382	23
ENSG00000183695	0	2
ENSG00000183696	489	1706
ENSG00000183704	0	0
ENSG00000183706	0	1
ENSG00000183709	0	0
ENSG00000183715	403	61
ENSG00000183718	2779	1360
ENSG00000183722	1689	7262
ENSG00000183723	2573	3288
ENSG00000183726	2630	3904
ENSG00000183733	0	2
ENSG00000183734	20	21
ENSG00000183735	3564	1567
ENSG00000183741	14943	13722
ENSG00000183742	263	178
ENSG00000183747	531	352
ENSG00000183751	1750	3170
ENSG00000183753	0	0
ENSG00000183760	125	149
ENSG00000183762	878	10005
ENSG00000183763	324	61
ENSG00000183765	716	245
ENSG00000183770	0	3
ENSG00000183773	49	37
ENSG00000183775	65	36
ENSG00000183778	375	133
ENSG00000183779	9089	4783
ENSG00000183780	27	6
ENSG00000183783	10	25
ENSG00000183784	35	78
ENSG00000183785	400	13058
ENSG00000183793	68	70
ENSG00000183795	0	0
ENSG00000183798	7020	825
ENSG00000183801	5001	834
ENSG00000183807	56	233
ENSG00000183808	9977	4210
ENSG00000183813	193	130
ENSG00000183814	1422	996
ENSG00000183822	1	5
ENSG00000183826	3954	7030
ENSG00000183828	799	765
ENSG00000183831	226	114
ENSG00000183833	61	94
ENSG00000183837	1139	331
ENSG00000183840	175	2
ENSG00000183844	122	102
ENSG00000183850	668	44
ENSG00000183853	5252	5384
ENSG00000183856	2376	108
ENSG00000183862	12	1
ENSG00000183864	11394	17046
ENSG00000183873	8571	46527
ENSG00000183876	44	150
ENSG00000183878	1457	3828
ENSG00000183888	139	168
ENSG00000183891	754	298
ENSG00000183908	133	113
ENSG00000183914	755	128
ENSG00000183918	9	22
ENSG00000183921	187	132
ENSG00000183938	0	0
ENSG00000183943	1217	908
ENSG00000183955	2475	3164
ENSG00000183960	15	20
ENSG00000183963	6131	18953
ENSG00000183971	699	1
ENSG00000183977	113	59
ENSG00000183978	726	2156
ENSG00000183979	10	8
ENSG00000184005	656	834
ENSG00000184007	7348	21840
ENSG00000184009	81788	45600
ENSG00000184012	61	61
ENSG00000184014	16035	23408
ENSG00000184022	19	1
ENSG00000184029	0	1
ENSG00000184032	0	0
ENSG00000184033	0	1
ENSG00000184047	2282	3152
ENSG00000184056	635	596
ENSG00000184058	768	120
ENSG00000184060	489	1539
ENSG00000184076	1978	11284
ENSG00000184083	4161	3186
ENSG00000184100	35	63
ENSG00000184108	0	0
ENSG00000184110	23110	21912
ENSG00000184111	12	0
ENSG00000184113	595	2338
ENSG00000184117	3375	1977
ENSG00000184139	56	11
ENSG00000184140	1	0
ENSG00000184144	323	462
ENSG00000184148	0	0
ENSG00000184154	651	493
ENSG00000184155	0	0
ENSG00000184156	864	238
ENSG00000184160	1001	462
ENSG00000184162	690	388
ENSG00000184163	118	60
ENSG00000184164	698	1669
ENSG00000184166	1038	352
ENSG00000184178	1793	1682
ENSG00000184182	1021	3710
ENSG00000184185	778	3165
ENSG00000184194	2321	331
ENSG00000184203	2279	4229
ENSG00000184205	2333	3361
ENSG00000184206	354	331
ENSG00000184207	521	3268
ENSG00000184209	796	1366
ENSG00000184210	20	13
ENSG00000184216	2583	3680
ENSG00000184220	2533	1326
ENSG00000184221	4	8
ENSG00000184224	562	291
ENSG00000184226	5947	10695
ENSG00000184227	247	1254
ENSG00000184232	2389	3563
ENSG00000184254	982	1144
ENSG00000184260	4907	5192
ENSG00000184261	982	334
ENSG00000184270	1631	469
ENSG00000184271	531	1386
ENSG00000184276	88	18
ENSG00000184277	1783	3677
ENSG00000184281	742	2184
ENSG00000184292	10	21
ENSG00000184302	401	1
ENSG00000184304	409	623
ENSG00000184305	268	1490
ENSG00000184307	496	285
ENSG00000184313	1559	2642
ENSG00000184321	17	8
ENSG00000184330	1	0
ENSG00000184343	674	2681
ENSG00000184344	4	5
ENSG00000184345	10	12
ENSG00000184347	10395	9703
ENSG00000184349	2042	4668
ENSG00000184350	19	64
ENSG00000184351	0	0
ENSG00000184357	8933	206
ENSG00000184361	37	14
ENSG00000184363	12	62
ENSG00000184368	425	55
ENSG00000184371	924	6606
ENSG00000184374	128	204
ENSG00000184378	77	75
ENSG00000184381	1279	1002
ENSG00000184384	1559	2865
ENSG00000184385	7	2
ENSG00000184388	0	0
ENSG00000184389	3	10
ENSG00000184394	0	0
ENSG00000184402	1977	1757
ENSG00000184408	3	36
ENSG00000184428	1259	515
ENSG00000184432	8321	6502
ENSG00000184434	431	118
ENSG00000184436	1145	1916
ENSG00000184445	4397	573
ENSG00000184451	223	292
ENSG00000184454	127	135
ENSG00000184459	0	0
ENSG00000184465	3606	1454
ENSG00000184470	1037	2868
ENSG00000184471	10	9
ENSG00000184478	1	0
ENSG00000184481	1457	4737
ENSG00000184486	32	6
ENSG00000184489	5556	57225
ENSG00000184492	10	1
ENSG00000184497	300	609
ENSG00000184500	1286	6467
ENSG00000184502	0	0
ENSG00000184507	26	9
ENSG00000184508	429	781
ENSG00000184515	1	40
ENSG00000184517	1338	406
ENSG00000184524	149	135
ENSG00000184544	155	1609
ENSG00000184545	1573	7426
ENSG00000184557	2085	11555
ENSG00000184560	4	0
ENSG00000184564	80	64
ENSG00000184571	6	8
ENSG00000184574	125	928
ENSG00000184575	8261	4471
ENSG00000184584	2268	7219
ENSG00000184588	815	4345
ENSG00000184599	2	3
ENSG00000184602	597	4909
ENSG00000184608	45	78
ENSG00000184611	101	9
ENSG00000184613	635	30
ENSG00000184616	481	112
ENSG00000184619	4116	8383
ENSG00000184634	7570	8761
ENSG00000184635	1377	483
ENSG00000184640	12793	17791
ENSG00000184647	16	6
ENSG00000184650	5	0
ENSG00000184659	13	8
ENSG00000184661	1174	503
ENSG00000184669	162	87
ENSG00000184672	21	186
ENSG00000184675	647	2022
ENSG00000184677	4333	4008
ENSG00000184678	8708	9650
ENSG00000184697	5	7
ENSG00000184698	104	69
ENSG00000184702	3712	9666
ENSG00000184708	3106	3982
ENSG00000184709	49	3
ENSG00000184716	3	9
ENSG00000184719	462	1242
ENSG00000184724	0	0
ENSG00000184730	61	190
ENSG00000184731	172	684
ENSG00000184735	41	8
ENSG00000184741	0	0
ENSG00000184743	11666	7280
ENSG00000184752	4925	7555
ENSG00000184785	109	277
ENSG00000184786	229	68
ENSG00000184787	7001	8453
ENSG00000184788	265	128
ENSG00000184789	0	0
ENSG00000184792	1248	2372
ENSG00000184811	0	2107
ENSG00000184814	0	0
ENSG00000184828	141	892
ENSG00000184831	448	1979
ENSG00000184838	239	604
ENSG00000184840	1830	4809
ENSG00000184845	67	9
ENSG00000184856	0	0
ENSG00000184857	414	650
ENSG00000184860	506	134
ENSG00000184863	9495	8990
ENSG00000184867	3421	3156
ENSG00000184887	1312	2734
ENSG00000184895	0	0
ENSG00000184897	4637	5990
ENSG00000184898	1127	346
ENSG00000184900	3427	8289
ENSG00000184903	1701	822
ENSG00000184905	20	51
ENSG00000184908	239	240
ENSG00000184911	107	108
ENSG00000184916	5212	5520
ENSG00000184922	443	2670
ENSG00000184923	1064	893
ENSG00000184924	1280	951
ENSG00000184925	259	202
ENSG00000184933	7	1
ENSG00000184937	222	989
ENSG00000184939	3399	1079
ENSG00000184945	0	2
ENSG00000184949	1490	662
ENSG00000184954	0	3
ENSG00000184956	1442	445
ENSG00000184961	0	0
ENSG00000184967	574	1076
ENSG00000184979	274	358
ENSG00000184983	1990	9442
ENSG00000184984	165	92
ENSG00000184985	386	477
ENSG00000184986	289	158
ENSG00000184988	471	1120
ENSG00000184990	1058	2050
ENSG00000184991	0	0
ENSG00000184992	1665	1580
ENSG00000184995	0	0
ENSG00000184999	21	21
ENSG00000185000	1354	4228
ENSG00000185002	0	0
ENSG00000185008	17985	81
ENSG00000185009	3599	3596
ENSG00000185010	1869	7565
ENSG00000185013	106	156
ENSG00000185015	292	748
ENSG00000185019	995	1388
ENSG00000185022	781	2138
ENSG00000185024	3448	3371
ENSG00000185028	938	5905
ENSG00000185033	1349	6185
ENSG00000185038	3	2
ENSG00000185040	1867	1344
ENSG00000185043	659	3290
ENSG00000185046	648	280
ENSG00000185049	2647	2133
ENSG00000185052	137	375
ENSG00000185053	1	0
ENSG00000185055	225	131
ENSG00000185065	92	112
ENSG00000185069	0	1
ENSG00000185070	2519	1619
ENSG00000185078	0	0
ENSG00000185085	1397	2301
ENSG00000185088	2040	2775
ENSG00000185090	246	233
ENSG00000185100	1318	13480
ENSG00000185101	71	115
ENSG00000185104	4375	6616
ENSG00000185105	156	314
ENSG00000185112	3664	4865
ENSG00000185115	1005	2352
ENSG00000185122	4638	16672
ENSG00000185129	5144	7576
ENSG00000185130	2153	64
ENSG00000185133	223	3541
ENSG00000185149	3	2
ENSG00000185155	133	35
ENSG00000185156	8	11
ENSG00000185158	2443	1125
ENSG00000185163	1398	1638
ENSG00000185164	8613	24969
ENSG00000185176	8	1
ENSG00000185177	116	99
ENSG00000185186	77	186
ENSG00000185187	260	1125
ENSG00000185189	3963	2216
ENSG00000185198	4	7
ENSG00000185201	523	10511
ENSG00000185203	16	7
ENSG00000185215	1847	6838
ENSG00000185219	9972	6020
ENSG00000185220	992	635
ENSG00000185222	911	768
ENSG00000185231	80	36
ENSG00000185236	5272	19546
ENSG00000185238	2585	1418
ENSG00000185245	208	313
ENSG00000185246	3753	932
ENSG00000185247	0	0
ENSG00000185250	399	348
ENSG00000185252	1997	705
ENSG00000185261	2149	1341
ENSG00000185262	999	2992
ENSG00000185267	100	92
ENSG00000185269	1140	50
ENSG00000185271	193	323
ENSG00000185272	3	19
ENSG00000185274	3152	10943
ENSG00000185278	9312	5754
ENSG00000185290	0	0
ENSG00000185291	873	1149
ENSG00000185294	6	0
ENSG00000185298	564	668
ENSG00000185303	19	31
ENSG00000185304	154	406
ENSG00000185305	1748	1601
ENSG00000185313	1	26
ENSG00000185324	3661	1687
ENSG00000185332	59	51
ENSG00000185338	186	296
ENSG00000185339	873	2609
ENSG00000185340	2293	2388
ENSG00000185344	2558	3972
ENSG00000185345	1135	3596
ENSG00000185347	509	527
ENSG00000185352	22	568
ENSG00000185359	3705	6828
ENSG00000185361	1470	1285
ENSG00000185372	123	89
ENSG00000185379	1512	1524
ENSG00000185385	140	94
ENSG00000185386	541	566
ENSG00000185404	1401	607
ENSG00000185414	2744	4222
ENSG00000185418	1763	3138
ENSG00000185420	2349	828
ENSG00000185433	24	7
ENSG00000185436	86	724
ENSG00000185437	1547	2646
ENSG00000185442	878	1455
ENSG00000185448	0	2
ENSG00000185453	647	767
ENSG00000185467	7	8
ENSG00000185475	1046	1555
ENSG00000185477	3886	3008
ENSG00000185479	20	4
ENSG00000185480	828	136
ENSG00000185482	365	119
ENSG00000185483	3282	5521
ENSG00000185499	919	585
ENSG00000185504	2481	2330
ENSG00000185507	709	1379
ENSG00000185513	1676	1752
ENSG00000185515	1596	773
ENSG00000185518	237	1134
ENSG00000185519	72	516
ENSG00000185522	123	27
ENSG00000185523	14	2
ENSG00000185527	26	4
ENSG00000185532	1276	3818
ENSG00000185551	76983	7990
ENSG00000185559	1174	1970
ENSG00000185561	803	1016
ENSG00000185565	513	1364
ENSG00000185567	9201	3695
ENSG00000185585	3251	13710
ENSG00000185591	14542	12847
ENSG00000185594	4	0
ENSG00000185608	706	2093
ENSG00000185610	5	28
ENSG00000185614	191	194
ENSG00000185615	26	58
ENSG00000185619	7378	5214
ENSG00000185621	1540	1530
ENSG00000185624	14220	31816
ENSG00000185627	2546	4744
ENSG00000185630	16592	14615
ENSG00000185631	6	3
ENSG00000185633	2250	6559
ENSG00000185634	256	304
ENSG00000185640	0	10
ENSG00000185650	13252	28910
ENSG00000185651	3654	7781
ENSG00000185652	718	153
ENSG00000185658	19963	9186
ENSG00000185662	0	0
ENSG00000185664	38	43
ENSG00000185666	700	438
ENSG00000185668	210	38
ENSG00000185669	208	389
ENSG00000185670	613	970
ENSG00000185674	85	34
ENSG00000185681	2	0
ENSG00000185686	8721	2
ENSG00000185697	794	382
ENSG00000185700	27	8
ENSG00000185701	0	0
ENSG00000185710	1883	462
ENSG00000185716	1943	1699
ENSG00000185721	1947	3962
ENSG00000185722	8660	8910
ENSG00000185728	6583	9381
ENSG00000185730	1534	804
ENSG00000185736	114	91
ENSG00000185737	22	44
ENSG00000185739	8523	76760
ENSG00000185745	973	1037
ENSG00000185758	12	7
ENSG00000185760	588	123
ENSG00000185761	835	3130
ENSG00000185774	734	18
ENSG00000185775	1	0
ENSG00000185787	12908	18115
ENSG00000185792	5	8
ENSG00000185798	305	307
ENSG00000185800	5031	7187
ENSG00000185803	522	1124
ENSG00000185808	1097	1293
ENSG00000185811	176	792
ENSG00000185813	824	3528
ENSG00000185818	405	605
ENSG00000185821	0	1
ENSG00000185823	419	268
ENSG00000185825	2345	4652
ENSG00000185829	4579	2238
ENSG00000185837	37	20
ENSG00000185838	521	331
ENSG00000185842	8446	332
ENSG00000185847	546	728
ENSG00000185860	43	69
ENSG00000185862	537	310
ENSG00000185863	0	0
ENSG00000185864	2192	1999
ENSG00000185869	1012	333
ENSG00000185873	97	95
ENSG00000185875	573	347
ENSG00000185880	2350	7707
ENSG00000185883	5013	17550
ENSG00000185885	313	8549
ENSG00000185888	1	0
ENSG00000185894	0	0
ENSG00000185896	7301	18156
ENSG00000185897	4	31
ENSG00000185899	2	4
ENSG00000185900	7702	4603
ENSG00000185903	0	0
ENSG00000185904	1054	194
ENSG00000185909	1277	7126
ENSG00000185915	69	1228
ENSG00000185917	1321	1153
ENSG00000185920	5913	1972
ENSG00000185924	1255	562
ENSG00000185926	0	0
ENSG00000185933	37	22
ENSG00000185940	0	0
ENSG00000185942	2992	1676
ENSG00000185946	3816	1651
ENSG00000185947	975	481
ENSG00000185950	2408	16098
ENSG00000185958	346	175
ENSG00000185960	154	119
ENSG00000185962	0	0
ENSG00000185963	4804	7220
ENSG00000185966	0	0
ENSG00000185972	3	11
ENSG00000185973	2656	4590
ENSG00000185974	4	35
ENSG00000185982	0	0
ENSG00000185985	134	418
ENSG00000185988	72	59
ENSG00000185989	2650	2920
ENSG00000186001	7917	6592
ENSG00000186007	0	1
ENSG00000186008	0	1
ENSG00000186009	6	0
ENSG00000186010	3913	22168
ENSG00000186017	2025	989
ENSG00000186019	703	478
ENSG00000186020	4984	2212
ENSG00000186026	1081	517
ENSG00000186038	60	3
ENSG00000186047	1350	550
ENSG00000186049	2	0
ENSG00000186051	7	3
ENSG00000186056	206	61
ENSG00000186063	4322	4033
ENSG00000186073	3537	14569
ENSG00000186074	18	73
ENSG00000186075	220	112
ENSG00000186081	251	110
ENSG00000186082	5	0
ENSG00000186086	0	2
ENSG00000186088	553	1235
ENSG00000186090	1	0
ENSG00000186092	4	0
ENSG00000186094	145	164
ENSG00000186103	633	436
ENSG00000186104	993	552
ENSG00000186105	201	76
ENSG00000186106	1740	2065
ENSG00000186111	3718	12515
ENSG00000186113	0	0
ENSG00000186115	36	37
ENSG00000186118	30	14
ENSG00000186119	0	0
ENSG00000186124	272	122
ENSG00000186130	1261	662
ENSG00000186136	8	0
ENSG00000186141	3161	1836
ENSG00000186143	2	0
ENSG00000186146	38	4
ENSG00000186150	0	3
ENSG00000186153	2513	1636
ENSG00000186160	38	243
ENSG00000186162	353	597
ENSG00000186166	1638	2102
ENSG00000186174	13894	19425
ENSG00000186184	5305	3465
ENSG00000186185	1688	143
ENSG00000186187	1401	3066
ENSG00000186188	114	110
ENSG00000186190	0	0
ENSG00000186191	0	7
ENSG00000186193	708	51
ENSG00000186197	226	127
ENSG00000186198	34	114
ENSG00000186204	50	246
ENSG00000186205	308	1416
ENSG00000186207	0	0
ENSG00000186212	10	5
ENSG00000186222	361	529
ENSG00000186226	0	0
ENSG00000186230	1442	628
ENSG00000186231	23	107
ENSG00000186234	127	28
ENSG00000186235	128	48
ENSG00000186260	5743	7441
ENSG00000186265	23	8
ENSG00000186272	1144	723
ENSG00000186280	223	106
ENSG00000186281	211	1162
ENSG00000186283	1560	1270
ENSG00000186288	28	16
ENSG00000186297	422	3
ENSG00000186298	11343	13558
ENSG00000186300	1376	978
ENSG00000186306	0	0
ENSG00000186310	339	448
ENSG00000186314	1939	1297
ENSG00000186318	5451	5124
ENSG00000186326	80	943
ENSG00000186329	993	437
ENSG00000186334	38	24
ENSG00000186335	143	185
ENSG00000186340	3454	13078
ENSG00000186350	4578	11902
ENSG00000186352	397	576
ENSG00000186364	170	325
ENSG00000186367	69	55
ENSG00000186376	1285	773
ENSG00000186377	297	427
ENSG00000186393	6	2
ENSG00000186395	595	1831
ENSG00000186399	1252	704
ENSG00000186407	59	242
ENSG00000186409	2906	1314
ENSG00000186416	1507	761
ENSG00000186417	85	1265
ENSG00000186431	150	389
ENSG00000186432	8628	18857
ENSG00000186439	2563	5633
ENSG00000186440	0	0
ENSG00000186442	0	0
ENSG00000186446	690	264
ENSG00000186448	2826	1214
ENSG00000186451	86	48
ENSG00000186452	135	98
ENSG00000186453	34	149
ENSG00000186458	2	6
ENSG00000186462	11	521
ENSG00000186468	52769	18724
ENSG00000186469	663	1374
ENSG00000186470	2812	1374
ENSG00000186471	6	0
ENSG00000186472	155	1127
ENSG00000186474	0	6
ENSG00000186479	47	382
ENSG00000186480	1700	2521
ENSG00000186487	785	307
ENSG00000186496	207	115
ENSG00000186501	1206	2376
ENSG00000186509	30	29
ENSG00000186510	30	46
ENSG00000186513	38	32
ENSG00000186517	332	1111
ENSG00000186522	5521	4014
ENSG00000186523	403	168
ENSG00000186526	220	122
ENSG00000186529	162	141
ENSG00000186532	1787	2218
ENSG00000186562	52	31
ENSG00000186564	259	30
ENSG00000186566	8489	6087
ENSG00000186567	955	1036
ENSG00000186572	0	0
ENSG00000186575	4511	8850
ENSG00000186577	467	1436
ENSG00000186579	0	0
ENSG00000186583	229	101
ENSG00000186591	11060	19276
ENSG00000186594	272	5534
ENSG00000186599	0	0
ENSG00000186603	377	62
ENSG00000186615	1565	765
ENSG00000186625	1233	830
ENSG00000186628	2165	3862
ENSG00000186635	5974	10049
ENSG00000186638	745	183
ENSG00000186642	346	3270
ENSG00000186645	99	25
ENSG00000186648	252	72
ENSG00000186652	4	10
ENSG00000186654	383	704
ENSG00000186660	8359	15323
ENSG00000186666	619	355
ENSG00000186675	87	14
ENSG00000186684	243	137
ENSG00000186687	3789	3304
ENSG00000186710	33	19
ENSG00000186714	16	10
ENSG00000186715	159	40
ENSG00000186716	3387	7870
ENSG00000186723	252	219
ENSG00000186732	147	12
ENSG00000186765	81	73
ENSG00000186766	24	36
ENSG00000186767	1743	288
ENSG00000186777	623	11
ENSG00000186787	511	327
ENSG00000186788	0	0
ENSG00000186790	10	2
ENSG00000186792	277	130
ENSG00000186795	0	0
ENSG00000186803	1	0
ENSG00000186806	231	115
ENSG00000186810	17	25
ENSG00000186812	4149	1601
ENSG00000186814	4948	2063
ENSG00000186815	3621	23483
ENSG00000186818	279	482
ENSG00000186827	928	171
ENSG00000186832	9	22
ENSG00000186834	3044	4900
ENSG00000186838	40	17
ENSG00000186844	0	0
ENSG00000186847	115	11
ENSG00000186854	713	356
ENSG00000186860	0	0
ENSG00000186862	205	150
ENSG00000186866	1787	2300
ENSG00000186867	121	158
ENSG00000186868	2501	7887
ENSG00000186871	639	119
ENSG00000186881	0	0
ENSG00000186886	0	0
ENSG00000186889	232	245
ENSG00000186891	26	2
ENSG00000186895	6	0
ENSG00000186897	2929	0
ENSG00000186907	1204	261
ENSG00000186908	6804	2521
ENSG00000186910	1	1
ENSG00000186912	37	42
ENSG00000186918	6881	7266
ENSG00000186919	91	77
ENSG00000186924	0	0
ENSG00000186925	0	0
ENSG00000186930	0	0
ENSG00000186943	1	0
ENSG00000186951	4668	18076
ENSG00000186952	194	209
ENSG00000186960	364	241
ENSG00000186965	0	0
ENSG00000186967	0	0
ENSG00000186970	0	0
ENSG00000186971	0	0
ENSG00000186976	670	448
ENSG00000186977	0	0
ENSG00000186980	0	0
ENSG00000186994	412	3143
ENSG00000186998	262	183
ENSG00000187003	0	1
ENSG00000187005	0	0
ENSG00000187010	646	162
ENSG00000187012	0	0
ENSG00000187013	18	33
ENSG00000187017	2525	70
ENSG00000187021	18	22
ENSG00000187024	292	706
ENSG00000187026	0	0
ENSG00000187033	9	6
ENSG00000187037	533	244
ENSG00000187045	68	16
ENSG00000187048	30	372
ENSG00000187049	581	344
ENSG00000187051	886	2291
ENSG00000187054	530	10
ENSG00000187066	90	130
ENSG00000187079	15233	24367
ENSG00000187080	7	0
ENSG00000187082	0	0
ENSG00000187091	610	1291
ENSG00000187094	1	1
ENSG00000187097	2701	1925
ENSG00000187098	3198	8790
ENSG00000187105	414	292
ENSG00000187109	38097	12916
ENSG00000187116	64	246
ENSG00000187118	1369	1311
ENSG00000187122	338	86
ENSG00000187123	93	78
ENSG00000187134	597	1783
ENSG00000187135	1403	0
ENSG00000187140	28	169
ENSG00000187144	98	98
ENSG00000187147	3449	5201
ENSG00000187151	12	52
ENSG00000187164	457	677
ENSG00000187166	2	6
ENSG00000187170	0	0
ENSG00000187173	0	0
ENSG00000187175	1	4
ENSG00000187180	0	0
ENSG00000187187	2238	760
ENSG00000187189	3235	7103
ENSG00000187191	0	6
ENSG00000187193	882	5322
ENSG00000187210	264	566
ENSG00000187223	0	0
ENSG00000187231	2474	3093
ENSG00000187238	0	0
ENSG00000187239	5038	4871
ENSG00000187240	9215	1244
ENSG00000187242	7	4
ENSG00000187243	444	116
ENSG00000187244	6023	22304
ENSG00000187257	4173	1811
ENSG00000187258	13	3
ENSG00000187260	237	121
ENSG00000187266	270	682
ENSG00000187268	180	63
ENSG00000187272	0	0
ENSG00000187288	1	2121
ENSG00000187323	40	20
ENSG00000187325	2033	2574
ENSG00000187372	726	1221
ENSG00000187391	2071	2418
ENSG00000187398	233	79
ENSG00000187416	1	4
ENSG00000187446	3652	15184
ENSG00000187474	221	833
ENSG00000187475	114	3
ENSG00000187486	224	2317
ENSG00000187492	1	13
ENSG00000187498	37884	49768
ENSG00000187504	3	0
ENSG00000187510	20	5
ENSG00000187513	739	2827
ENSG00000187514	31170	22608
ENSG00000187516	10	0
ENSG00000187522	756	569
ENSG00000187527	19	21
ENSG00000187531	580	526
ENSG00000187533	22	14
ENSG00000187535	2897	1762
ENSG00000187537	9	0
ENSG00000187545	0	0
ENSG00000187546	631	118
ENSG00000187550	142	1777
ENSG00000187553	10	8
ENSG00000187554	450	495
ENSG00000187555	7810	10278
ENSG00000187556	39	25
ENSG00000187559	15	5
ENSG00000187566	191	168
ENSG00000187569	6	24
ENSG00000187581	17	5
ENSG00000187583	214	361
ENSG00000187595	243	201
ENSG00000187600	22	1
ENSG00000187601	631	968
ENSG00000187605	5444	2508
ENSG00000187607	3065	662
ENSG00000187608	202	586
ENSG00000187609	1353	1353
ENSG00000187612	0	0
ENSG00000187616	7	0
ENSG00000187626	706	489
ENSG00000187627	120	125
ENSG00000187630	582	1581
ENSG00000187634	2231	173
ENSG00000187642	71	16990
ENSG00000187650	411	386
ENSG00000187657	0	0
ENSG00000187664	103	67
ENSG00000187672	235	111
ENSG00000187676	1342	3448
ENSG00000187678	6110	5512
ENSG00000187682	3	1
ENSG00000187686	40	10
ENSG00000187688	723	1262
ENSG00000187689	0	1
ENSG00000187690	65	8
ENSG00000187701	0	0
ENSG00000187713	877	2337
ENSG00000187714	0	5
ENSG00000187715	1026	5299
ENSG00000187720	6749	32097
ENSG00000187721	0	0
ENSG00000187726	22	13
ENSG00000187730	171	127
ENSG00000187733	0	1
ENSG00000187735	5526	4259
ENSG00000187736	2852	1223
ENSG00000187741	1775	307
ENSG00000187742	5334	3747
ENSG00000187747	66	8
ENSG00000187754	0	20
ENSG00000187758	95	76
ENSG00000187763	12	0
ENSG00000187764	1153	3262
ENSG00000187766	0	1
ENSG00000187772	26	11
ENSG00000187773	363	1166
ENSG00000187775	327	482
ENSG00000187778	1903	6095
ENSG00000187783	17	28
ENSG00000187790	2662	762
ENSG00000187792	2642	2059
ENSG00000187796	63	93
ENSG00000187800	741	3634
ENSG00000187801	499	54
ENSG00000187806	0	0
ENSG00000187808	4	27
ENSG00000187815	626	188
ENSG00000187821	0	0
ENSG00000187823	40	20
ENSG00000187824	667	790
ENSG00000187837	11745	11772
ENSG00000187838	1858	2666
ENSG00000187840	1035	1547
ENSG00000187847	532	336
ENSG00000187848	41	12
ENSG00000187855	0	2
ENSG00000187857	782	381
ENSG00000187860	228	134
ENSG00000187862	105	47
ENSG00000187866	1975	2945
ENSG00000187867	202	10
ENSG00000187871	9	3
ENSG00000187889	327	755
ENSG00000187900	0	0
ENSG00000187902	1426	12
ENSG00000187905	212	150
ENSG00000187908	29	42
ENSG00000187912	159	131
ENSG00000187918	82	10
ENSG00000187922	66	730
ENSG00000187942	157	479
ENSG00000187950	107	85
ENSG00000187953	1149	886
ENSG00000187955	2764	4154
ENSG00000187957	7793	419
ENSG00000187959	25	19
ENSG00000187961	748	334
ENSG00000187969	0	0
ENSG00000187980	47	23
ENSG00000187987	726	147
ENSG00000187994	632	360
ENSG00000188000	271	144
ENSG00000188001	120	333
ENSG00000188004	41	154
ENSG00000188010	273	562
ENSG00000188011	36	4
ENSG00000188015	2	80
ENSG00000188021	5516	9590
ENSG00000188026	3307	12729
ENSG00000188033	1410	1109
ENSG00000188037	2	3
ENSG00000188038	17	26
ENSG00000188039	318	188
ENSG00000188042	257	1155
ENSG00000188050	29	27
ENSG00000188051	93	72
ENSG00000188056	2	8
ENSG00000188060	187	188
ENSG00000188064	501	21
ENSG00000188070	4360	2505
ENSG00000188076	3	5
ENSG00000188089	12	27
ENSG00000188092	1155	634
ENSG00000188095	48	9
ENSG00000188100	0	0
ENSG00000188101	0	0
ENSG00000188107	366	174
ENSG00000188120	0	1
ENSG00000188124	55	32
ENSG00000188130	2067	1307
ENSG00000188133	3	2
ENSG00000188152	961	442
ENSG00000188153	1872	1518
ENSG00000188155	1	0
ENSG00000188157	15950	6000
ENSG00000188158	573	461
ENSG00000188162	13	4
ENSG00000188167	661	1632
ENSG00000188171	1968	726
ENSG00000188175	4	5
ENSG00000188176	195	1847
ENSG00000188177	4554	2922
ENSG00000188186	773	1486
ENSG00000188191	1796	2021
ENSG00000188199	745	728
ENSG00000188211	3083	798
ENSG00000188215	1794	4652
ENSG00000188219	23	4
ENSG00000188227	3606	650
ENSG00000188229	7570	31175
ENSG00000188234	1534	464
ENSG00000188243	2418	1768
ENSG00000188257	82	39514
ENSG00000188263	196	111
ENSG00000188266	753	707
ENSG00000188269	2	0
ENSG00000188282	33	8
ENSG00000188283	2078	1740
ENSG00000188290	493	1333
ENSG00000188293	1	0
ENSG00000188295	265	257
ENSG00000188305	34	191
ENSG00000188306	137	15
ENSG00000188312	3458	983
ENSG00000188313	586	2814
ENSG00000188316	50	39
ENSG00000188321	3128	1261
ENSG00000188322	552	754
ENSG00000188324	26	18
ENSG00000188334	0	0
ENSG00000188338	189	1099
ENSG00000188340	0	0
ENSG00000188342	1710	1055
ENSG00000188343	4818	900
ENSG00000188352	3769	5582
ENSG00000188368	229	38
ENSG00000188372	925	151
ENSG00000188375	3	3
ENSG00000188379	0	0
ENSG00000188385	218	555
ENSG00000188386	6	8
ENSG00000188389	23	275
ENSG00000188393	4	10
ENSG00000188394	277	156
ENSG00000188396	9	111
ENSG00000188403	0	0
ENSG00000188404	53	513
ENSG00000188408	0	0
ENSG00000188419	2932	1361
ENSG00000188425	0	0
ENSG00000188428	851	956
ENSG00000188438	0	0
ENSG00000188439	0	0
ENSG00000188451	176	138
ENSG00000188452	183	75
ENSG00000188467	5	0
ENSG00000188483	1694	1320
ENSG00000188486	3132	1380
ENSG00000188487	27	71
ENSG00000188488	1	335
ENSG00000188501	63	28
ENSG00000188505	87	83
ENSG00000188508	13	0
ENSG00000188511	2165	825
ENSG00000188517	580	411
ENSG00000188522	473	1279
ENSG00000188523	121	198
ENSG00000188529	9941	5745
ENSG00000188536	520	774
ENSG00000188542	559	1043
ENSG00000188549	1696	12265
ENSG00000188554	7464	14699
ENSG00000188558	429	176
ENSG00000188559	3079	6699
ENSG00000188566	1497	1363
ENSG00000188573	86	11
ENSG00000188580	20	45
ENSG00000188581	0	0
ENSG00000188582	102	3444
ENSG00000188585	3	2
ENSG00000188596	965	318
ENSG00000188599	1178	203
ENSG00000188603	1556	2120
ENSG00000188610	236	17
ENSG00000188611	169	114
ENSG00000188612	10519	8498
ENSG00000188613	260	780
ENSG00000188620	41	27
ENSG00000188624	79	27
ENSG00000188626	226	193
ENSG00000188629	261	94
ENSG00000188636	4461	8469
ENSG00000188641	528	2074
ENSG00000188643	468	3295
ENSG00000188647	8945	5734
ENSG00000188649	579	140
ENSG00000188655	0	0
ENSG00000188656	0	0
ENSG00000188659	302	129
ENSG00000188660	230	148
ENSG00000188668	0	0
ENSG00000188672	53	53
ENSG00000188676	73	46
ENSG00000188677	797	15580
ENSG00000188687	854	710
ENSG00000188690	1941	3965
ENSG00000188691	2	1
ENSG00000188693	192	35
ENSG00000188694	0	0
ENSG00000188706	3026	4389
ENSG00000188710	60	91
ENSG00000188712	26	12
ENSG00000188716	1	10
ENSG00000188725	1928	1260
ENSG00000188729	3	6
ENSG00000188730	733	3173
ENSG00000188732	738	741
ENSG00000188735	3304	2674
ENSG00000188738	6126	616
ENSG00000188739	1103	782
ENSG00000188747	272	444
ENSG00000188760	93	352
ENSG00000188761	246	265
ENSG00000188763	73	24
ENSG00000188766	295	286
ENSG00000188770	2	8
ENSG00000188771	34	25
ENSG00000188778	43	14
ENSG00000188779	105	78
ENSG00000188782	1	0
ENSG00000188783	997	19018
ENSG00000188784	5	0
ENSG00000188785	2010	2228
ENSG00000188786	1992	2814
ENSG00000188800	1	1
ENSG00000188803	107	293
ENSG00000188807	2075	5099
ENSG00000188811	3211	1892
ENSG00000188816	0	0
ENSG00000188817	111	58
ENSG00000188818	1579	1659
ENSG00000188820	22	47
ENSG00000188822	128	127
ENSG00000188825	1303	824
ENSG00000188827	2367	1522
ENSG00000188833	123	36
ENSG00000188846	22877	12048
ENSG00000188848	14	8
ENSG00000188856	4	0
ENSG00000188859	371	410
ENSG00000188868	373	293
ENSG00000188869	106	71
ENSG00000188873	3	3
ENSG00000188877	0	0
ENSG00000188878	1002	630
ENSG00000188883	4	2
ENSG00000188886	24	11
ENSG00000188895	8134	6329
ENSG00000188906	767	1273
ENSG00000188909	0	0
ENSG00000188910	24	31
ENSG00000188916	861	319
ENSG00000188917	1231	2488
ENSG00000188921	1659	604
ENSG00000188931	662	2009
ENSG00000188937	0	0
ENSG00000188938	2772	3659
ENSG00000188958	411	318
ENSG00000188976	5037	6472
ENSG00000188981	201	130
ENSG00000188984	61	48
ENSG00000188986	2510	5219
ENSG00000188991	6	4
ENSG00000188992	53	3
ENSG00000188993	417	47
ENSG00000188994	19457	5260
ENSG00000188996	44	41
ENSG00000188997	654	1258
ENSG00000189001	5	0
ENSG00000189007	1708	414
ENSG00000189013	0	9
ENSG00000189023	0	0
ENSG00000189030	1	4
ENSG00000189037	0	0
ENSG00000189042	820	288
ENSG00000189043	4532	35048
ENSG00000189045	112	30
ENSG00000189046	1112	462
ENSG00000189050	728	784
ENSG00000189051	94	48
ENSG00000189052	4	0
ENSG00000189056	1508	1685
ENSG00000189057	1061	377
ENSG00000189058	400	26956
ENSG00000189060	18871	13310
ENSG00000189064	0	0
ENSG00000189067	816	10824
ENSG00000189068	17	11
ENSG00000189077	890	6866
ENSG00000189079	11466	4403
ENSG00000189090	0	9
ENSG00000189091	18229	14727
ENSG00000189099	153	365
ENSG00000189108	15	9
ENSG00000189114	858	891
ENSG00000189120	63	75
ENSG00000189127	9	1
ENSG00000189129	182	1763
ENSG00000189132	0	0
ENSG00000189134	15	65
ENSG00000189139	3	1
ENSG00000189143	170	82
ENSG00000189144	1417	819
ENSG00000189152	57	155
ENSG00000189157	1016	927
ENSG00000189159	2395	872
ENSG00000189164	1751	990
ENSG00000189167	1	0
ENSG00000189169	0	2
ENSG00000189171	955	2782
ENSG00000189180	4508	1450
ENSG00000189181	5	0
ENSG00000189182	0	0
ENSG00000189184	756	1916
ENSG00000189186	5	2
ENSG00000189190	688	290
ENSG00000189195	1764	418
ENSG00000189196	3	4
ENSG00000189221	1165	16102
ENSG00000189223	3616	3298
ENSG00000189233	265	192
ENSG00000189238	69	29
ENSG00000189241	7795	23788
ENSG00000189252	0	0
ENSG00000189253	0	0
ENSG00000189266	5181	6017
ENSG00000189269	61	19
ENSG00000189275	7	15
ENSG00000189280	6	4
ENSG00000189283	939	1033
ENSG00000189292	81	154
ENSG00000189298	1416	908
ENSG00000189299	0	0
ENSG00000189306	2117	3716
ENSG00000189308	1906	1091
ENSG00000189319	3925	8002
ENSG00000189320	122	475
ENSG00000189325	2	2
ENSG00000189326	0	0
ENSG00000189334	16	82
ENSG00000189337	2390	1591
ENSG00000189339	11629	5281
ENSG00000189343	35	17
ENSG00000189350	316	2076
ENSG00000189357	0	0
ENSG00000189362	1241	501
ENSG00000189367	308	154
ENSG00000189369	1190	875
ENSG00000189375	3	1
ENSG00000189377	39	50
ENSG00000189398	1	16
ENSG00000189401	42	41
ENSG00000189403	12651	8701
ENSG00000189409	1783	1474
ENSG00000189410	42	15
ENSG00000189419	196	163
ENSG00000189420	325	460
ENSG00000189430	26	40
ENSG00000189431	64	62
ENSG00000189433	5	7
ENSG00000194297	4	1
ENSG00000194717	10	1
ENSG00000195024	0	0
ENSG00000196071	2	0
ENSG00000196072	807	1003
ENSG00000196074	609	101
ENSG00000196081	478	64
ENSG00000196083	700	1740
ENSG00000196090	83	142
ENSG00000196091	0	141
ENSG00000196092	43	40
ENSG00000196098	0	0
ENSG00000196099	2	0
ENSG00000196104	28	30
ENSG00000196109	396	637
ENSG00000196110	1186	841
ENSG00000196115	14	0
ENSG00000196116	641	1108
ENSG00000196118	146	29
ENSG00000196119	954	574
ENSG00000196126	585	7474
ENSG00000196131	44	15
ENSG00000196132	107	63
ENSG00000196136	8	6469
ENSG00000196139	101	951
ENSG00000196141	2543	6689
ENSG00000196143	10	0
ENSG00000196150	1234	1160
ENSG00000196151	1166	1081
ENSG00000196152	438	511
ENSG00000196154	374	2054
ENSG00000196155	3662	243
ENSG00000196156	0	0
ENSG00000196159	62946	6145
ENSG00000196167	459	288
ENSG00000196169	91	130
ENSG00000196171	0	0
ENSG00000196172	796	107
ENSG00000196177	3312	6296
ENSG00000196182	1962	10982
ENSG00000196183	13	2
ENSG00000196184	63	33
ENSG00000196187	4682	5606
ENSG00000196188	81	96
ENSG00000196189	190	465
ENSG00000196196	22	200
ENSG00000196199	3961	2045
ENSG00000196204	1531	1656
ENSG00000196208	721	1518
ENSG00000196209	56	324
ENSG00000196214	1652	901
ENSG00000196218	313	772
ENSG00000196220	7357	2505
ENSG00000196224	2	0
ENSG00000196227	1927	2047
ENSG00000196228	22	0
ENSG00000196230	50747	36665
ENSG00000196233	9073	6566
ENSG00000196235	6729	10807
ENSG00000196236	3451	7082
ENSG00000196240	1	0
ENSG00000196242	132	92
ENSG00000196243	15	19
ENSG00000196247	2423	844
ENSG00000196248	3	0
ENSG00000196260	0	4
ENSG00000196262	16649	13153
ENSG00000196263	3429	1230
ENSG00000196267	865	332
ENSG00000196268	3987	2321
ENSG00000196273	8	0
ENSG00000196275	2097	2090
ENSG00000196277	827	27
ENSG00000196284	1154	390
ENSG00000196289	6	0
ENSG00000196290	966	916
ENSG00000196296	149	121
ENSG00000196305	16861	11741
ENSG00000196313	7538	9585
ENSG00000196323	10903	7248
ENSG00000196329	508	3931
ENSG00000196335	111	58
ENSG00000196337	164	56
ENSG00000196338	2945	463
ENSG00000196341	169	73
ENSG00000196344	0	6
ENSG00000196345	1282	476
ENSG00000196350	17	0
ENSG00000196352	1693	6971
ENSG00000196353	315	990
ENSG00000196357	680	329
ENSG00000196358	4651	531
ENSG00000196361	87	102
ENSG00000196363	2589	2638
ENSG00000196365	4290	11139
ENSG00000196367	16034	16933
ENSG00000196368	775	23
ENSG00000196369	3556	1943
ENSG00000196371	1420	683
ENSG00000196372	465	1244
ENSG00000196376	602	1057
ENSG00000196378	851	792
ENSG00000196387	965	575
ENSG00000196388	373	233
ENSG00000196391	814	1244
ENSG00000196396	2274	9187
ENSG00000196403	0	0
ENSG00000196405	4963	5468
ENSG00000196406	3	0
ENSG00000196407	17	49
ENSG00000196408	6	4
ENSG00000196411	5779	5469
ENSG00000196415	12	12
ENSG00000196417	1438	557
ENSG00000196418	1833	998
ENSG00000196419	9168	14677
ENSG00000196420	1	6
ENSG00000196422	1091	4027
ENSG00000196427	12	4
ENSG00000196428	7848	11335
ENSG00000196431	0	0
ENSG00000196433	11	14
ENSG00000196436	692	390
ENSG00000196437	1172	422
ENSG00000196440	3752	1223
ENSG00000196449	411	538
ENSG00000196453	1223	1969
ENSG00000196455	2626	2648
ENSG00000196456	308	377
ENSG00000196458	5253	893
ENSG00000196459	1272	869
ENSG00000196460	36	24
ENSG00000196465	2064	1903
ENSG00000196466	485	320
ENSG00000196468	3	14
ENSG00000196470	2117	2171
ENSG00000196475	1	0
ENSG00000196482	1511	4118
ENSG00000196497	3578	2564
ENSG00000196498	24726	41182
ENSG00000196502	1828	982
ENSG00000196503	219	59
ENSG00000196504	6965	1984
ENSG00000196505	2895	3620
ENSG00000196507	806	1082
ENSG00000196510	3285	3375
ENSG00000196511	557	703
ENSG00000196517	936	448
ENSG00000196526	3985	4417
ENSG00000196531	28070	136731
ENSG00000196534	29	20
ENSG00000196535	13104	40758
ENSG00000196539	0	0
ENSG00000196542	22	11
ENSG00000196544	227	1016
ENSG00000196547	2437	10495
ENSG00000196549	106	915
ENSG00000196550	256	71
ENSG00000196553	192	57
ENSG00000196557	9817	3417
ENSG00000196562	7627	5282
ENSG00000196565	66	39
ENSG00000196569	17548	62553
ENSG00000196570	0	0
ENSG00000196576	14494	16896
ENSG00000196578	0	0
ENSG00000196581	3117	102
ENSG00000196584	2037	451
ENSG00000196586	1445	1606
ENSG00000196588	3360	5997
ENSG00000196589	0	0
ENSG00000196591	7789	3078
ENSG00000196597	2243	407
ENSG00000196600	3348	1475
ENSG00000196604	6	1
ENSG00000196605	1990	549
ENSG00000196611	25	6
ENSG00000196616	337	15886
ENSG00000196620	6	5
ENSG00000196628	52654	8160
ENSG00000196632	1635	263
ENSG00000196634	5	0
ENSG00000196636	458	624
ENSG00000196639	263	576
ENSG00000196642	4640	12049
ENSG00000196646	1515	494
ENSG00000196652	1438	1044
ENSG00000196653	926	224
ENSG00000196655	874	1500
ENSG00000196660	137	86
ENSG00000196663	2952	6654
ENSG00000196664	117	158
ENSG00000196666	252	58
ENSG00000196668	834	96
ENSG00000196670	2125	646
ENSG00000196678	1541	611
ENSG00000196683	3181	6239
ENSG00000196684	123	145
ENSG00000196689	934	1158
ENSG00000196693	2928	632
ENSG00000196700	5791	4409
ENSG00000196704	1818	3338
ENSG00000196705	4149	1975
ENSG00000196711	0	3
ENSG00000196712	28557	17121
ENSG00000196715	3339	5546
ENSG00000196724	1682	937
ENSG00000196730	1235	1347
ENSG00000196734	0	0
ENSG00000196735	3912	3531
ENSG00000196739	12517	3671
ENSG00000196743	3783	5571
ENSG00000196747	4804	110
ENSG00000196748	0	0
ENSG00000196754	17	20
ENSG00000196756	3431	1644
ENSG00000196757	1038	416
ENSG00000196758	0	0
ENSG00000196767	8	1
ENSG00000196772	42	0
ENSG00000196776	5822	8238
ENSG00000196778	730	416
ENSG00000196781	29598	2454
ENSG00000196782	3241	1194
ENSG00000196787	6438	133
ENSG00000196792	5202	4276
ENSG00000196793	600	108
ENSG00000196800	4	1
ENSG00000196805	0	0
ENSG00000196810	1751	2059
ENSG00000196811	198	47
ENSG00000196812	226	126
ENSG00000196814	2037	2860
ENSG00000196821	4318	24437
ENSG00000196832	51	34
ENSG00000196834	88	265
ENSG00000196839	862	1720
ENSG00000196843	1086	7154
ENSG00000196844	107	13
ENSG00000196850	2353	21375
ENSG00000196859	2	0
ENSG00000196860	26	7
ENSG00000196862	83	22
ENSG00000196865	8554	18889
ENSG00000196866	456	285
ENSG00000196867	1399	814
ENSG00000196872	493	526
ENSG00000196876	554	305
ENSG00000196878	21	281
ENSG00000196911	5368	1948
ENSG00000196912	10072	573
ENSG00000196914	16746	34011
ENSG00000196917	275	245
ENSG00000196923	7580	4696
ENSG00000196924	45982	116920
ENSG00000196932	43	114
ENSG00000196935	3415	2728
ENSG00000196937	2656	3548
ENSG00000196943	3222	7642
ENSG00000196944	0	0
ENSG00000196946	5	0
ENSG00000196950	2602	943
ENSG00000196951	323	287
ENSG00000196954	685	948
ENSG00000196961	6271	12662
ENSG00000196967	2471	1453
ENSG00000196968	2926	4375
ENSG00000196972	149	837
ENSG00000196975	2090	1998
ENSG00000196976	364	592
ENSG00000196979	58	57
ENSG00000196981	751	460
ENSG00000196990	446	60
ENSG00000196993	224	143
ENSG00000196998	1949	3615
ENSG00000197006	3282	4464
ENSG00000197008	1188	195
ENSG00000197013	1644	547
ENSG00000197016	1372	560
ENSG00000197019	415	1278
ENSG00000197020	1521	601
ENSG00000197021	651	1168
ENSG00000197023	0	0
ENSG00000197024	1905	2478
ENSG00000197037	1874	1859
ENSG00000197043	12462	24835
ENSG00000197044	1252	497
ENSG00000197045	4767	3019
ENSG00000197046	378	217
ENSG00000197050	1211	412
ENSG00000197054	219	168
ENSG00000197056	3418	544
ENSG00000197057	12	30
ENSG00000197061	6188	1723
ENSG00000197062	1404	772
ENSG00000197063	1922	4100
ENSG00000197067	3	0
ENSG00000197070	1242	1949
ENSG00000197077	2481	9518
ENSG00000197079	1	0
ENSG00000197081	14896	45277
ENSG00000197084	0	0
ENSG00000197085	254	129
ENSG00000197093	389	304
ENSG00000197099	687	394
ENSG00000197102	45318	112537
ENSG00000197106	63	98
ENSG00000197110	0	1
ENSG00000197111	34090	44974
ENSG00000197114	880	1777
ENSG00000197119	4825	2250
ENSG00000197121	8010	2292
ENSG00000197122	1018	1601
ENSG00000197123	0	0
ENSG00000197124	799	358
ENSG00000197125	20	35
ENSG00000197128	2611	3429
ENSG00000197134	777	135
ENSG00000197136	4271	5653
ENSG00000197140	6696	2788
ENSG00000197142	400	1511
ENSG00000197147	1093	1514
ENSG00000197150	1759	2938
ENSG00000197153	2832	14
ENSG00000197157	14667	13966
ENSG00000197162	2506	1241
ENSG00000197165	76	62
ENSG00000197168	582	189
ENSG00000197170	3302	3817
ENSG00000197172	0	0
ENSG00000197176	3	5
ENSG00000197177	317	10
ENSG00000197180	45	135
ENSG00000197181	144	186
ENSG00000197182	2996	3777
ENSG00000197183	4527	2252
ENSG00000197191	24	32
ENSG00000197208	206	887
ENSG00000197213	0	2
ENSG00000197217	3337	5884
ENSG00000197223	968	1296
ENSG00000197226	8370	9269
ENSG00000197233	6	0
ENSG00000197238	0	0
ENSG00000197241	5	6
ENSG00000197245	259	1103
ENSG00000197249	82	828
ENSG00000197251	121	63
ENSG00000197253	32	347
ENSG00000197256	10626	50149
ENSG00000197265	956	770
ENSG00000197272	1	9
ENSG00000197273	1	2
ENSG00000197275	587	106
ENSG00000197279	38	31
ENSG00000197283	7376	1973
ENSG00000197291	366	365
ENSG00000197296	3157	28450
ENSG00000197299	681	432
ENSG00000197301	4092	64
ENSG00000197302	2699	1015
ENSG00000197308	0	2
ENSG00000197309	0	0
ENSG00000197312	4893	6389
ENSG00000197321	28853	90863
ENSG00000197322	59	30
ENSG00000197323	8606	3961
ENSG00000197324	5062	16578
ENSG00000197329	1909	1828
ENSG00000197343	8707	3999
ENSG00000197345	992	1911
ENSG00000197353	8	52
ENSG00000197355	1532	1450
ENSG00000197360	284	65
ENSG00000197361	473	1047
ENSG00000197362	748	589
ENSG00000197363	636	778
ENSG00000197372	1429	547
ENSG00000197375	1427	6202
ENSG00000197380	2610	2440
ENSG00000197381	6607	3277
ENSG00000197385	15	24
ENSG00000197386	9338	13025
ENSG00000197403	5	0
ENSG00000197405	368	1699
ENSG00000197406	50	68
ENSG00000197408	44	48
ENSG00000197409	393	230
ENSG00000197410	682	166
ENSG00000197415	110	41
ENSG00000197416	3	0
ENSG00000197417	1000	1438
ENSG00000197421	0	0
ENSG00000197428	25	26
ENSG00000197429	1477	1812
ENSG00000197430	0	2
ENSG00000197437	218	0
ENSG00000197442	472	5686
ENSG00000197444	256	767
ENSG00000197446	35	36
ENSG00000197448	4009	13622
ENSG00000197451	4505	8887
ENSG00000197454	9	4
ENSG00000197457	2260	1103
ENSG00000197461	1947	2824
ENSG00000197465	582	59
ENSG00000197467	443	467
ENSG00000197468	0	0
ENSG00000197471	796	759
ENSG00000197472	250	73
ENSG00000197479	449	524
ENSG00000197483	740	1413
ENSG00000197487	0	0
ENSG00000197496	1731	839
ENSG00000197497	669	235
ENSG00000197498	1864	1427
ENSG00000197503	57	31
ENSG00000197506	57	86
ENSG00000197520	21	13
ENSG00000197530	4800	7089
ENSG00000197532	865	477
ENSG00000197535	3811	3696
ENSG00000197540	49	22
ENSG00000197548	1744	2217
ENSG00000197555	4259	1894
ENSG00000197558	3736	258
ENSG00000197561	14	52
ENSG00000197562	1666	1527
ENSG00000197563	5600	4161
ENSG00000197565	652	1794
ENSG00000197566	839	197
ENSG00000197575	5	0
ENSG00000197576	585	73
ENSG00000197579	2100	735
ENSG00000197580	941	7626
ENSG00000197584	46	170
ENSG00000197586	2085	8194
ENSG00000197587	35	26
ENSG00000197591	36	0
ENSG00000197594	358	980
ENSG00000197595	1	3
ENSG00000197599	105	98
ENSG00000197601	6628	3050
ENSG00000197603	10527	3476
ENSG00000197608	2673	814
ENSG00000197614	627	2667
ENSG00000197616	24002	636067
ENSG00000197617	12	16
ENSG00000197619	1478	565
ENSG00000197620	676	1649
ENSG00000197622	4949	6386
ENSG00000197627	0	0
ENSG00000197629	491	3243
ENSG00000197632	0	19
ENSG00000197635	350	704
ENSG00000197641	5	2
ENSG00000197646	92	185
ENSG00000197647	586	296
ENSG00000197651	15	0
ENSG00000197653	375	147
ENSG00000197658	0	1
ENSG00000197674	1	1
ENSG00000197683	0	0
ENSG00000197694	22521	59265
ENSG00000197696	50	416
ENSG00000197702	5571	15976
ENSG00000197705	6	4
ENSG00000197706	760	507
ENSG00000197712	2519	2860
ENSG00000197713	4265	1676
ENSG00000197714	7907	11122
ENSG00000197721	7	8
ENSG00000197724	4975	9252
ENSG00000197728	13746	10253
ENSG00000197745	0	0
ENSG00000197746	23247	132325
ENSG00000197747	1242	8873
ENSG00000197748	226	22
ENSG00000197753	2436	1183
ENSG00000197756	41058	25659
ENSG00000197757	71	22
ENSG00000197763	1311	749
ENSG00000197766	520	18956
ENSG00000197768	62	17
ENSG00000197769	56	28
ENSG00000197771	4788	4677
ENSG00000197774	1748	1927
ENSG00000197776	1105	780
ENSG00000197779	2514	1315
ENSG00000197780	951	2998
ENSG00000197782	2090	1422
ENSG00000197785	1610	2511
ENSG00000197786	0	0
ENSG00000197790	0	0
ENSG00000197798	803	1387
ENSG00000197808	1085	679
ENSG00000197816	2717	627
ENSG00000197818	1087	2943
ENSG00000197822	1308	703
ENSG00000197826	49	10
ENSG00000197838	1	0
ENSG00000197841	1519	754
ENSG00000197849	163	99
ENSG00000197852	1508	3590
ENSG00000197857	2528	2222
ENSG00000197858	2107	6232
ENSG00000197859	482	2338
ENSG00000197860	1305	894
ENSG00000197863	1180	532
ENSG00000197866	0	0
ENSG00000197870	36	12
ENSG00000197872	523	863
ENSG00000197879	10652	36822
ENSG00000197880	103	58
ENSG00000197885	1544	1547
ENSG00000197887	0	0
ENSG00000197888	6	10
ENSG00000197889	125	36
ENSG00000197891	2	1
ENSG00000197892	1474	4352
ENSG00000197893	9729	186177
ENSG00000197894	4435	11326
ENSG00000197901	0	3
ENSG00000197903	5447	1253
ENSG00000197905	807	2221
ENSG00000197912	9639	13167
ENSG00000197915	3652	1274
ENSG00000197919	0	0
ENSG00000197921	88	82
ENSG00000197927	11	17
ENSG00000197928	2523	1639
ENSG00000197930	2730	3595
ENSG00000197933	160	207
ENSG00000197934	1073	565
ENSG00000197935	42	29
ENSG00000197937	2367	1097
ENSG00000197938	0	1
ENSG00000197943	1025	2052
ENSG00000197948	1566	753
ENSG00000197951	1094	1585
ENSG00000197953	0	15
ENSG00000197956	2008	11669
ENSG00000197958	46483	13898
ENSG00000197959	10247	456
ENSG00000197961	7219	3748
ENSG00000197965	4589	7315
ENSG00000197969	10149	8036
ENSG00000197971	1122	5672
ENSG00000197976	1745	2878
ENSG00000197977	170	471
ENSG00000197978	1296	526
ENSG00000197980	181	63
ENSG00000197984	0	0
ENSG00000197989	1196	573
ENSG00000197992	9	12
ENSG00000197993	203	33
ENSG00000198000	3826	674
ENSG00000198001	1294	750
ENSG00000198003	40	93
ENSG00000198010	23	26
ENSG00000198015	6199	5276
ENSG00000198018	982	1586
ENSG00000198021	0	0
ENSG00000198026	2382	2933
ENSG00000198028	7	1
ENSG00000198033	1	5
ENSG00000198034	59404	12048
ENSG00000198039	1155	305
ENSG00000198040	6411	996
ENSG00000198042	2310	1604
ENSG00000198046	3225	932
ENSG00000198049	24	1
ENSG00000198053	4649	7423
ENSG00000198054	18	26
ENSG00000198055	1330	1715
ENSG00000198056	614	198
ENSG00000198060	2307	3473
ENSG00000198062	55	42
ENSG00000198064	14045	12502
ENSG00000198074	28	18
ENSG00000198075	2540	491
ENSG00000198077	65	58
ENSG00000198081	1082	715
ENSG00000198083	0	0
ENSG00000198087	2945	1524
ENSG00000198088	124	129
ENSG00000198089	3027	1309
ENSG00000198090	0	0
ENSG00000198092	42	1
ENSG00000198093	1161	816
ENSG00000198099	427	99
ENSG00000198104	58	34
ENSG00000198105	3551	1094
ENSG00000198108	215	247
ENSG00000198113	421	3269
ENSG00000198121	894	2400
ENSG00000198125	25026	618162
ENSG00000198128	147	79
ENSG00000198129	0	0
ENSG00000198130	4172	1740
ENSG00000198131	2812	2027
ENSG00000198133	383	316
ENSG00000198142	1048	893
ENSG00000198146	6950	4510
ENSG00000198153	47	0
ENSG00000198156	70	20
ENSG00000198157	334	34
ENSG00000198160	4856	3043
ENSG00000198162	6948	4584
ENSG00000198168	619	1658
ENSG00000198169	1613	950
ENSG00000198171	1514	2394
ENSG00000198173	0	0
ENSG00000198176	3850	4230
ENSG00000198178	17	16
ENSG00000198182	1447	575
ENSG00000198183	1	10
ENSG00000198185	1883	118
ENSG00000198189	1904	994
ENSG00000198198	11947	13719
ENSG00000198203	225	140
ENSG00000198205	758	1278
ENSG00000198208	931	1904
ENSG00000198216	947	311
ENSG00000198217	0	0
ENSG00000198218	6309	7879
ENSG00000198223	215	381
ENSG00000198225	13	15
ENSG00000198231	10334	7367
ENSG00000198242	15501	8314
ENSG00000198246	722	439
ENSG00000198252	3765	3884
ENSG00000198258	1223	4562
ENSG00000198261	0	0
ENSG00000198265	15185	10613
ENSG00000198270	1518	3030
ENSG00000198271	0	0
ENSG00000198276	2433	3528
ENSG00000198283	3	1
ENSG00000198286	79	129
ENSG00000198298	696	103
ENSG00000198300	2360	1693
ENSG00000198301	2056	1469
ENSG00000198312	0	0
ENSG00000198315	6578	4955
ENSG00000198324	1260	2108
ENSG00000198326	10	18
ENSG00000198331	555	264
ENSG00000198336	15651	20037
ENSG00000198342	486	511
ENSG00000198346	754	304
ENSG00000198353	594	26
ENSG00000198354	24	6
ENSG00000198355	2398	6365
ENSG00000198356	1798	4511
ENSG00000198363	11353	10908
ENSG00000198367	0	0
ENSG00000198369	5387	5583
ENSG00000198373	1666	5310
ENSG00000198380	5835	8718
ENSG00000198382	2234	2886
ENSG00000198390	0	0
ENSG00000198393	4941	1852
ENSG00000198398	0	0
ENSG00000198399	5179	4108
ENSG00000198400	128	274
ENSG00000198408	15789	17521
ENSG00000198414	18	8
ENSG00000198417	9	82
ENSG00000198420	6654	5191
ENSG00000198429	748	150
ENSG00000198431	3470	13997
ENSG00000198435	1508	1437
ENSG00000198440	910	394
ENSG00000198443	0	0
ENSG00000198445	2	0
ENSG00000198453	1547	812
ENSG00000198455	1546	2417
ENSG00000198464	2652	942
ENSG00000198466	5411	4439
ENSG00000198467	9113	45493
ENSG00000198468	346	233
ENSG00000198471	0	0
ENSG00000198478	1005	1754
ENSG00000198482	3251	1869
ENSG00000198483	29	128
ENSG00000198488	4	3
ENSG00000198492	4605	5139
ENSG00000198496	810	497
ENSG00000198498	1730	537
ENSG00000198502	5	3
ENSG00000198513	2032	841
ENSG00000198515	39	34
ENSG00000198517	1698	13479
ENSG00000198520	154	54
ENSG00000198521	2762	866
ENSG00000198522	1467	1775
ENSG00000198523	45776	100384
ENSG00000198535	70	75
ENSG00000198538	1011	394
ENSG00000198542	66	368
ENSG00000198546	662	1363
ENSG00000198551	752	520
ENSG00000198553	673	111
ENSG00000198554	1209	169
ENSG00000198556	1991	653
ENSG00000198561	19223	23444
ENSG00000198563	19213	16423
ENSG00000198569	183	85
ENSG00000198570	60	42
ENSG00000198573	0	0
ENSG00000198574	26	22
ENSG00000198576	1741	39
ENSG00000198585	2881	7314
ENSG00000198586	8589	2984
ENSG00000198589	12512	5297
ENSG00000198590	1905	1094
ENSG00000198597	95	713
ENSG00000198598	3323	222
ENSG00000198601	0	0
ENSG00000198604	2636	879
ENSG00000198610	19	11
ENSG00000198612	2815	6033
ENSG00000198624	1540	20317
ENSG00000198625	15516	11815
ENSG00000198626	49604	466563
ENSG00000198633	270	168
ENSG00000198642	3512	3358
ENSG00000198643	6	9
ENSG00000198646	9056	9760
ENSG00000198648	3467	3235
ENSG00000198650	47	30
ENSG00000198668	11007	48063
ENSG00000198670	8	5
ENSG00000198673	1003	101
ENSG00000198674	1	0
ENSG00000198678	0	1
ENSG00000198680	350	1671
ENSG00000198681	15	0
ENSG00000198682	786	2065
ENSG00000198685	5	27
ENSG00000198689	2389	3414
ENSG00000198690	7338	4339
ENSG00000198691	52	35
ENSG00000198692	1105	5547
ENSG00000198700	9532	6362
ENSG00000198703	0	0
ENSG00000198704	4	3
ENSG00000198707	7497	867
ENSG00000198711	323	242
ENSG00000198715	1891	1501
ENSG00000198718	4429	2653
ENSG00000198719	420	2288
ENSG00000198720	4606	842
ENSG00000198721	1533	5898
ENSG00000198722	4203	6258
ENSG00000198728	8429	8984
ENSG00000198729	2101	6986
ENSG00000198730	3015	1929
ENSG00000198732	128	392
ENSG00000198734	206	3296
ENSG00000198736	500	1926
ENSG00000198739	1337	542
ENSG00000198740	9266	6230
ENSG00000198742	2995	4352
ENSG00000198743	11738	2633
ENSG00000198744	94	794
ENSG00000198746	601	935
ENSG00000198752	9174	19138
ENSG00000198753	129	676
ENSG00000198754	28	292
ENSG00000198755	38896	11986
ENSG00000198756	299	2117
ENSG00000198758	8	40
ENSG00000198759	55	7
ENSG00000198765	99	64
ENSG00000198768	280	153
ENSG00000198771	3278	6129
ENSG00000198774	287	1026
ENSG00000198780	1613	442
ENSG00000198783	688	505
ENSG00000198785	66	302
ENSG00000198787	1	1
ENSG00000198788	0	315
ENSG00000198791	4997	5455
ENSG00000198792	4710	8282
ENSG00000198793	5763	15558
ENSG00000198794	652	735
ENSG00000198795	13439	1767
ENSG00000198796	6732	32634
ENSG00000198797	248	77
ENSG00000198798	1	2
ENSG00000198799	8208	5160
ENSG00000198805	535	1596
ENSG00000198807	29	0
ENSG00000198812	1809	2341
ENSG00000198814	685	1292
ENSG00000198815	9006	10640
ENSG00000198816	3303	11079
ENSG00000198818	1419	1094
ENSG00000198821	111	293
ENSG00000198822	19	14
ENSG00000198824	2824	2600
ENSG00000198825	1856	1225
ENSG00000198826	2494	47
ENSG00000198829	24	51
ENSG00000198830	9016	9745
ENSG00000198832	629	3216
ENSG00000198833	4454	4159
ENSG00000198835	34	140
ENSG00000198836	7447	7679
ENSG00000198837	3800	10720
ENSG00000198838	592	309
ENSG00000198839	1658	780
ENSG00000198841	348	436
ENSG00000198842	2919	31068
ENSG00000198843	3057	5460
ENSG00000198844	888	5171
ENSG00000198846	154	255
ENSG00000198848	8	3796
ENSG00000198851	15	231
ENSG00000198853	3374	9768
ENSG00000198855	333	883
ENSG00000198856	2711	1459
ENSG00000198858	1960	3426
ENSG00000198860	2399	2414
ENSG00000198862	5284	3230
ENSG00000198863	963	2435
ENSG00000198865	228	325
ENSG00000198868	9	19
ENSG00000198870	252	216
ENSG00000198873	2705	6470
ENSG00000198874	1810	1923
ENSG00000198876	4161	4109
ENSG00000198879	995	3037
ENSG00000198881	5	303
ENSG00000198883	9	2
ENSG00000198885	423	308
ENSG00000198887	6002	1925
ENSG00000198889	7	1
ENSG00000198890	1007	878
ENSG00000198892	180	4445
ENSG00000198894	2540	13087
ENSG00000198898	5352	12591
ENSG00000198900	7380	3297
ENSG00000198901	1770	174
ENSG00000198909	2694	11301
ENSG00000198910	124	2144
ENSG00000198911	8945	18952
ENSG00000198914	3	4
ENSG00000198915	15	263
ENSG00000198917	1969	1811
ENSG00000198918	19105	7573
ENSG00000198919	2338	1684
ENSG00000198920	1887	743
ENSG00000198924	692	452
ENSG00000198925	4337	13322
ENSG00000198929	1097	674
ENSG00000198930	1	0
ENSG00000198931	1348	1896
ENSG00000198932	3062	1896
ENSG00000198933	3011	3369
ENSG00000198934	388	855
ENSG00000198937	190	490
ENSG00000198939	261	42
ENSG00000198944	6	18
ENSG00000198945	369	231
ENSG00000198947	15626	29295
ENSG00000198948	78	468
ENSG00000198951	1392	2613
ENSG00000198952	4548	15698
ENSG00000198954	1736	5699
ENSG00000198959	15361	147492
ENSG00000198960	1334	1361
ENSG00000198961	11101	8829
ENSG00000198963	44	610
ENSG00000198964	1738	2901
ENSG00000198965	0	0
ENSG00000198967	56	60
ENSG00000198972	0	0
ENSG00000198973	0	0
ENSG00000198974	8	4
ENSG00000198975	9	0
ENSG00000198976	0	0
ENSG00000198982	18	8
ENSG00000198983	0	0
ENSG00000198984	1	0
ENSG00000198987	1	0
ENSG00000198995	10	3
ENSG00000198997	4	1
ENSG00000199001	0	0
ENSG00000199005	132	2
ENSG00000199012	2	0
ENSG00000199015	2	0
ENSG00000199017	17	46
ENSG00000199020	18	3
ENSG00000199023	3	5
ENSG00000199024	6	6
ENSG00000199025	5	0
ENSG00000199030	0	0
ENSG00000199031	0	0
ENSG00000199032	1	0
ENSG00000199035	1	0
ENSG00000199036	0	0
ENSG00000199038	10	15
ENSG00000199043	0	0
ENSG00000199047	2	21
ENSG00000199051	3	0
ENSG00000199053	3	7
ENSG00000199059	0	0
ENSG00000199065	0	0
ENSG00000199069	2	0
ENSG00000199072	0	0
ENSG00000199075	2	2
ENSG00000199077	0	0
ENSG00000199080	0	0
ENSG00000199082	0	0
ENSG00000199085	0	0
ENSG00000199088	1	0
ENSG00000199090	4	4
ENSG00000199092	4	0
ENSG00000199094	0	0
ENSG00000199095	0	0
ENSG00000199102	0	0
ENSG00000199104	7	2
ENSG00000199107	3	0
ENSG00000199109	13	3
ENSG00000199121	0	1
ENSG00000199122	2	4
ENSG00000199127	0	0
ENSG00000199130	4	2
ENSG00000199132	0	0
ENSG00000199133	0	0
ENSG00000199135	0	0
ENSG00000199143	0	0
ENSG00000199145	0	0
ENSG00000199150	1	3
ENSG00000199151	14	1
ENSG00000199153	1	1
ENSG00000199156	0	0
ENSG00000199157	13	19
ENSG00000199158	0	0
ENSG00000199161	6	8
ENSG00000199165	0	0
ENSG00000199168	4	3
ENSG00000199169	0	0
ENSG00000199172	2	0
ENSG00000199177	0	0
ENSG00000199179	0	0
ENSG00000199197	0	3
ENSG00000199202	10	7
ENSG00000199212	0	0
ENSG00000199217	4	1
ENSG00000199219	1	0
ENSG00000199237	37	5
ENSG00000199240	0	0
ENSG00000199246	20	0
ENSG00000199248	11	3
ENSG00000199251	2	1
ENSG00000199260	19	4
ENSG00000199266	34	2
ENSG00000199270	2	1
ENSG00000199272	1	0
ENSG00000199276	0	3
ENSG00000199279	11	10
ENSG00000199283	1	3
ENSG00000199286	0	0
ENSG00000199289	7	1
ENSG00000199293	227	56
ENSG00000199295	0	0
ENSG00000199299	0	0
ENSG00000199301	3	2
ENSG00000199306	5	4
ENSG00000199308	0	0
ENSG00000199311	0	0
ENSG00000199313	20	21
ENSG00000199315	0	0
ENSG00000199318	8	2
ENSG00000199322	1	0
ENSG00000199325	5	2
ENSG00000199326	0	0
ENSG00000199327	0	0
ENSG00000199334	2	1
ENSG00000199335	0	2
ENSG00000199337	4	2
ENSG00000199347	83	0
ENSG00000199348	17	3
ENSG00000199350	0	0
ENSG00000199352	4	2
ENSG00000199354	0	0
ENSG00000199360	3	1
ENSG00000199361	0	0
ENSG00000199363	36	24
ENSG00000199364	22	44
ENSG00000199368	0	0
ENSG00000199373	0	0
ENSG00000199377	6	5
ENSG00000199381	37	4
ENSG00000199385	0	0
ENSG00000199390	224	2
ENSG00000199394	0	0
ENSG00000199395	10	24
ENSG00000199396	2	1
ENSG00000199400	0	15
ENSG00000199402	0	0
ENSG00000199405	0	3
ENSG00000199407	15	25
ENSG00000199422	0	0
ENSG00000199426	0	1
ENSG00000199436	70	7
ENSG00000199446	0	0
ENSG00000199448	0	0
ENSG00000199450	0	0
ENSG00000199453	0	0
ENSG00000199454	1	0
ENSG00000199455	1	1
ENSG00000199458	0	2
ENSG00000199460	19	0
ENSG00000199468	0	0
ENSG00000199469	4	0
ENSG00000199475	2	2
ENSG00000199477	33	21
ENSG00000199482	0	0
ENSG00000199483	3	0
ENSG00000199488	2	0
ENSG00000199489	2	2
ENSG00000199492	0	0
ENSG00000199497	0	0
ENSG00000199506	0	0
ENSG00000199508	0	0
ENSG00000199509	11	7
ENSG00000199512	16	11
ENSG00000199514	3	0
ENSG00000199520	9	0
ENSG00000199525	6	10
ENSG00000199529	0	0
ENSG00000199535	27	28
ENSG00000199536	59	43
ENSG00000199545	11	9
ENSG00000199551	12	6
ENSG00000199556	1	1
ENSG00000199562	8	3
ENSG00000199564	0	1
ENSG00000199568	1515	31
ENSG00000199570	12	1
ENSG00000199572	0	0
ENSG00000199574	0	0
ENSG00000199575	0	0
ENSG00000199577	1	0
ENSG00000199585	0	2
ENSG00000199592	44	5
ENSG00000199593	5	0
ENSG00000199594	12	4
ENSG00000199598	4	17
ENSG00000199601	0	0
ENSG00000199603	0	0
ENSG00000199605	23	13
ENSG00000199609	0	0
ENSG00000199620	0	0
ENSG00000199626	14	8
ENSG00000199627	10	37
ENSG00000199629	1	0
ENSG00000199631	426	203
ENSG00000199634	0	0
ENSG00000199638	4	1
ENSG00000199643	0	1
ENSG00000199645	0	0
ENSG00000199646	13	4
ENSG00000199652	0	0
ENSG00000199664	0	2
ENSG00000199666	0	0
ENSG00000199672	8	12
ENSG00000199673	10	0
ENSG00000199674	10	5
ENSG00000199683	11	4
ENSG00000199687	0	0
ENSG00000199695	3	6
ENSG00000199697	31	11
ENSG00000199700	12	1
ENSG00000199702	0	0
ENSG00000199704	0	0
ENSG00000199709	4	3
ENSG00000199712	0	0
ENSG00000199728	0	0
ENSG00000199731	21	15
ENSG00000199733	1	1
ENSG00000199735	0	0
ENSG00000199739	1	1
ENSG00000199744	0	0
ENSG00000199753	50	32
ENSG00000199765	0	0
ENSG00000199767	0	0
ENSG00000199771	0	0
ENSG00000199773	0	0
ENSG00000199782	0	0
ENSG00000199784	5	0
ENSG00000199785	165	23
ENSG00000199787	2	0
ENSG00000199788	19	6
ENSG00000199790	13	7
ENSG00000199791	0	0
ENSG00000199792	0	0
ENSG00000199796	15	38
ENSG00000199798	3	0
ENSG00000199803	4	0
ENSG00000199804	0	0
ENSG00000199805	18	24
ENSG00000199806	39	12
ENSG00000199809	0	0
ENSG00000199812	0	1
ENSG00000199814	1	0
ENSG00000199824	125	44
ENSG00000199827	0	0
ENSG00000199833	0	0
ENSG00000199836	1	2
ENSG00000199839	0	0
ENSG00000199843	0	0
ENSG00000199845	0	0
ENSG00000199846	19	15
ENSG00000199849	82	31
ENSG00000199855	19	21
ENSG00000199858	0	0
ENSG00000199859	0	0
ENSG00000199865	5	3
ENSG00000199872	8	16
ENSG00000199874	0	0
ENSG00000199879	4	5
ENSG00000199885	1	0
ENSG00000199886	11	9
ENSG00000199892	6	1
ENSG00000199903	0	0
ENSG00000199905	0	0
ENSG00000199910	2	1
ENSG00000199914	76	2
ENSG00000199920	0	0
ENSG00000199921	0	0
ENSG00000199924	4	6
ENSG00000199929	2	0
ENSG00000199932	2	1
ENSG00000199933	30	43
ENSG00000199940	12	14
ENSG00000199942	113	2
ENSG00000199944	29	31
ENSG00000199953	0	0
ENSG00000199960	1	2
ENSG00000199961	0	1
ENSG00000199963	7	4
ENSG00000199968	0	0
ENSG00000199970	0	1
ENSG00000199971	0	1
ENSG00000199985	0	0
ENSG00000199986	0	1
ENSG00000199990	0	0
ENSG00000199994	5	0
ENSG00000200003	0	0
ENSG00000200013	6	2
ENSG00000200021	4	0
ENSG00000200028	0	0
ENSG00000200029	3	0
ENSG00000200033	1	0
ENSG00000200034	0	0
ENSG00000200036	0	0
ENSG00000200047	7	5
ENSG00000200048	0	0
ENSG00000200058	0	0
ENSG00000200062	0	0
ENSG00000200064	20	8
ENSG00000200070	12	8
ENSG00000200079	0	0
ENSG00000200086	11	8
ENSG00000200087	21170	907
ENSG00000200089	93	1
ENSG00000200095	14	2
ENSG00000200097	1	0
ENSG00000200101	0	0
ENSG00000200102	0	0
ENSG00000200105	16	13
ENSG00000200106	0	2
ENSG00000200107	1	0
ENSG00000200108	1	0
ENSG00000200114	36	25
ENSG00000200132	0	0
ENSG00000200138	20	16
ENSG00000200139	0	0
ENSG00000200146	0	0
ENSG00000200151	4	0
ENSG00000200152	31	18
ENSG00000200153	0	1
ENSG00000200156	1583	106
ENSG00000200161	0	1
ENSG00000200163	0	0
ENSG00000200168	2	0
ENSG00000200169	27	27
ENSG00000200175	5	3
ENSG00000200176	23	15
ENSG00000200183	4	7
ENSG00000200184	35	4
ENSG00000200189	1	0
ENSG00000200197	1	0
ENSG00000200204	1	5
ENSG00000200211	1	0
ENSG00000200213	0	0
ENSG00000200215	0	0
ENSG00000200216	0	0
ENSG00000200217	0	0
ENSG00000200218	4	6
ENSG00000200220	0	0
ENSG00000200224	0	0
ENSG00000200225	0	0
ENSG00000200227	6	7
ENSG00000200231	0	0
ENSG00000200238	2	0
ENSG00000200246	0	0
ENSG00000200247	16	3
ENSG00000200248	0	0
ENSG00000200250	19	6
ENSG00000200253	11	11
ENSG00000200254	0	0
ENSG00000200257	125	40
ENSG00000200259	0	1
ENSG00000200267	0	0
ENSG00000200269	0	0
ENSG00000200274	0	0
ENSG00000200275	2	6
ENSG00000200278	0	0
ENSG00000200279	2	0
ENSG00000200281	346	4
ENSG00000200293	5	4
ENSG00000200295	4	1
ENSG00000200296	1	1
ENSG00000200301	3	8
ENSG00000200303	2	0
ENSG00000200310	0	0
ENSG00000200313	0	2
ENSG00000200318	0	0
ENSG00000200320	2769	756
ENSG00000200326	0	0
ENSG00000200327	0	0
ENSG00000200331	1	2
ENSG00000200336	0	0
ENSG00000200338	0	0
ENSG00000200340	0	0
ENSG00000200343	2	1
ENSG00000200345	10	12
ENSG00000200350	6	6
ENSG00000200354	33	9
ENSG00000200356	1	1
ENSG00000200360	1	1
ENSG00000200366	0	0
ENSG00000200367	0	0
ENSG00000200369	0	0
ENSG00000200370	2	1
ENSG00000200372	1	0
ENSG00000200376	8	8
ENSG00000200378	22	18
ENSG00000200381	2	1
ENSG00000200388	4	5
ENSG00000200389	12	4
ENSG00000200393	0	0
ENSG00000200394	75	38
ENSG00000200398	0	1
ENSG00000200403	14	5
ENSG00000200406	0	0
ENSG00000200407	2	4
ENSG00000200408	1	3
ENSG00000200411	0	0
ENSG00000200413	0	0
ENSG00000200418	0	0
ENSG00000200424	0	0
ENSG00000200431	0	0
ENSG00000200434	0	0
ENSG00000200437	0	0
ENSG00000200443	0	0
ENSG00000200444	2	0
ENSG00000200446	0	0
ENSG00000200455	6	5
ENSG00000200456	0	0
ENSG00000200462	0	0
ENSG00000200463	131	0
ENSG00000200468	0	0
ENSG00000200469	0	0
ENSG00000200471	0	0
ENSG00000200472	6	5
ENSG00000200473	1	3
ENSG00000200478	0	0
ENSG00000200480	0	0
ENSG00000200483	2	0
ENSG00000200484	0	0
ENSG00000200486	0	0
ENSG00000200487	15	0
ENSG00000200495	2	0
ENSG00000200503	0	0
ENSG00000200516	0	3
ENSG00000200520	23	29
ENSG00000200522	14	6
ENSG00000200525	20	13
ENSG00000200526	0	0
ENSG00000200527	0	1
ENSG00000200528	1	0
ENSG00000200530	0	0
ENSG00000200534	242	79
ENSG00000200537	15	16
ENSG00000200550	27	4
ENSG00000200554	2	6
ENSG00000200555	0	0
ENSG00000200556	61	157
ENSG00000200558	0	0
ENSG00000200560	5	3
ENSG00000200563	7	3
ENSG00000200564	0	0
ENSG00000200566	0	0
ENSG00000200571	54	16
ENSG00000200575	2	6
ENSG00000200587	34	8
ENSG00000200593	0	0
ENSG00000200594	43	15
ENSG00000200597	36	33
ENSG00000200601	0	0
ENSG00000200608	45	0
ENSG00000200612	20	0
ENSG00000200613	0	0
ENSG00000200619	0	0
ENSG00000200622	0	0
ENSG00000200623	0	0
ENSG00000200624	2	1
ENSG00000200626	0	0
ENSG00000200629	2	7
ENSG00000200632	15	1
ENSG00000200636	28	0
ENSG00000200637	6	3
ENSG00000200638	1	1
ENSG00000200645	0	0
ENSG00000200648	20	6
ENSG00000200650	6	3
ENSG00000200653	0	0
ENSG00000200656	0	0
ENSG00000200661	9	15
ENSG00000200665	121	48
ENSG00000200670	22	11
ENSG00000200673	6	8
ENSG00000200674	9	1
ENSG00000200680	1	0
ENSG00000200681	1	1
ENSG00000200683	0	5
ENSG00000200686	1	0
ENSG00000200687	0	3
ENSG00000200701	60	32
ENSG00000200703	0	0
ENSG00000200709	0	0
ENSG00000200711	2	0
ENSG00000200713	0	0
ENSG00000200718	3	0
ENSG00000200719	2	4
ENSG00000200720	0	0
ENSG00000200726	0	0
ENSG00000200728	0	0
ENSG00000200731	14	19
ENSG00000200732	2	5
ENSG00000200738	0	0
ENSG00000200745	6	14
ENSG00000200755	3	0
ENSG00000200756	2	1
ENSG00000200757	0	0
ENSG00000200759	2	4
ENSG00000200761	0	0
ENSG00000200763	0	0
ENSG00000200774	0	0
ENSG00000200779	0	0
ENSG00000200785	26	29
ENSG00000200786	0	1
ENSG00000200789	0	0
ENSG00000200790	0	0
ENSG00000200792	42	26
ENSG00000200794	21	13
ENSG00000200795	1042	115
ENSG00000200796	0	0
ENSG00000200799	9	3
ENSG00000200800	0	0
ENSG00000200801	0	0
ENSG00000200806	0	0
ENSG00000200807	0	0
ENSG00000200812	0	3
ENSG00000200815	5	0
ENSG00000200816	74	10
ENSG00000200817	0	0
ENSG00000200818	0	0
ENSG00000200823	145	1
ENSG00000200827	0	0
ENSG00000200830	10	5
ENSG00000200831	0	0
ENSG00000200839	0	0
ENSG00000200840	113	15
ENSG00000200852	0	0
ENSG00000200869	3	0
ENSG00000200871	3	0
ENSG00000200872	0	0
ENSG00000200873	0	0
ENSG00000200875	1	0
ENSG00000200877	0	0
ENSG00000200879	39	11
ENSG00000200882	55	45
ENSG00000200885	4	1
ENSG00000200887	1	0
ENSG00000200889	1	0
ENSG00000200893	18	0
ENSG00000200898	0	1
ENSG00000200902	0	0
ENSG00000200903	0	0
ENSG00000200906	2	0
ENSG00000200913	99	45
ENSG00000200914	4	7
ENSG00000200917	45	9
ENSG00000200924	22	14
ENSG00000200926	15	30
ENSG00000200935	0	0
ENSG00000200941	1	0
ENSG00000200942	28	18
ENSG00000200949	1	2
ENSG00000200957	0	0
ENSG00000200959	211	13
ENSG00000200963	0	0
ENSG00000200972	18	4
ENSG00000200974	36	9
ENSG00000200975	0	0
ENSG00000200983	154	1
ENSG00000200985	1	21
ENSG00000200986	0	0
ENSG00000200987	0	0
ENSG00000200997	0	0
ENSG00000201000	0	0
ENSG00000201001	0	0
ENSG00000201014	9	0
ENSG00000201015	0	0
ENSG00000201016	0	0
ENSG00000201021	0	0
ENSG00000201023	8	20
ENSG00000201025	77	1
ENSG00000201027	0	0
ENSG00000201028	54	29
ENSG00000201032	0	0
ENSG00000201033	0	0
ENSG00000201035	0	4
ENSG00000201041	0	0
ENSG00000201044	25	24
ENSG00000201050	0	0
ENSG00000201059	0	0
ENSG00000201065	0	0
ENSG00000201070	1	0
ENSG00000201076	12	7
ENSG00000201077	12	13
ENSG00000201085	0	1
ENSG00000201086	1	3
ENSG00000201095	0	0
ENSG00000201096	0	0
ENSG00000201097	0	0
ENSG00000201098	747	939
ENSG00000201104	8	3
ENSG00000201109	0	2
ENSG00000201113	36	24
ENSG00000201119	0	0
ENSG00000201121	11	1
ENSG00000201129	16	7
ENSG00000201135	0	0
ENSG00000201136	3	0
ENSG00000201140	20	4
ENSG00000201142	0	0
ENSG00000201143	0	0
ENSG00000201145	0	0
ENSG00000201148	4	0
ENSG00000201153	4	0
ENSG00000201155	1	1
ENSG00000201161	1	0
ENSG00000201162	1	0
ENSG00000201164	15	1
ENSG00000201165	0	0
ENSG00000201168	0	0
ENSG00000201170	0	0
ENSG00000201176	76	53
ENSG00000201179	7	6
ENSG00000201180	5	4
ENSG00000201182	1	0
ENSG00000201183	8	5
ENSG00000201184	6	2
ENSG00000201185	0	0
ENSG00000201186	11	5
ENSG00000201198	29	58
ENSG00000201201	7	5
ENSG00000201210	4	6
ENSG00000201221	34	19
ENSG00000201223	16	4
ENSG00000201229	47	79
ENSG00000201231	0	0
ENSG00000201240	3	0
ENSG00000201241	0	0
ENSG00000201242	0	0
ENSG00000201243	1	0
ENSG00000201247	0	0
ENSG00000201253	0	0
ENSG00000201255	0	0
ENSG00000201260	0	1
ENSG00000201263	22	1
ENSG00000201264	29	12
ENSG00000201270	1	0
ENSG00000201271	0	0
ENSG00000201273	0	0
ENSG00000201274	0	0
ENSG00000201285	0	0
ENSG00000201287	0	0
ENSG00000201288	1	0
ENSG00000201289	1	2
ENSG00000201291	32	32
ENSG00000201292	0	0
ENSG00000201294	22	15
ENSG00000201296	0	0
ENSG00000201298	3	8
ENSG00000201300	1	2
ENSG00000201301	0	0
ENSG00000201302	154	23
ENSG00000201312	0	0
ENSG00000201315	15	10
ENSG00000201317	18	25
ENSG00000201318	0	0
ENSG00000201321	1	3
ENSG00000201324	0	3
ENSG00000201325	0	0
ENSG00000201326	3	1
ENSG00000201330	0	0
ENSG00000201331	2	0
ENSG00000201341	12	3
ENSG00000201342	2	1
ENSG00000201347	1	2
ENSG00000201348	4	6
ENSG00000201355	2	1
ENSG00000201356	0	1
ENSG00000201358	39	30
ENSG00000201361	1	0
ENSG00000201364	5	4
ENSG00000201367	35	30
ENSG00000201372	0	3
ENSG00000201377	3	0
ENSG00000201379	0	0
ENSG00000201382	2	0
ENSG00000201386	23	0
ENSG00000201388	15	13
ENSG00000201390	71	46
ENSG00000201392	11	0
ENSG00000201394	0	0
ENSG00000201403	21	5
ENSG00000201413	0	0
ENSG00000201415	0	0
ENSG00000201420	0	0
ENSG00000201431	0	0
ENSG00000201433	7	3
ENSG00000201435	66	46
ENSG00000201436	0	0
ENSG00000201439	0	0
ENSG00000201440	0	0
ENSG00000201441	6	0
ENSG00000201443	0	0
ENSG00000201444	3	6
ENSG00000201447	0	0
ENSG00000201448	26	9
ENSG00000201452	0	0
ENSG00000201457	10	0
ENSG00000201469	1	3
ENSG00000201470	59	29
ENSG00000201476	0	0
ENSG00000201482	0	0
ENSG00000201487	0	0
ENSG00000201491	0	0
ENSG00000201492	22	14
ENSG00000201493	0	0
ENSG00000201496	1	6
ENSG00000201499	5	3
ENSG00000201512	2	1
ENSG00000201517	1	0
ENSG00000201518	0	0
ENSG00000201519	16	12
ENSG00000201523	0	0
ENSG00000201524	8	5
ENSG00000201527	0	0
ENSG00000201532	18	2
ENSG00000201544	36	29
ENSG00000201545	6	1
ENSG00000201550	17	0
ENSG00000201557	93	1
ENSG00000201558	0	0
ENSG00000201560	2	0
ENSG00000201564	22	6
ENSG00000201567	2	0
ENSG00000201569	11	0
ENSG00000201570	2	0
ENSG00000201574	9	5
ENSG00000201579	24	38
ENSG00000201586	23	27
ENSG00000201588	4	2
ENSG00000201591	0	0
ENSG00000201594	13	0
ENSG00000201595	1	1
ENSG00000201598	0	0
ENSG00000201604	0	3
ENSG00000201607	4	10
ENSG00000201608	1	0
ENSG00000201609	1	4
ENSG00000201610	1	0
ENSG00000201612	0	0
ENSG00000201613	0	0
ENSG00000201616	5	14
ENSG00000201618	0	0
ENSG00000201620	1	0
ENSG00000201622	3	1
ENSG00000201623	0	0
ENSG00000201634	0	0
ENSG00000201638	0	0
ENSG00000201641	0	0
ENSG00000201642	0	2
ENSG00000201643	9	14
ENSG00000201648	0	1
ENSG00000201649	11	6
ENSG00000201654	7	2
ENSG00000201658	0	0
ENSG00000201659	7	5
ENSG00000201662	23	3
ENSG00000201665	1	0
ENSG00000201671	0	1
ENSG00000201672	0	0
ENSG00000201675	49	12
ENSG00000201679	1	0
ENSG00000201684	30	20
ENSG00000201687	19	40
ENSG00000201689	0	0
ENSG00000201690	8	2
ENSG00000201695	0	0
ENSG00000201699	0	0
ENSG00000201700	594	14
ENSG00000201704	0	0
ENSG00000201707	3	5
ENSG00000201708	0	0
ENSG00000201709	12	0
ENSG00000201711	4	6
ENSG00000201713	0	0
ENSG00000201725	2	0
ENSG00000201727	0	0
ENSG00000201728	2	3
ENSG00000201736	34	53
ENSG00000201737	1	0
ENSG00000201742	0	0
ENSG00000201744	0	0
ENSG00000201746	11	16
ENSG00000201747	5	0
ENSG00000201752	2	0
ENSG00000201754	0	0
ENSG00000201758	0	0
ENSG00000201761	2	0
ENSG00000201763	0	0
ENSG00000201766	1	1
ENSG00000201770	0	1
ENSG00000201772	306	154
ENSG00000201775	0	0
ENSG00000201780	0	0
ENSG00000201782	0	1
ENSG00000201785	48	40
ENSG00000201789	0	0
ENSG00000201790	0	0
ENSG00000201793	45	43
ENSG00000201794	2	3
ENSG00000201796	0	0
ENSG00000201801	5	11
ENSG00000201805	0	0
ENSG00000201812	22	0
ENSG00000201813	9	6
ENSG00000201815	0	0
ENSG00000201818	62	21
ENSG00000201821	23	24
ENSG00000201822	0	2
ENSG00000201823	0	4
ENSG00000201825	0	0
ENSG00000201826	0	0
ENSG00000201831	0	0
ENSG00000201839	48	0
ENSG00000201846	0	3
ENSG00000201847	1	0
ENSG00000201852	117	62
ENSG00000201856	0	0
ENSG00000201861	4	22
ENSG00000201869	0	0
ENSG00000201875	2	0
ENSG00000201876	0	0
ENSG00000201894	0	0
ENSG00000201896	1	0
ENSG00000201899	74	2
ENSG00000201900	46	9
ENSG00000201901	18	7
ENSG00000201907	0	0
ENSG00000201909	0	0
ENSG00000201910	1	0
ENSG00000201919	0	0
ENSG00000201920	0	0
ENSG00000201922	1	0
ENSG00000201923	0	0
ENSG00000201925	2	1
ENSG00000201939	0	0
ENSG00000201942	7	4
ENSG00000201943	0	0
ENSG00000201950	108	0
ENSG00000201954	7	5
ENSG00000201955	127	31
ENSG00000201962	2	0
ENSG00000201966	0	0
ENSG00000201967	2	1
ENSG00000201968	3	0
ENSG00000201969	0	0
ENSG00000201992	0	0
ENSG00000201998	427	26
ENSG00000201999	54	32
ENSG00000202000	1	0
ENSG00000202016	1	3
ENSG00000202017	0	2
ENSG00000202024	1	0
ENSG00000202025	0	0
ENSG00000202026	0	0
ENSG00000202029	21	15
ENSG00000202031	3	3
ENSG00000202034	16	8
ENSG00000202039	0	0
ENSG00000202044	0	3
ENSG00000202047	0	5
ENSG00000202048	507	36
ENSG00000202050	0	0
ENSG00000202051	0	0
ENSG00000202054	0	1
ENSG00000202056	0	0
ENSG00000202058	82	64
ENSG00000202060	0	1
ENSG00000202063	1	3
ENSG00000202069	0	0
ENSG00000202070	0	1
ENSG00000202074	0	0
ENSG00000202081	65	34
ENSG00000202089	11	31
ENSG00000202092	0	0
ENSG00000202095	0	0
ENSG00000202103	1	0
ENSG00000202111	0	0
ENSG00000202112	0	0
ENSG00000202119	7	5
ENSG00000202124	4	6
ENSG00000202125	14	8
ENSG00000202142	93	0
ENSG00000202147	0	0
ENSG00000202150	8	1
ENSG00000202151	2	0
ENSG00000202157	0	0
ENSG00000202159	16	13
ENSG00000202160	1	0
ENSG00000202164	0	0
ENSG00000202167	0	0
ENSG00000202172	35	21
ENSG00000202174	0	0
ENSG00000202175	0	1
ENSG00000202184	100	40
ENSG00000202186	0	0
ENSG00000202188	1	0
ENSG00000202189	8	1
ENSG00000202191	368	2
ENSG00000202193	1	0
ENSG00000202198	1094350	913967
ENSG00000202199	0	0
ENSG00000202205	6	16
ENSG00000202206	1	0
ENSG00000202215	0	3
ENSG00000202225	0	1
ENSG00000202227	15	6
ENSG00000202229	2	1
ENSG00000202237	1	2
ENSG00000202239	23	11
ENSG00000202240	42	10
ENSG00000202241	0	1
ENSG00000202242	0	1
ENSG00000202245	0	0
ENSG00000202252	12	5
ENSG00000202257	4	2
ENSG00000202259	19	32
ENSG00000202261	0	0
ENSG00000202263	0	1
ENSG00000202264	0	0
ENSG00000202265	0	0
ENSG00000202270	4	0
ENSG00000202281	0	1
ENSG00000202285	0	0
ENSG00000202290	4	8
ENSG00000202293	15	3
ENSG00000202296	0	0
ENSG00000202297	17	17
ENSG00000202300	0	0
ENSG00000202304	0	0
ENSG00000202308	0	0
ENSG00000202313	0	0
ENSG00000202314	29	5
ENSG00000202317	0	0
ENSG00000202322	0	1
ENSG00000202324	0	0
ENSG00000202329	0	3
ENSG00000202331	0	0
ENSG00000202334	0	0
ENSG00000202336	0	0
ENSG00000202337	7	2
ENSG00000202339	0	0
ENSG00000202341	4	3
ENSG00000202347	60	15
ENSG00000202350	0	0
ENSG00000202351	2	2
ENSG00000202354	301	69
ENSG00000202356	4	3
ENSG00000202358	43	9
ENSG00000202363	50	0
ENSG00000202373	0	0
ENSG00000202377	0	0
ENSG00000202380	0	0
ENSG00000202383	0	1
ENSG00000202386	0	0
ENSG00000202392	29	40
ENSG00000202395	2	2
ENSG00000202398	1	1
ENSG00000202400	29	3
ENSG00000202406	0	0
ENSG00000202408	0	0
ENSG00000202411	0	1
ENSG00000202412	39	26
ENSG00000202422	0	0
ENSG00000202423	0	0
ENSG00000202427	0	0
ENSG00000202428	0	1
ENSG00000202429	16	11
ENSG00000202430	51	28
ENSG00000202431	1	0
ENSG00000202441	6	4
ENSG00000202444	35	5
ENSG00000202445	0	0
ENSG00000202468	0	0
ENSG00000202471	0	0
ENSG00000202472	0	1
ENSG00000202473	0	0
ENSG00000202474	0	0
ENSG00000202478	52	0
ENSG00000202485	1	0
ENSG00000202490	14	12
ENSG00000202491	3	0
ENSG00000202497	2	4
ENSG00000202499	0	0
ENSG00000202502	6	22
ENSG00000202503	0	0
ENSG00000202513	21	16
ENSG00000202515	1	3
ENSG00000202521	2	1
ENSG00000202526	2	1
ENSG00000202528	0	1
ENSG00000202529	0	0
ENSG00000202532	0	0
ENSG00000202534	0	0
ENSG00000202538	7942	440
ENSG00000202560	14	3
ENSG00000202566	0	0
ENSG00000202569	0	1
ENSG00000202601	0	0
ENSG00000202609	0	0
ENSG00000203280	172	150
ENSG00000203288	40	50
ENSG00000203326	982	263
ENSG00000203356	1642	834
ENSG00000203408	0	0
ENSG00000203446	784	21
ENSG00000203485	7340	8677
ENSG00000203489	58	36
ENSG00000203499	67	41
ENSG00000203506	354	168
ENSG00000203527	78	27
ENSG00000203560	0	0
ENSG00000203581	0	0
ENSG00000203585	25	15
ENSG00000203618	461	430
ENSG00000203645	63	45
ENSG00000203650	1690	1138
ENSG00000203661	0	1
ENSG00000203663	192	152
ENSG00000203666	1892	2623
ENSG00000203667	3389	3071
ENSG00000203668	2525	792
ENSG00000203684	34	20
ENSG00000203685	2420	844
ENSG00000203688	8	11
ENSG00000203697	26	46
ENSG00000203705	577	1538
ENSG00000203710	195	1243
ENSG00000203711	46	14
ENSG00000203721	73	38
ENSG00000203722	22	24
ENSG00000203727	437	188
ENSG00000203729	4	1
ENSG00000203730	119	30
ENSG00000203733	8	0
ENSG00000203734	172	165
ENSG00000203737	714	540
ENSG00000203739	1083	561
ENSG00000203740	52	112
ENSG00000203747	393	1686
ENSG00000203756	0	0
ENSG00000203757	43	7
ENSG00000203758	0	0
ENSG00000203760	157	7
ENSG00000203772	231	157
ENSG00000203778	459	1352
ENSG00000203780	359	148
ENSG00000203781	0	0
ENSG00000203782	0	0
ENSG00000203783	27	35
ENSG00000203784	0	0
ENSG00000203785	0	0
ENSG00000203786	0	0
ENSG00000203791	2505	1364
ENSG00000203795	4	1
ENSG00000203797	128	1458
ENSG00000203799	280	217
ENSG00000203801	129	67
ENSG00000203805	498	56
ENSG00000203808	686	434
ENSG00000203809	72	42
ENSG00000203811	1649	245
ENSG00000203814	6955	2111
ENSG00000203837	0	0
ENSG00000203852	4033	0
ENSG00000203857	62	66
ENSG00000203858	5	1
ENSG00000203859	54	34
ENSG00000203864	0	0
ENSG00000203865	2153	2208
ENSG00000203867	11954	38888
ENSG00000203870	11	6
ENSG00000203875	10398	3239
ENSG00000203876	599	384
ENSG00000203877	964	2
ENSG00000203879	12820	11841
ENSG00000203880	8697	7602
ENSG00000203883	1098	7711
ENSG00000203896	356	183
ENSG00000203897	0	0
ENSG00000203907	102	7
ENSG00000203908	19	1
ENSG00000203909	10	0
ENSG00000203914	0	0
ENSG00000203923	0	0
ENSG00000203926	0	0
ENSG00000203930	7141	22194
ENSG00000203943	170	77
ENSG00000203950	1514	2684
ENSG00000203952	108	77
ENSG00000203965	1182	355
ENSG00000203970	0	0
ENSG00000203972	0	0
ENSG00000203985	62	59
ENSG00000203989	0	0
ENSG00000203993	871	1300
ENSG00000203995	143	44
ENSG00000203999	460	319
ENSG00000204001	0	1
ENSG00000204007	0	0
ENSG00000204010	97	37
ENSG00000204019	0	0
ENSG00000204020	12	14
ENSG00000204021	0	0
ENSG00000204022	7	4
ENSG00000204025	3	1
ENSG00000204033	0	1
ENSG00000204044	5	9
ENSG00000204052	45	243
ENSG00000204060	274	346
ENSG00000204065	44	7
ENSG00000204070	1386	2875
ENSG00000204084	2577	3916
ENSG00000204086	79	68
ENSG00000204091	17	0
ENSG00000204099	95	20
ENSG00000204103	438	4139
ENSG00000204104	1238	1080
ENSG00000204113	325	214
ENSG00000204116	2495	2179
ENSG00000204120	9001	9178
ENSG00000204130	3245	1777
ENSG00000204131	1890	3853
ENSG00000204136	305	659
ENSG00000204138	4518	4730
ENSG00000204140	0	0
ENSG00000204147	596	444
ENSG00000204148	0	0
ENSG00000204149	2440	1191
ENSG00000204152	1497	2252
ENSG00000204160	1408	2964
ENSG00000204161	94	1384
ENSG00000204172	522	438
ENSG00000204174	5	13
ENSG00000204175	280	198
ENSG00000204176	1136	1793
ENSG00000204178	1963	1675
ENSG00000204179	1104	1261
ENSG00000204186	830	1212
ENSG00000204193	1	3
ENSG00000204195	25	25
ENSG00000204209	1966	2355
ENSG00000204217	22396	20899
ENSG00000204219	5326	4502
ENSG00000204220	824	1030
ENSG00000204227	2133	2996
ENSG00000204228	183	689
ENSG00000204231	3193	4389
ENSG00000204237	499	551
ENSG00000204241	119	112
ENSG00000204246	0	1
ENSG00000204248	1431	216
ENSG00000204250	25	7
ENSG00000204252	282	814
ENSG00000204256	14830	16083
ENSG00000204257	252	2053
ENSG00000204261	121	307
ENSG00000204262	4907	3888
ENSG00000204264	1000	1198
ENSG00000204267	3892	4636
ENSG00000204271	5651	865
ENSG00000204272	1555	1541
ENSG00000204277	35	14
ENSG00000204278	1	1
ENSG00000204279	0	0
ENSG00000204283	10	31
ENSG00000204287	1590	8725
ENSG00000204290	133	4
ENSG00000204291	7998	24930
ENSG00000204296	304	8
ENSG00000204300	6	1
ENSG00000204301	2664	6208
ENSG00000204304	7263	5976
ENSG00000204305	457	267
ENSG00000204308	2466	5184
ENSG00000204310	4768	7729
ENSG00000204311	412	86
ENSG00000204314	571	206
ENSG00000204315	157	144
ENSG00000204316	1870	5906
ENSG00000204323	282	1237
ENSG00000204334	59	150
ENSG00000204335	2	32
ENSG00000204344	618	715
ENSG00000204345	59	58
ENSG00000204347	17	4
ENSG00000204348	888	1039
ENSG00000204356	2611	4056
ENSG00000204361	14	6
ENSG00000204362	0	2
ENSG00000204363	0	0
ENSG00000204366	1469	534
ENSG00000204370	3597	13224
ENSG00000204371	5067	2270
ENSG00000204379	0	0
ENSG00000204380	379	94
ENSG00000204381	222	414
ENSG00000204382	1	0
ENSG00000204385	17	27
ENSG00000204386	1195	2868
ENSG00000204387	4261	1590
ENSG00000204388	7794	41357
ENSG00000204389	14531	63144
ENSG00000204390	188	149
ENSG00000204392	1039	980
ENSG00000204393	2	2
ENSG00000204394	4744	5873
ENSG00000204396	160	2048
ENSG00000204397	112	93
ENSG00000204406	11351	3922
ENSG00000204410	1315	384
ENSG00000204414	1	0
ENSG00000204420	123	160
ENSG00000204421	2	5
ENSG00000204424	0	4
ENSG00000204427	1378	2331
ENSG00000204428	86	91
ENSG00000204435	5005	6177
ENSG00000204438	1056	1743
ENSG00000204442	201	71
ENSG00000204444	98	132
ENSG00000204446	107	5
ENSG00000204449	0	0
ENSG00000204450	0	0
ENSG00000204455	0	0
ENSG00000204460	4	5
ENSG00000204463	11514	35023
ENSG00000204464	54	47
ENSG00000204469	32151	45497
ENSG00000204472	93	484
ENSG00000204475	0	11
ENSG00000204478	4	0
ENSG00000204479	3	4
ENSG00000204480	56	14
ENSG00000204481	0	0
ENSG00000204482	423	452
ENSG00000204498	1057	1324
ENSG00000204501	0	0
ENSG00000204505	32	17
ENSG00000204510	0	0
ENSG00000204511	9	11
ENSG00000204514	7038	4282
ENSG00000204516	85	273
ENSG00000204518	1	0
ENSG00000204519	1856	1080
ENSG00000204520	1323	1254
ENSG00000204524	3302	4280
ENSG00000204525	2654	29173
ENSG00000204531	214	184
ENSG00000204532	0	2
ENSG00000204536	1258	1128
ENSG00000204538	0	10
ENSG00000204539	0	36
ENSG00000204540	37	332
ENSG00000204544	42	46
ENSG00000204548	0	0
ENSG00000204555	0	0
ENSG00000204560	2028	3738
ENSG00000204568	2092	8067
ENSG00000204569	6812	5112
ENSG00000204571	41	9
ENSG00000204572	7	0
ENSG00000204574	3439	6276
ENSG00000204576	2797	893
ENSG00000204577	98	537
ENSG00000204580	1579	4299
ENSG00000204581	103	27
ENSG00000204583	2	3
ENSG00000204588	179	39
ENSG00000204590	3087	2968
ENSG00000204592	9775	40040
ENSG00000204595	1	2
ENSG00000204599	754	1279
ENSG00000204603	145	49
ENSG00000204604	620	315
ENSG00000204610	14	0
ENSG00000204611	1351	291
ENSG00000204612	0	0
ENSG00000204613	23	5
ENSG00000204614	0	1
ENSG00000204616	37	23
ENSG00000204618	127	52
ENSG00000204619	1653	4945
ENSG00000204624	968	32
ENSG00000204625	62	140
ENSG00000204628	81441	30779
ENSG00000204632	4	6
ENSG00000204634	2865	7525
ENSG00000204640	0	0
ENSG00000204642	368	2188
ENSG00000204644	18	650
ENSG00000204653	84	53
ENSG00000204655	97	366
ENSG00000204657	327	185
ENSG00000204658	0	0
ENSG00000204659	56	12
ENSG00000204671	1	0
ENSG00000204673	3715	6171
ENSG00000204677	872	779
ENSG00000204681	8560	3452
ENSG00000204682	2496	324
ENSG00000204687	1	0
ENSG00000204688	0	0
ENSG00000204694	196	105
ENSG00000204695	1269	608
ENSG00000204697	0	0
ENSG00000204699	1	0
ENSG00000204700	17	15
ENSG00000204701	46	24
ENSG00000204702	0	0
ENSG00000204703	0	0
ENSG00000204704	0	0
ENSG00000204705	8	1
ENSG00000204706	139	247
ENSG00000204710	0	5
ENSG00000204711	4	7
ENSG00000204713	4718	3810
ENSG00000204718	0	0
ENSG00000204740	234	62
ENSG00000204754	34	21
ENSG00000204758	83	72
ENSG00000204764	1884	845
ENSG00000204767	97	155
ENSG00000204779	176	66
ENSG00000204792	1088	8
ENSG00000204802	230	149
ENSG00000204815	126	92
ENSG00000204822	650	2749
ENSG00000204832	175	276
ENSG00000204839	171	145
ENSG00000204842	10508	12247
ENSG00000204843	9942	27833
ENSG00000204849	0	0
ENSG00000204851	538	283
ENSG00000204852	2365	1977
ENSG00000204856	1689	556
ENSG00000204859	1207	1205
ENSG00000204866	102	49
ENSG00000204869	2364	1190
ENSG00000204873	0	0
ENSG00000204880	0	0
ENSG00000204882	11	154
ENSG00000204887	1	0
ENSG00000204889	7	10
ENSG00000204897	0	4
ENSG00000204899	995	608
ENSG00000204904	34	47
ENSG00000204909	310	71
ENSG00000204913	10	20
ENSG00000204918	0	0
ENSG00000204919	0	0
ENSG00000204920	705	442
ENSG00000204922	495	673
ENSG00000204923	382	304
ENSG00000204928	21	145
ENSG00000204930	33	74
ENSG00000204934	102	330
ENSG00000204936	6	903
ENSG00000204941	28	19
ENSG00000204946	2273	1293
ENSG00000204947	302	259
ENSG00000204949	39	32
ENSG00000204950	37	90
ENSG00000204952	10	2
ENSG00000204956	182	830
ENSG00000204960	92	51
ENSG00000204961	423	128
ENSG00000204962	100	2
ENSG00000204963	60	12
ENSG00000204965	130	27
ENSG00000204967	1573	797
ENSG00000204969	79	2
ENSG00000204970	3	0
ENSG00000204977	6700	2313
ENSG00000204978	29	121
ENSG00000204979	0	0
ENSG00000204982	0	0
ENSG00000204983	12	445
ENSG00000204989	0	0
ENSG00000204991	1108	357
ENSG00000204993	4	1
ENSG00000205002	88	27
ENSG00000205015	3	0
ENSG00000205022	9	15
ENSG00000205025	0	0
ENSG00000205029	0	0
ENSG00000205030	0	0
ENSG00000205038	787	1760
ENSG00000205045	2455	1460
ENSG00000205054	71	14
ENSG00000205057	1	0
ENSG00000205060	3076	1235
ENSG00000205076	2	0
ENSG00000205078	30	31
ENSG00000205084	1531	1465
ENSG00000205085	939	1178
ENSG00000205086	302	173
ENSG00000205089	48	87
ENSG00000205090	383	183
ENSG00000205097	15	9
ENSG00000205111	79	55
ENSG00000205116	174	147
ENSG00000205126	3	1
ENSG00000205133	8434	1204
ENSG00000205138	402	758
ENSG00000205143	24	3
ENSG00000205155	597	1531
ENSG00000205174	1	0
ENSG00000205181	356	1745
ENSG00000205184	0	0
ENSG00000205186	1	2
ENSG00000205189	7496	4201
ENSG00000205209	515	620
ENSG00000205213	2794	5572
ENSG00000205220	630	1292
ENSG00000205221	35	1192
ENSG00000205231	2	8
ENSG00000205238	2595	1379
ENSG00000205240	2	2
ENSG00000205250	1992	3842
ENSG00000205267	0	0
ENSG00000205268	3886	6710
ENSG00000205269	1270	1603
ENSG00000205274	78	41
ENSG00000205277	1	358
ENSG00000205279	0	0
ENSG00000205293	25	24
ENSG00000205301	0	0
ENSG00000205302	3426	1805
ENSG00000205307	87	61
ENSG00000205309	390	571
ENSG00000205318	6	18
ENSG00000205323	1364	1214
ENSG00000205327	0	2
ENSG00000205328	0	0
ENSG00000205329	0	0
ENSG00000205330	0	0
ENSG00000205331	0	0
ENSG00000205333	3	6
ENSG00000205334	174	684
ENSG00000205336	931	6331
ENSG00000205339	18897	15206
ENSG00000205352	3009	4885
ENSG00000205356	1289	2676
ENSG00000205358	3	3
ENSG00000205359	2	1
ENSG00000205362	73	448
ENSG00000205363	300	7362
ENSG00000205364	29	405
ENSG00000205396	0	2
ENSG00000205403	296	927
ENSG00000205409	0	0
ENSG00000205413	1316	201
ENSG00000205420	96	98
ENSG00000205423	976	1424
ENSG00000205426	0	3
ENSG00000205436	103	59
ENSG00000205439	0	1
ENSG00000205442	0	0
ENSG00000205445	0	1
ENSG00000205456	59	27
ENSG00000205457	0	0
ENSG00000205476	3278	6598
ENSG00000205482	330	209
ENSG00000205494	0	0
ENSG00000205495	0	0
ENSG00000205496	0	0
ENSG00000205497	1	0
ENSG00000205500	115	128
ENSG00000205502	42	373
ENSG00000205517	66	925
ENSG00000205531	6601	10499
ENSG00000205542	5510	24643
ENSG00000205544	626	936
ENSG00000205559	306	144
ENSG00000205560	2729	40242
ENSG00000205562	83	117
ENSG00000205571	3326	2000
ENSG00000205572	816	1145
ENSG00000205581	9130	3831
ENSG00000205592	37	10
ENSG00000205593	513	299
ENSG00000205609	2724	3579
ENSG00000205628	622	331
ENSG00000205629	1245	2281
ENSG00000205632	3	6
ENSG00000205634	54	1
ENSG00000205636	5	1
ENSG00000205639	118	82
ENSG00000205642	2	8
ENSG00000205643	499	406
ENSG00000205649	170	74
ENSG00000205659	838	1132
ENSG00000205667	0	1
ENSG00000205669	57	62
ENSG00000205670	1434	1452
ENSG00000205678	6466	31436
ENSG00000205683	3865	12265
ENSG00000205693	70	29
ENSG00000205696	31	1
ENSG00000205704	21	1
ENSG00000205707	992	1941
ENSG00000205718	0	0
ENSG00000205726	4664	4486
ENSG00000205730	7614	7257
ENSG00000205744	167	193
ENSG00000205746	6090	3012
ENSG00000205755	2	12
ENSG00000205758	2169	1402
ENSG00000205765	3202	3201
ENSG00000205777	181	71
ENSG00000205784	18	40
ENSG00000205786	325	237
ENSG00000205790	100	140
ENSG00000205791	87	54
ENSG00000205795	200	406
ENSG00000205808	656	536
ENSG00000205809	8	6
ENSG00000205810	2	4
ENSG00000205835	0	57
ENSG00000205837	9	15
ENSG00000205838	276	117
ENSG00000205846	2	0
ENSG00000205853	249	108
ENSG00000205857	9	6
ENSG00000205858	2	0
ENSG00000205861	73	123
ENSG00000205863	24	12
ENSG00000205864	0	0
ENSG00000205865	0	0
ENSG00000205866	0	0
ENSG00000205867	3	0
ENSG00000205869	48	63
ENSG00000205871	8	4
ENSG00000205882	2	0
ENSG00000205883	1	0
ENSG00000205884	0	0
ENSG00000205885	1085	798
ENSG00000205897	0	2
ENSG00000205899	5	1
ENSG00000205903	3526	3737
ENSG00000205913	387	156
ENSG00000205916	0	0
ENSG00000205918	1534	1130
ENSG00000205922	210	106
ENSG00000205923	0	0
ENSG00000205927	21	0
ENSG00000205936	1	34
ENSG00000205937	7318	11055
ENSG00000205940	145	204
ENSG00000205944	0	0
ENSG00000205946	116	10
ENSG00000205978	4652	3804
ENSG00000205981	1605	2964
ENSG00000205989	19	2
ENSG00000206013	11	15
ENSG00000206014	22	11
ENSG00000206026	20	4
ENSG00000206034	20	2
ENSG00000206042	0	0
ENSG00000206047	15	0
ENSG00000206052	330	491
ENSG00000206053	3851	3833
ENSG00000206069	0	1
ENSG00000206072	6	7
ENSG00000206073	1	0
ENSG00000206075	10	5
ENSG00000206077	2232	2321
ENSG00000206102	0	0
ENSG00000206104	0	0
ENSG00000206105	0	0
ENSG00000206106	0	0
ENSG00000206107	0	0
ENSG00000206113	43	7
ENSG00000206127	87	100
ENSG00000206140	94	71
ENSG00000206142	58	10
ENSG00000206147	0	0
ENSG00000206150	13	0
ENSG00000206172	38	63
ENSG00000206177	61	3
ENSG00000206178	0	0
ENSG00000206181	321	140
ENSG00000206187	314	124
ENSG00000206190	2814	1086
ENSG00000206195	6491	236
ENSG00000206199	303	141
ENSG00000206203	0	0
ENSG00000206260	18	16
ENSG00000206262	504	216
ENSG00000206337	487	1565
ENSG00000206344	252	210
ENSG00000206384	2506	1332
ENSG00000206418	3140	10838
ENSG00000206422	2	2
ENSG00000206432	233	249
ENSG00000206448	9	20
ENSG00000206474	0	0
ENSG00000206503	7426	34568
ENSG00000206527	2910	2828
ENSG00000206530	3071	223
ENSG00000206531	19	3
ENSG00000206535	333	213
ENSG00000206536	0	0
ENSG00000206538	958	2105
ENSG00000206552	37	1
ENSG00000206557	78	44
ENSG00000206559	283	150
ENSG00000206560	4260	2991
ENSG00000206561	2129	3904
ENSG00000206562	2006	1092
ENSG00000206573	3283	1569
ENSG00000206579	569	933
ENSG00000206583	11	17
ENSG00000206585	10656	588
ENSG00000206587	0	1
ENSG00000206588	20829	2192
ENSG00000206589	10	2
ENSG00000206590	1	0
ENSG00000206593	2	1
ENSG00000206595	12	13
ENSG00000206596	20829	2192
ENSG00000206597	288	52
ENSG00000206598	0	0
ENSG00000206599	1	5
ENSG00000206600	1	1
ENSG00000206601	8	6
ENSG00000206602	0	0
ENSG00000206603	15	10
ENSG00000206604	22	9
ENSG00000206605	9	10
ENSG00000206606	0	0
ENSG00000206609	12	25
ENSG00000206611	0	0
ENSG00000206612	91	44
ENSG00000206613	9	4
ENSG00000206614	0	0
ENSG00000206615	11	2
ENSG00000206616	0	0
ENSG00000206617	2	2
ENSG00000206618	0	0
ENSG00000206620	0	0
ENSG00000206621	0	0
ENSG00000206622	5	1
ENSG00000206623	16	13
ENSG00000206624	0	0
ENSG00000206625	42	41
ENSG00000206627	31	13
ENSG00000206629	12	2
ENSG00000206630	0	0
ENSG00000206631	6	2
ENSG00000206633	12	6
ENSG00000206634	66	14
ENSG00000206635	16	12
ENSG00000206637	0	0
ENSG00000206638	14	13
ENSG00000206641	0	0
ENSG00000206644	18	13
ENSG00000206650	39	70
ENSG00000206652	20829	2192
ENSG00000206654	23	33
ENSG00000206656	0	0
ENSG00000206658	0	0
ENSG00000206665	0	0
ENSG00000206671	0	0
ENSG00000206674	6	2
ENSG00000206675	2	0
ENSG00000206678	1	0
ENSG00000206680	42	16
ENSG00000206681	0	2
ENSG00000206684	5	0
ENSG00000206685	2	18
ENSG00000206686	0	4
ENSG00000206687	21	23
ENSG00000206688	6	12
ENSG00000206693	0	0
ENSG00000206695	0	0
ENSG00000206697	0	0
ENSG00000206698	17	2
ENSG00000206700	37	13
ENSG00000206701	0	6
ENSG00000206703	4	11
ENSG00000206708	2	0
ENSG00000206709	0	0
ENSG00000206710	2	0
ENSG00000206712	25	1
ENSG00000206715	36	8
ENSG00000206716	0	0
ENSG00000206718	0	0
ENSG00000206722	1	1
ENSG00000206723	7	5
ENSG00000206724	0	2
ENSG00000206725	6	1
ENSG00000206726	0	0
ENSG00000206727	40	38
ENSG00000206729	0	0
ENSG00000206730	0	0
ENSG00000206732	34	10
ENSG00000206733	1	0
ENSG00000206737	20829	2192
ENSG00000206743	19	7
ENSG00000206744	0	0
ENSG00000206745	0	0
ENSG00000206746	5	1
ENSG00000206747	3	1
ENSG00000206749	0	0
ENSG00000206752	0	0
ENSG00000206754	64	45
ENSG00000206755	33	20
ENSG00000206758	0	0
ENSG00000206759	8	8
ENSG00000206760	17	0
ENSG00000206762	9	3
ENSG00000206763	20	3
ENSG00000206764	1	7
ENSG00000206765	0	0
ENSG00000206766	30	14
ENSG00000206767	0	0
ENSG00000206769	0	0
ENSG00000206772	0	2
ENSG00000206774	0	0
ENSG00000206775	6	9
ENSG00000206777	0	0
ENSG00000206778	5	0
ENSG00000206780	0	0
ENSG00000206782	0	0
ENSG00000206785	5	0
ENSG00000206786	25	2
ENSG00000206787	0	0
ENSG00000206788	0	0
ENSG00000206791	16	3
ENSG00000206796	0	0
ENSG00000206799	0	0
ENSG00000206800	0	0
ENSG00000206801	0	0
ENSG00000206802	0	0
ENSG00000206803	0	0
ENSG00000206804	0	0
ENSG00000206807	0	2
ENSG00000206811	212	66
ENSG00000206812	3	1
ENSG00000206815	3	0
ENSG00000206818	0	0
ENSG00000206819	17	15
ENSG00000206820	0	2
ENSG00000206826	0	0
ENSG00000206827	1	0
ENSG00000206828	27	2
ENSG00000206833	0	2
ENSG00000206834	0	0
ENSG00000206835	1	0
ENSG00000206836	0	0
ENSG00000206838	168	107
ENSG00000206839	1	0
ENSG00000206841	0	0
ENSG00000206842	0	0
ENSG00000206843	0	2
ENSG00000206845	2	0
ENSG00000206848	7	2
ENSG00000206852	21	6
ENSG00000206855	17	4
ENSG00000206857	0	0
ENSG00000206859	28	49
ENSG00000206863	6	2
ENSG00000206864	0	0
ENSG00000206866	0	0
ENSG00000206867	0	0
ENSG00000206869	2	1
ENSG00000206870	0	0
ENSG00000206871	0	0
ENSG00000206875	10	5
ENSG00000206877	0	0
ENSG00000206880	11	9
ENSG00000206881	34	24
ENSG00000206882	0	0
ENSG00000206885	0	0
ENSG00000206887	6	5
ENSG00000206888	11	10
ENSG00000206889	2	0
ENSG00000206891	0	0
ENSG00000206892	7	5
ENSG00000206896	0	0
ENSG00000206897	8	1
ENSG00000206899	0	0
ENSG00000206900	1	0
ENSG00000206903	7	4
ENSG00000206906	0	0
ENSG00000206907	26	2
ENSG00000206908	5	1
ENSG00000206909	0	0
ENSG00000206910	0	0
ENSG00000206915	0	0
ENSG00000206917	0	0
ENSG00000206918	0	0
ENSG00000206920	0	0
ENSG00000206921	0	0
ENSG00000206922	2	0
ENSG00000206923	3	4
ENSG00000206924	8	3
ENSG00000206926	8	4
ENSG00000206931	2	0
ENSG00000206932	42	41
ENSG00000206935	22	44
ENSG00000206936	12	5
ENSG00000206937	13	11
ENSG00000206938	6	11
ENSG00000206939	0	0
ENSG00000206941	9	14
ENSG00000206944	0	3
ENSG00000206947	0	0
ENSG00000206948	15	0
ENSG00000206949	2	1
ENSG00000206954	30	15
ENSG00000206960	0	0
ENSG00000206962	28	14
ENSG00000206963	1	0
ENSG00000206965	42	41
ENSG00000206969	1	0
ENSG00000206970	0	0
ENSG00000206972	2	0
ENSG00000206973	0	0
ENSG00000206974	0	0
ENSG00000206975	2	0
ENSG00000206979	0	0
ENSG00000206980	0	0
ENSG00000206981	1	4
ENSG00000206983	0	0
ENSG00000206985	42	29
ENSG00000206989	0	0
ENSG00000206991	10	2
ENSG00000206992	15	12
ENSG00000206996	0	0
ENSG00000206997	3	18
ENSG00000206999	0	0
ENSG00000207000	1	6
ENSG00000207001	36	4
ENSG00000207003	36	40
ENSG00000207004	1	4
ENSG00000207005	20829	2192
ENSG00000207007	4	3
ENSG00000207008	184	152
ENSG00000207010	0	0
ENSG00000207013	0	0
ENSG00000207014	40	38
ENSG00000207016	0	1
ENSG00000207019	0	2
ENSG00000207023	7	5
ENSG00000207026	0	0
ENSG00000207029	0	4
ENSG00000207031	32	43
ENSG00000207033	0	0
ENSG00000207036	16	10
ENSG00000207037	1	1
ENSG00000207041	42	41
ENSG00000207042	17	6
ENSG00000207044	16	13
ENSG00000207045	15	1
ENSG00000207046	4	0
ENSG00000207047	2	0
ENSG00000207051	76	1
ENSG00000207052	11	11
ENSG00000207053	7	12
ENSG00000207056	0	0
ENSG00000207058	0	0
ENSG00000207060	0	0
ENSG00000207062	5	0
ENSG00000207063	33	17
ENSG00000207065	0	0
ENSG00000207067	9	0
ENSG00000207068	1	0
ENSG00000207071	0	0
ENSG00000207072	0	3
ENSG00000207076	0	0
ENSG00000207077	1	0
ENSG00000207081	3	1
ENSG00000207082	77	51
ENSG00000207083	0	0
ENSG00000207087	5	19
ENSG00000207088	154	103
ENSG00000207089	0	0
ENSG00000207090	3	6
ENSG00000207093	34	19
ENSG00000207095	0	0
ENSG00000207097	0	0
ENSG00000207099	153	0
ENSG00000207104	0	0
ENSG00000207109	16	7
ENSG00000207110	39	12
ENSG00000207112	0	0
ENSG00000207113	2	3
ENSG00000207114	0	0
ENSG00000207115	0	0
ENSG00000207116	1	0
ENSG00000207118	2	2
ENSG00000207121	0	0
ENSG00000207122	0	0
ENSG00000207124	0	0
ENSG00000207128	6	4
ENSG00000207129	0	0
ENSG00000207133	2	3
ENSG00000207134	3	3
ENSG00000207135	2	0
ENSG00000207136	12	15
ENSG00000207137	0	1
ENSG00000207138	0	0
ENSG00000207144	16	11
ENSG00000207145	27	0
ENSG00000207149	0	0
ENSG00000207150	0	0
ENSG00000207153	0	0
ENSG00000207154	3	6
ENSG00000207155	1	8
ENSG00000207156	0	0
ENSG00000207157	0	0
ENSG00000207158	0	0
ENSG00000207160	18	0
ENSG00000207162	13	11
ENSG00000207163	1	12
ENSG00000207165	426	133
ENSG00000207166	154	4
ENSG00000207167	0	4
ENSG00000207168	2	0
ENSG00000207169	1	1
ENSG00000207170	4	0
ENSG00000207172	10	2
ENSG00000207174	36	30
ENSG00000207175	13	5
ENSG00000207178	0	0
ENSG00000207180	0	0
ENSG00000207181	48	24
ENSG00000207182	1	0
ENSG00000207183	2	0
ENSG00000207185	27	22
ENSG00000207186	2	4
ENSG00000207187	22	13
ENSG00000207190	20	4
ENSG00000207191	2	3
ENSG00000207192	0	0
ENSG00000207194	23	7
ENSG00000207197	0	3
ENSG00000207198	1	2
ENSG00000207200	5	4
ENSG00000207201	0	1
ENSG00000207202	10	4
ENSG00000207203	4	0
ENSG00000207204	0	0
ENSG00000207205	17	12
ENSG00000207206	2	0
ENSG00000207208	0	3
ENSG00000207214	0	0
ENSG00000207215	12	3
ENSG00000207217	86	58
ENSG00000207220	0	0
ENSG00000207221	1	10
ENSG00000207222	0	0
ENSG00000207225	0	0
ENSG00000207227	0	0
ENSG00000207233	202	64
ENSG00000207234	30	7
ENSG00000207237	5	1
ENSG00000207241	1	7
ENSG00000207242	0	0
ENSG00000207245	0	0
ENSG00000207248	34	17
ENSG00000207251	5	4
ENSG00000207255	0	0
ENSG00000207256	1	0
ENSG00000207257	1	0
ENSG00000207260	2	1
ENSG00000207261	1	0
ENSG00000207263	5	11
ENSG00000207264	2	0
ENSG00000207266	1	3
ENSG00000207267	16	14
ENSG00000207268	0	0
ENSG00000207269	0	0
ENSG00000207270	5	0
ENSG00000207274	43	2
ENSG00000207275	0	0
ENSG00000207276	3	3
ENSG00000207277	0	0
ENSG00000207278	0	0
ENSG00000207279	8	2
ENSG00000207280	0	0
ENSG00000207287	0	0
ENSG00000207289	0	2
ENSG00000207291	1	10
ENSG00000207295	7	1
ENSG00000207296	0	0
ENSG00000207297	5	3
ENSG00000207298	8	11
ENSG00000207304	158	199
ENSG00000207306	0	0
ENSG00000207307	1	0
ENSG00000207308	11	2
ENSG00000207309	0	0
ENSG00000207310	18	9
ENSG00000207312	0	0
ENSG00000207313	39	30
ENSG00000207318	0	0
ENSG00000207321	0	0
ENSG00000207322	3	0
ENSG00000207323	0	0
ENSG00000207325	53	11
ENSG00000207327	8	10
ENSG00000207328	0	0
ENSG00000207330	0	0
ENSG00000207331	0	0
ENSG00000207332	0	0
ENSG00000207333	18	2
ENSG00000207334	2	0
ENSG00000207336	42	5
ENSG00000207338	1	3
ENSG00000207340	34	13
ENSG00000207341	0	0
ENSG00000207343	0	0
ENSG00000207344	34	23
ENSG00000207345	3	4
ENSG00000207347	2	7
ENSG00000207349	7	0
ENSG00000207352	37	8
ENSG00000207355	8	4
ENSG00000207357	42	41
ENSG00000207359	8	9
ENSG00000207360	1	0
ENSG00000207361	0	0
ENSG00000207362	19	20
ENSG00000207364	0	0
ENSG00000207366	0	0
ENSG00000207367	0	0
ENSG00000207369	11	1
ENSG00000207375	8	10
ENSG00000207378	10	0
ENSG00000207381	0	0
ENSG00000207385	19	6
ENSG00000207389	20829	2192
ENSG00000207392	42	11
ENSG00000207393	11	7
ENSG00000207394	0	0
ENSG00000207397	1	0
ENSG00000207399	26	6
ENSG00000207402	8	3
ENSG00000207405	58	0
ENSG00000207406	2	0
ENSG00000207412	14	9
ENSG00000207414	0	0
ENSG00000207415	0	0
ENSG00000207422	0	0
ENSG00000207428	20	0
ENSG00000207433	0	0
ENSG00000207434	0	0
ENSG00000207435	0	0
ENSG00000207440	15	7
ENSG00000207441	0	0
ENSG00000207442	21	19
ENSG00000207443	0	0
ENSG00000207444	25	3
ENSG00000207445	979	428
ENSG00000207448	0	2
ENSG00000207449	13	1
ENSG00000207451	11	9
ENSG00000207452	19	8
ENSG00000207453	0	0
ENSG00000207454	0	4
ENSG00000207455	36	36
ENSG00000207456	1	0
ENSG00000207457	21	9
ENSG00000207458	2	1
ENSG00000207459	1	0
ENSG00000207460	0	0
ENSG00000207461	0	0
ENSG00000207462	0	0
ENSG00000207468	36	36
ENSG00000207472	0	0
ENSG00000207474	0	0
ENSG00000207475	55	18
ENSG00000207476	0	0
ENSG00000207483	0	0
ENSG00000207486	0	0
ENSG00000207490	16	10
ENSG00000207492	0	0
ENSG00000207493	32	36
ENSG00000207495	0	0
ENSG00000207496	218	44
ENSG00000207500	0	0
ENSG00000207501	10	14
ENSG00000207504	0	0
ENSG00000207505	8	0
ENSG00000207507	42	41
ENSG00000207508	25	35
ENSG00000207511	0	0
ENSG00000207513	20829	2192
ENSG00000207515	0	0
ENSG00000207516	1	0
ENSG00000207518	10	2
ENSG00000207523	119	37
ENSG00000207524	25	282
ENSG00000207546	170	147
ENSG00000207547	26	3
ENSG00000207548	0	0
ENSG00000207549	0	0
ENSG00000207550	0	1
ENSG00000207551	4	1
ENSG00000207552	1	0
ENSG00000207554	106	65
ENSG00000207559	1	0
ENSG00000207561	40	152
ENSG00000207562	0	0
ENSG00000207563	5	7
ENSG00000207568	0	0
ENSG00000207569	0	0
ENSG00000207571	0	0
ENSG00000207573	2	0
ENSG00000207574	12	13
ENSG00000207575	0	0
ENSG00000207577	0	0
ENSG00000207578	0	0
ENSG00000207579	0	0
ENSG00000207580	0	0
ENSG00000207581	6	4
ENSG00000207582	7	7
ENSG00000207583	13	33
ENSG00000207585	0	0
ENSG00000207586	0	0
ENSG00000207587	14	2
ENSG00000207588	16	15
ENSG00000207589	0	0
ENSG00000207590	30	11
ENSG00000207594	0	0
ENSG00000207595	28	9
ENSG00000207597	0	0
ENSG00000207598	0	1
ENSG00000207599	0	0
ENSG00000207600	4	0
ENSG00000207604	0	0
ENSG00000207605	0	0
ENSG00000207606	7	9
ENSG00000207607	0	0
ENSG00000207608	0	0
ENSG00000207609	22	18
ENSG00000207611	4	4
ENSG00000207612	83	44
ENSG00000207613	0	0
ENSG00000207614	0	3
ENSG00000207615	0	0
ENSG00000207616	0	0
ENSG00000207617	0	0
ENSG00000207619	3	0
ENSG00000207620	0	0
ENSG00000207622	34	16
ENSG00000207624	9	9
ENSG00000207625	0	0
ENSG00000207626	18	8
ENSG00000207627	59	11
ENSG00000207628	3	2
ENSG00000207629	0	0
ENSG00000207630	0	0
ENSG00000207631	6	5
ENSG00000207632	0	0
ENSG00000207633	12	5
ENSG00000207634	0	0
ENSG00000207635	5	3
ENSG00000207637	0	0
ENSG00000207638	12	3
ENSG00000207639	1	1
ENSG00000207641	0	0
ENSG00000207642	21	45
ENSG00000207644	0	0
ENSG00000207645	0	0
ENSG00000207646	9	2
ENSG00000207647	0	0
ENSG00000207649	0	0
ENSG00000207650	90	102
ENSG00000207651	6	4
ENSG00000207652	0	0
ENSG00000207653	16	1
ENSG00000207654	4	3
ENSG00000207656	0	0
ENSG00000207688	143	49
ENSG00000207689	1	0
ENSG00000207691	0	0
ENSG00000207692	0	0
ENSG00000207693	0	0
ENSG00000207695	0	0
ENSG00000207696	1	6
ENSG00000207697	38	21
ENSG00000207698	7	9
ENSG00000207699	0	0
ENSG00000207701	26	6
ENSG00000207702	0	0
ENSG00000207703	0	0
ENSG00000207704	71	52
ENSG00000207705	0	0
ENSG00000207706	0	0
ENSG00000207708	0	0
ENSG00000207711	0	0
ENSG00000207712	2	0
ENSG00000207713	0	0
ENSG00000207714	0	0
ENSG00000207716	0	0
ENSG00000207717	1	0
ENSG00000207719	31	36
ENSG00000207721	68	15
ENSG00000207722	0	0
ENSG00000207725	0	0
ENSG00000207726	4	2
ENSG00000207728	0	0
ENSG00000207729	1	1
ENSG00000207730	0	0
ENSG00000207731	0	0
ENSG00000207732	1	1
ENSG00000207734	0	0
ENSG00000207735	0	0
ENSG00000207736	3	3
ENSG00000207737	19	3
ENSG00000207738	0	0
ENSG00000207739	11	2
ENSG00000207741	21	19
ENSG00000207742	0	0
ENSG00000207743	1	0
ENSG00000207744	0	0
ENSG00000207746	19	8
ENSG00000207749	8	4
ENSG00000207750	33	18
ENSG00000207752	2	11
ENSG00000207754	9	2
ENSG00000207755	0	0
ENSG00000207756	3	1
ENSG00000207757	3	9
ENSG00000207758	0	0
ENSG00000207759	1	0
ENSG00000207761	0	0
ENSG00000207762	5	3
ENSG00000207763	1	0
ENSG00000207766	18	9
ENSG00000207767	0	0
ENSG00000207768	0	0
ENSG00000207769	3	0
ENSG00000207771	1	0
ENSG00000207773	2	3
ENSG00000207775	63	13
ENSG00000207776	8	0
ENSG00000207778	0	0
ENSG00000207779	1	0
ENSG00000207780	61	94
ENSG00000207781	0	0
ENSG00000207782	1	1
ENSG00000207784	0	0
ENSG00000207785	1	0
ENSG00000207788	0	0
ENSG00000207789	5	7
ENSG00000207797	0	0
ENSG00000207798	0	0
ENSG00000207799	0	0
ENSG00000207800	0	0
ENSG00000207802	26	10
ENSG00000207803	0	0
ENSG00000207804	9	2
ENSG00000207805	12	2
ENSG00000207807	1	3
ENSG00000207808	0	0
ENSG00000207810	0	0
ENSG00000207811	0	0
ENSG00000207813	11	38
ENSG00000207814	0	0
ENSG00000207815	20	0
ENSG00000207816	0	0
ENSG00000207818	0	0
ENSG00000207820	10	9
ENSG00000207821	3	14
ENSG00000207825	0	0
ENSG00000207826	0	3
ENSG00000207827	0	1
ENSG00000207837	0	0
ENSG00000207838	0	0
ENSG00000207839	4	4
ENSG00000207861	0	0
ENSG00000207862	0	0
ENSG00000207863	0	0
ENSG00000207864	9	10
ENSG00000207866	0	0
ENSG00000207867	0	0
ENSG00000207868	0	0
ENSG00000207869	0	0
ENSG00000207870	0	0
ENSG00000207871	0	0
ENSG00000207873	0	0
ENSG00000207874	0	0
ENSG00000207923	0	0
ENSG00000207924	0	0
ENSG00000207925	0	0
ENSG00000207926	0	0
ENSG00000207927	0	0
ENSG00000207930	6	11
ENSG00000207931	0	1
ENSG00000207932	0	0
ENSG00000207933	0	0
ENSG00000207934	1	0
ENSG00000207935	1	0
ENSG00000207938	3	0
ENSG00000207940	1	3
ENSG00000207941	0	0
ENSG00000207942	0	0
ENSG00000207943	2	2
ENSG00000207944	0	0
ENSG00000207946	0	0
ENSG00000207947	1	1
ENSG00000207948	0	0
ENSG00000207951	1	0
ENSG00000207952	29	20
ENSG00000207954	0	0
ENSG00000207955	29	45
ENSG00000207956	2	1
ENSG00000207957	0	0
ENSG00000207959	20	0
ENSG00000207960	0	0
ENSG00000207961	0	0
ENSG00000207962	2	1
ENSG00000207963	17	9
ENSG00000207965	0	0
ENSG00000207967	45	9
ENSG00000207969	0	0
ENSG00000207970	0	0
ENSG00000207971	5	2
ENSG00000207972	3	3
ENSG00000207973	2	15
ENSG00000207974	1	0
ENSG00000207975	40	1
ENSG00000207976	0	0
ENSG00000207978	7	0
ENSG00000207979	0	0
ENSG00000207980	0	0
ENSG00000207981	0	0
ENSG00000207982	0	0
ENSG00000207983	17	2
ENSG00000207984	0	0
ENSG00000207987	0	0
ENSG00000207988	27	15
ENSG00000207989	19	1
ENSG00000207990	0	0
ENSG00000207991	31	10
ENSG00000207992	0	0
ENSG00000207993	0	0
ENSG00000207994	3	0
ENSG00000207995	1	0
ENSG00000207996	1	1
ENSG00000207997	41	32
ENSG00000208000	0	0
ENSG00000208001	0	0
ENSG00000208002	8	9
ENSG00000208003	0	0
ENSG00000208004	7	0
ENSG00000208005	0	0
ENSG00000208006	0	0
ENSG00000208008	0	0
ENSG00000208009	0	0
ENSG00000208012	0	0
ENSG00000208013	2	0
ENSG00000208014	0	0
ENSG00000208015	0	0
ENSG00000208017	0	2
ENSG00000208018	9	15
ENSG00000208022	5	1
ENSG00000208023	1	6
ENSG00000208024	6	0
ENSG00000208025	11	8
ENSG00000208027	0	0
ENSG00000208028	26	20
ENSG00000208032	1	0
ENSG00000208033	0	0
ENSG00000208036	4	8
ENSG00000208037	1	2
ENSG00000208308	60	7
ENSG00000208772	225	135
ENSG00000208797	0	0
ENSG00000208839	0	0
ENSG00000208883	17	8
ENSG00000208892	29	17
ENSG00000209042	32	22
ENSG00000209480	5	0
ENSG00000209482	32	15
ENSG00000209582	2135	281
ENSG00000209645	1	3
ENSG00000209702	13	11
ENSG00000210181	3	1
ENSG00000210678	1	0
ENSG00000210709	0	0
ENSG00000210741	0	0
ENSG00000210825	34	0
ENSG00000210839	0	0
ENSG00000210841	3	0
ENSG00000211137	1	1
ENSG00000211445	2060	70517
ENSG00000211448	88	609
ENSG00000211450	1897	2472
ENSG00000211452	91	53
ENSG00000211454	299	142
ENSG00000211455	4765	6379
ENSG00000211456	3243	2707
ENSG00000211460	3120	4178
ENSG00000211514	10	4
ENSG00000211520	0	0
ENSG00000211532	0	0
ENSG00000211538	0	0
ENSG00000211543	0	0
ENSG00000211563	1	2
ENSG00000211568	0	0
ENSG00000211574	0	0
ENSG00000211575	13	8
ENSG00000211578	8	2
ENSG00000211579	0	0
ENSG00000211580	1	0
ENSG00000211581	6	7
ENSG00000211582	22	8
ENSG00000211583	0	0
ENSG00000211584	945	3971
ENSG00000211590	3	0
ENSG00000211591	0	0
ENSG00000211592	121	4118
ENSG00000211593	0	2
ENSG00000211594	2	2
ENSG00000211595	0	0
ENSG00000211596	0	7
ENSG00000211597	1	6
ENSG00000211598	5	206
ENSG00000211599	0	0
ENSG00000211611	0	12
ENSG00000211623	0	0
ENSG00000211625	0	11
ENSG00000211626	0	0
ENSG00000211632	0	1
ENSG00000211633	0	0
ENSG00000211637	0	14
ENSG00000211638	0	9
ENSG00000211639	0	14
ENSG00000211640	1	25
ENSG00000211641	0	0
ENSG00000211642	0	9
ENSG00000211644	10	77
ENSG00000211645	4	6
ENSG00000211647	0	0
ENSG00000211648	6	59
ENSG00000211649	0	18
ENSG00000211650	0	6
ENSG00000211651	3	65
ENSG00000211652	0	8
ENSG00000211653	2	92
ENSG00000211654	4	2
ENSG00000211655	0	10
ENSG00000211656	0	0
ENSG00000211657	0	0
ENSG00000211658	0	8
ENSG00000211659	4	44
ENSG00000211660	1	64
ENSG00000211661	0	0
ENSG00000211662	2	91
ENSG00000211663	1	45
ENSG00000211664	0	1
ENSG00000211665	0	3
ENSG00000211666	4	141
ENSG00000211667	0	0
ENSG00000211668	0	76
ENSG00000211669	0	16
ENSG00000211670	1	9
ENSG00000211672	0	0
ENSG00000211675	14	543
ENSG00000211677	9	484
ENSG00000211679	16	274
ENSG00000211680	0	0
ENSG00000211684	0	0
ENSG00000211685	3	3
ENSG00000211687	0	1
ENSG00000211688	0	0
ENSG00000211689	6	21
ENSG00000211690	0	1
ENSG00000211691	0	0
ENSG00000211692	0	1
ENSG00000211695	20	18
ENSG00000211696	3	4
ENSG00000211697	4	15
ENSG00000211698	2	7
ENSG00000211699	1	13
ENSG00000211701	2	3
ENSG00000211706	0	4
ENSG00000211707	0	0
ENSG00000211710	0	1
ENSG00000211713	0	0
ENSG00000211714	0	0
ENSG00000211715	0	0
ENSG00000211716	3	3
ENSG00000211717	0	0
ENSG00000211720	0	0
ENSG00000211721	2	2
ENSG00000211724	2	0
ENSG00000211725	0	0
ENSG00000211727	0	0
ENSG00000211728	2	0
ENSG00000211731	0	0
ENSG00000211734	0	0
ENSG00000211739	2	0
ENSG00000211745	0	0
ENSG00000211746	0	2
ENSG00000211747	2	11
ENSG00000211749	0	0
ENSG00000211750	0	0
ENSG00000211751	7	71
ENSG00000211752	0	2
ENSG00000211753	0	0
ENSG00000211764	0	0
ENSG00000211765	0	0
ENSG00000211766	0	0
ENSG00000211767	0	6
ENSG00000211768	0	2
ENSG00000211769	0	0
ENSG00000211770	0	0
ENSG00000211771	0	0
ENSG00000211772	20	179
ENSG00000211776	0	0
ENSG00000211777	0	2
ENSG00000211778	1	1
ENSG00000211779	0	0
ENSG00000211780	0	3
ENSG00000211781	0	0
ENSG00000211782	0	0
ENSG00000211783	0	0
ENSG00000211784	0	1
ENSG00000211785	0	0
ENSG00000211786	0	2
ENSG00000211787	0	1
ENSG00000211788	0	2
ENSG00000211789	0	3
ENSG00000211790	0	6
ENSG00000211791	0	1
ENSG00000211792	0	6
ENSG00000211793	1	1
ENSG00000211794	0	3
ENSG00000211795	0	2
ENSG00000211796	0	1
ENSG00000211797	1	4
ENSG00000211798	0	1
ENSG00000211799	0	3
ENSG00000211800	0	1
ENSG00000211801	0	2
ENSG00000211802	0	0
ENSG00000211803	0	3
ENSG00000211804	0	1
ENSG00000211805	0	2
ENSG00000211806	0	0
ENSG00000211807	1	1
ENSG00000211809	0	1
ENSG00000211810	0	0
ENSG00000211812	0	0
ENSG00000211813	0	0
ENSG00000211814	0	1
ENSG00000211815	2	1
ENSG00000211816	0	2
ENSG00000211817	2	1
ENSG00000211818	0	0
ENSG00000211819	0	2
ENSG00000211820	1	2
ENSG00000211821	0	0
ENSG00000211825	0	0
ENSG00000211826	0	0
ENSG00000211827	0	0
ENSG00000211828	0	0
ENSG00000211831	1	0
ENSG00000211832	1	2
ENSG00000211833	0	1
ENSG00000211834	0	1
ENSG00000211835	1	4
ENSG00000211836	0	3
ENSG00000211837	0	2
ENSG00000211838	0	0
ENSG00000211839	1	0
ENSG00000211840	0	12
ENSG00000211841	1	6
ENSG00000211842	0	0
ENSG00000211843	0	4
ENSG00000211844	2	1
ENSG00000211845	0	5
ENSG00000211846	0	1
ENSG00000211847	1	2
ENSG00000211848	2	3
ENSG00000211849	5	0
ENSG00000211850	0	9
ENSG00000211851	0	4
ENSG00000211854	0	3
ENSG00000211855	0	1
ENSG00000211856	0	0
ENSG00000211857	0	0
ENSG00000211858	0	2
ENSG00000211859	0	6
ENSG00000211860	1	4
ENSG00000211861	1	3
ENSG00000211862	2	1
ENSG00000211863	0	3
ENSG00000211864	0	2
ENSG00000211865	1	0
ENSG00000211866	0	2
ENSG00000211867	0	0
ENSG00000211868	0	4
ENSG00000211869	2	1
ENSG00000211870	3	2
ENSG00000211871	2	2
ENSG00000211872	0	1
ENSG00000211873	1	3
ENSG00000211875	1	1
ENSG00000211876	0	1
ENSG00000211877	0	1
ENSG00000211878	0	5
ENSG00000211879	1	0
ENSG00000211880	0	3
ENSG00000211881	0	3
ENSG00000211882	0	2
ENSG00000211883	2	0
ENSG00000211884	1	0
ENSG00000211885	0	1
ENSG00000211886	0	1
ENSG00000211887	1	0
ENSG00000211888	0	0
ENSG00000211890	9	576
ENSG00000211891	4	7
ENSG00000211892	13	174
ENSG00000211893	34	543
ENSG00000211895	10	2172
ENSG00000211896	90	1786
ENSG00000211897	13	786
ENSG00000211898	4	16
ENSG00000211899	114	442
ENSG00000211900	0	1
ENSG00000211904	0	2
ENSG00000211905	0	2
ENSG00000211907	0	0
ENSG00000211909	0	0
ENSG00000211911	0	0
ENSG00000211912	0	0
ENSG00000211914	0	0
ENSG00000211915	0	0
ENSG00000211917	0	0
ENSG00000211918	0	0
ENSG00000211920	0	0
ENSG00000211921	0	0
ENSG00000211923	0	0
ENSG00000211924	0	0
ENSG00000211925	0	0
ENSG00000211928	0	0
ENSG00000211930	0	0
ENSG00000211931	0	0
ENSG00000211933	5	23
ENSG00000211934	2	72
ENSG00000211935	0	8
ENSG00000211937	0	52
ENSG00000211938	2	102
ENSG00000211941	4	26
ENSG00000211942	0	4
ENSG00000211943	5	70
ENSG00000211944	0	0
ENSG00000211945	0	75
ENSG00000211946	0	8
ENSG00000211947	1	67
ENSG00000211949	6	160
ENSG00000211950	2	30
ENSG00000211951	0	19
ENSG00000211952	0	6
ENSG00000211955	2	199
ENSG00000211956	3	66
ENSG00000211957	0	2
ENSG00000211958	0	0
ENSG00000211959	4	13
ENSG00000211961	0	6
ENSG00000211962	2	37
ENSG00000211964	0	66
ENSG00000211965	0	16
ENSG00000211966	5	76
ENSG00000211967	0	18
ENSG00000211968	0	2
ENSG00000211970	0	50
ENSG00000211972	0	0
ENSG00000211973	0	40
ENSG00000211974	0	10
ENSG00000211976	0	13
ENSG00000211978	0	0
ENSG00000211979	0	4
ENSG00000211991	1	0
ENSG00000211997	0	1
ENSG00000212013	0	0
ENSG00000212014	0	0
ENSG00000212017	22	5
ENSG00000212024	0	0
ENSG00000212027	0	0
ENSG00000212036	0	0
ENSG00000212040	9	1
ENSG00000212100	0	0
ENSG00000212102	0	0
ENSG00000212122	16	2
ENSG00000212123	203	121
ENSG00000212124	259	46
ENSG00000212125	315	63
ENSG00000212126	141	24
ENSG00000212127	631	135
ENSG00000212128	432	108
ENSG00000212133	0	0
ENSG00000212135	165	9
ENSG00000212136	1	0
ENSG00000212138	22	17
ENSG00000212140	0	0
ENSG00000212146	0	0
ENSG00000212147	0	0
ENSG00000212153	1	0
ENSG00000212154	0	0
ENSG00000212156	0	0
ENSG00000212157	0	0
ENSG00000212158	10	5
ENSG00000212160	0	0
ENSG00000212167	1	0
ENSG00000212170	8	3
ENSG00000212171	0	0
ENSG00000212172	2	0
ENSG00000212176	0	0
ENSG00000212184	4	0
ENSG00000212186	1	16
ENSG00000212189	3	0
ENSG00000212190	5	0
ENSG00000212199	0	0
ENSG00000212204	23	18
ENSG00000212207	19	0
ENSG00000212214	0	1
ENSG00000212215	0	0
ENSG00000212216	0	0
ENSG00000212219	0	0
ENSG00000212221	0	0
ENSG00000212226	0	0
ENSG00000212230	0	0
ENSG00000212232	9915	676
ENSG00000212237	2	1
ENSG00000212238	0	0
ENSG00000212240	1	2
ENSG00000212242	1	32
ENSG00000212246	8	4
ENSG00000212247	0	0
ENSG00000212248	13	13
ENSG00000212251	0	0
ENSG00000212257	49	42
ENSG00000212258	0	0
ENSG00000212259	40	6
ENSG00000212260	0	0
ENSG00000212264	3	0
ENSG00000212265	0	0
ENSG00000212269	0	0
ENSG00000212276	0	0
ENSG00000212280	0	1
ENSG00000212282	3	1
ENSG00000212283	330	716
ENSG00000212289	11	4
ENSG00000212292	0	0
ENSG00000212295	0	0
ENSG00000212296	15	7
ENSG00000212297	0	0
ENSG00000212298	1	1
ENSG00000212303	13	8
ENSG00000212304	0	0
ENSG00000212305	0	0
ENSG00000212308	0	0
ENSG00000212309	2	2
ENSG00000212312	2	0
ENSG00000212314	0	0
ENSG00000212316	0	2
ENSG00000212324	0	0
ENSG00000212327	36	13
ENSG00000212329	1	0
ENSG00000212330	0	0
ENSG00000212331	24	8
ENSG00000212332	36	22
ENSG00000212333	0	0
ENSG00000212336	36	12
ENSG00000212340	1	0
ENSG00000212344	8	0
ENSG00000212345	3	0
ENSG00000212348	0	0
ENSG00000212354	10	0
ENSG00000212358	0	1
ENSG00000212359	4	11
ENSG00000212360	1	0
ENSG00000212365	0	2
ENSG00000212366	0	0
ENSG00000212368	1	0
ENSG00000212370	31	5
ENSG00000212373	0	0
ENSG00000212374	16	6
ENSG00000212379	1	2
ENSG00000212382	2	1
ENSG00000212384	605	8
ENSG00000212385	0	0
ENSG00000212387	0	0
ENSG00000212388	2	1
ENSG00000212389	16	25
ENSG00000212396	4	0
ENSG00000212398	0	0
ENSG00000212402	820	34
ENSG00000212407	0	0
ENSG00000212409	0	0
ENSG00000212410	2	0
ENSG00000212413	9	10
ENSG00000212414	0	0
ENSG00000212418	35	49
ENSG00000212420	29	16
ENSG00000212424	0	0
ENSG00000212425	0	2
ENSG00000212429	27	12
ENSG00000212433	0	0
ENSG00000212441	0	0
ENSG00000212442	0	0
ENSG00000212443	485	14
ENSG00000212446	0	0
ENSG00000212447	11	5
ENSG00000212450	0	0
ENSG00000212451	1	1
ENSG00000212452	55	12
ENSG00000212454	0	0
ENSG00000212457	28	17
ENSG00000212459	0	0
ENSG00000212460	4	1
ENSG00000212464	603	243
ENSG00000212466	0	0
ENSG00000212468	6	1
ENSG00000212469	0	3
ENSG00000212473	0	0
ENSG00000212475	0	0
ENSG00000212482	12	12
ENSG00000212485	1	5
ENSG00000212489	0	0
ENSG00000212493	51	9
ENSG00000212495	0	0
ENSG00000212496	1	5
ENSG00000212497	10	6
ENSG00000212498	0	0
ENSG00000212499	3	3
ENSG00000212505	0	0
ENSG00000212510	3	3
ENSG00000212516	0	0
ENSG00000212518	0	0
ENSG00000212520	0	1
ENSG00000212521	0	0
ENSG00000212525	19	19
ENSG00000212526	10	8
ENSG00000212527	0	0
ENSG00000212534	22	8
ENSG00000212535	3	7
ENSG00000212536	4	5
ENSG00000212542	0	3
ENSG00000212545	1	1
ENSG00000212546	0	0
ENSG00000212549	3	1
ENSG00000212550	0	0
ENSG00000212559	1	0
ENSG00000212560	0	0
ENSG00000212561	0	0
ENSG00000212564	0	0
ENSG00000212568	0	0
ENSG00000212571	0	0
ENSG00000212576	6	0
ENSG00000212584	0	0
ENSG00000212587	1	0
ENSG00000212588	25	6
ENSG00000212595	0	0
ENSG00000212597	9	1
ENSG00000212599	0	0
ENSG00000212601	14	29
ENSG00000212605	9	0
ENSG00000212607	87	17
ENSG00000212609	0	0
ENSG00000212612	0	0
ENSG00000212623	0	0
ENSG00000212625	31	5
ENSG00000212628	4	10
ENSG00000212643	13	12
ENSG00000212657	0	0
ENSG00000212658	0	0
ENSG00000212659	4	7
ENSG00000212694	1187	405
ENSG00000212710	10	0
ENSG00000212719	3343	5020
ENSG00000212721	0	0
ENSG00000212722	0	0
ENSG00000212724	0	0
ENSG00000212725	0	0
ENSG00000212747	600	2267
ENSG00000212766	12	8
ENSG00000212802	41	23
ENSG00000212807	176	140
ENSG00000212864	259	2891
ENSG00000212899	0	0
ENSG00000212900	2	0
ENSG00000212901	16	0
ENSG00000212916	267	273
ENSG00000212932	3	0
ENSG00000212933	0	1
ENSG00000212935	0	1
ENSG00000212938	0	0
ENSG00000212993	137	86
ENSG00000213005	14	21
ENSG00000213013	8	5
ENSG00000213015	1791	2114
ENSG00000213020	2121	909
ENSG00000213022	0	0
ENSG00000213023	12	16
ENSG00000213024	4936	4546
ENSG00000213030	0	4
ENSG00000213035	0	0
ENSG00000213047	936	3231
ENSG00000213048	0	0
ENSG00000213051	8	9
ENSG00000213055	104	97
ENSG00000213064	8679	11805
ENSG00000213066	2860	1885
ENSG00000213070	0	0
ENSG00000213079	11240	15319
ENSG00000213081	2	1
ENSG00000213083	0	0
ENSG00000213085	16	61
ENSG00000213088	51	4351
ENSG00000213090	284	252
ENSG00000213096	2673	1214
ENSG00000213100	0	0
ENSG00000213107	0	1
ENSG00000213109	90	66
ENSG00000213111	1	0
ENSG00000213113	0	0
ENSG00000213123	474	141
ENSG00000213130	0	1
ENSG00000213139	219	49
ENSG00000213145	2733	4601
ENSG00000213147	0	0
ENSG00000213152	59	42
ENSG00000213158	0	4
ENSG00000213160	2470	1581
ENSG00000213171	11	140
ENSG00000213176	39	128
ENSG00000213179	5	0
ENSG00000213180	23	18
ENSG00000213181	0	0
ENSG00000213182	0	2
ENSG00000213183	0	1
ENSG00000213185	258	28
ENSG00000213186	1340	161
ENSG00000213188	75	38
ENSG00000213190	1208	4366
ENSG00000213199	150	287
ENSG00000213203	222	1521
ENSG00000213211	8	0
ENSG00000213213	201	197
ENSG00000213214	91	163
ENSG00000213215	156	74
ENSG00000213218	7	0
ENSG00000213221	187	812
ENSG00000213222	46	108
ENSG00000213225	22	403
ENSG00000213231	27	5
ENSG00000213233	4	3
ENSG00000213235	28	5
ENSG00000213246	1566	3698
ENSG00000213261	20	9
ENSG00000213265	6	1
ENSG00000213269	30	25
ENSG00000213270	2	0
ENSG00000213272	7	0
ENSG00000213275	0	1
ENSG00000213281	3821	2500
ENSG00000213285	0	0
ENSG00000213290	8	4
ENSG00000213305	91	19
ENSG00000213307	0	0
ENSG00000213309	0	1
ENSG00000213312	3	0
ENSG00000213316	94	254
ENSG00000213326	56	19
ENSG00000213333	0	0
ENSG00000213335	1	1
ENSG00000213337	1209	1176
ENSG00000213339	2442	1625
ENSG00000213341	1560	1832
ENSG00000213343	3	0
ENSG00000213347	905	269
ENSG00000213363	45	3
ENSG00000213366	2977	4121
ENSG00000213371	1	1
ENSG00000213373	43	39
ENSG00000213380	4116	3391
ENSG00000213384	30	34
ENSG00000213385	71	28
ENSG00000213390	3426	1009
ENSG00000213394	0	1
ENSG00000213397	1313	1275
ENSG00000213398	764	1162
ENSG00000213399	7	5
ENSG00000213401	4	0
ENSG00000213402	41	135
ENSG00000213412	7	5
ENSG00000213413	355	199
ENSG00000213416	0	0
ENSG00000213417	0	0
ENSG00000213420	291	114
ENSG00000213421	1	2
ENSG00000213424	6	9
ENSG00000213432	3	0
ENSG00000213439	0	0
ENSG00000213442	38	19
ENSG00000213445	1885	3629
ENSG00000213448	0	0
ENSG00000213451	0	0
ENSG00000213462	2533	2084
ENSG00000213463	6604	6937
ENSG00000213465	1475	6345
ENSG00000213468	1047	498
ENSG00000213471	44	36
ENSG00000213487	0	0
ENSG00000213493	0	1
ENSG00000213495	0	0
ENSG00000213500	1	0
ENSG00000213512	2	3
ENSG00000213516	1753	2387
ENSG00000213523	870	2316
ENSG00000213529	30	0
ENSG00000213533	1110	1176
ENSG00000213538	46	20
ENSG00000213542	60	25
ENSG00000213547	0	0
ENSG00000213551	1144	515
ENSG00000213553	101	47
ENSG00000213559	2	0
ENSG00000213578	0	0
ENSG00000213585	7827	32203
ENSG00000213588	664	726
ENSG00000213593	2878	6121
ENSG00000213599	1053	751
ENSG00000213607	0	0
ENSG00000213609	3	2
ENSG00000213612	14	3
ENSG00000213613	192	38
ENSG00000213614	4610	5767
ENSG00000213619	1682	6676
ENSG00000213621	4	0
ENSG00000213625	4265	8681
ENSG00000213626	6558	21496
ENSG00000213638	210	228
ENSG00000213639	19107	43359
ENSG00000213640	20	3
ENSG00000213641	47	5
ENSG00000213643	4	0
ENSG00000213648	31	109
ENSG00000213652	0	0
ENSG00000213654	172	671
ENSG00000213657	1	0
ENSG00000213658	301	263
ENSG00000213659	57	75
ENSG00000213664	0	0
ENSG00000213671	28	37
ENSG00000213672	1803	3513
ENSG00000213676	4930	4288
ENSG00000213689	189	364
ENSG00000213693	317	134
ENSG00000213694	1221	5400
ENSG00000213695	8	0
ENSG00000213698	0	0
ENSG00000213699	1842	7385
ENSG00000213700	103	19
ENSG00000213706	10	11
ENSG00000213708	0	0
ENSG00000213714	1	4
ENSG00000213716	9	10
ENSG00000213719	4551	6910
ENSG00000213722	1656	3026
ENSG00000213726	0	0
ENSG00000213729	1	0
ENSG00000213736	0	0
ENSG00000213739	0	2
ENSG00000213741	7523	4584
ENSG00000213742	1617	658
ENSG00000213744	22	27
ENSG00000213754	11	8
ENSG00000213757	60	44
ENSG00000213759	1	0
ENSG00000213760	108	195
ENSG00000213762	2217	1881
ENSG00000213771	0	3
ENSG00000213780	1023	710
ENSG00000213781	2	0
ENSG00000213782	2351	1875
ENSG00000213787	0	0
ENSG00000213793	447	129
ENSG00000213798	0	0
ENSG00000213799	808	341
ENSG00000213809	182	126
ENSG00000213820	2	2
ENSG00000213822	0	0
ENSG00000213842	152	78
ENSG00000213853	4953	12847
ENSG00000213854	0	0
ENSG00000213859	575	1003
ENSG00000213860	4	8
ENSG00000213862	39	39
ENSG00000213864	1	0
ENSG00000213873	0	0
ENSG00000213876	0	7
ENSG00000213880	0	0
ENSG00000213886	0	5
ENSG00000213889	62	76
ENSG00000213891	79	165
ENSG00000213892	5	13
ENSG00000213900	0	0
ENSG00000213901	195	108
ENSG00000213903	842	372
ENSG00000213904	263	317
ENSG00000213906	752	304
ENSG00000213908	0	0
ENSG00000213911	0	0
ENSG00000213916	0	0
ENSG00000213917	7	0
ENSG00000213918	3120	1152
ENSG00000213920	206	372
ENSG00000213921	0	0
ENSG00000213923	9884	10187
ENSG00000213924	0	0
ENSG00000213927	0	8
ENSG00000213928	1852	3242
ENSG00000213930	1471	2108
ENSG00000213931	1	1
ENSG00000213934	100	62
ENSG00000213935	17	6
ENSG00000213937	6	107
ENSG00000213938	2	15
ENSG00000213943	0	1
ENSG00000213949	2892	4925
ENSG00000213950	31	2
ENSG00000213954	0	0
ENSG00000213958	0	1
ENSG00000213965	1360	2966
ENSG00000213967	574	276
ENSG00000213973	295	79
ENSG00000213977	1742	9362
ENSG00000213979	1	2
ENSG00000213983	1989	888
ENSG00000213988	1062	155
ENSG00000213995	1961	3097
ENSG00000213996	19	33
ENSG00000213999	452	367
ENSG00000214012	2	0
ENSG00000214013	1693	1786
ENSG00000214015	0	0
ENSG00000214016	6	3
ENSG00000214019	10	2
ENSG00000214021	5568	2436
ENSG00000214022	4101	12852
ENSG00000214024	0	0
ENSG00000214025	0	0
ENSG00000214026	506	2282
ENSG00000214029	5581	1380
ENSG00000214039	35	31
ENSG00000214042	0	0
ENSG00000214043	38	22
ENSG00000214046	2019	2546
ENSG00000214047	1	0
ENSG00000214049	305	164
ENSG00000214050	50	91
ENSG00000214062	33	13
ENSG00000214063	3277	3444
ENSG00000214064	0	1
ENSG00000214070	5	3
ENSG00000214073	0	0
ENSG00000214074	0	0
ENSG00000214076	0	0
ENSG00000214078	5639	3646
ENSG00000214087	684	605
ENSG00000214097	167	2542
ENSG00000214102	72	8
ENSG00000214107	0	0
ENSG00000214108	66	126
ENSG00000214113	1658	1180
ENSG00000214114	978	926
ENSG00000214124	23	10
ENSG00000214128	293	196
ENSG00000214140	554	210
ENSG00000214142	7	2
ENSG00000214145	51	27
ENSG00000214146	218	200
ENSG00000214160	1112	1802
ENSG00000214184	71	19
ENSG00000214185	26	4
ENSG00000214188	441	744
ENSG00000214193	3969	727
ENSG00000214194	1578	2602
ENSG00000214198	48	63
ENSG00000214203	4	4
ENSG00000214207	0	0
ENSG00000214211	3	3
ENSG00000214216	45	66
ENSG00000214237	59	0
ENSG00000214245	0	0
ENSG00000214249	4	1
ENSG00000214252	0	0
ENSG00000214253	2228	8606
ENSG00000214255	0	0
ENSG00000214263	1	0
ENSG00000214274	33	305
ENSG00000214279	519	375
ENSG00000214282	0	0
ENSG00000214285	0	0
ENSG00000214293	1117	650
ENSG00000214295	0	1
ENSG00000214300	1289	324
ENSG00000214309	190	172
ENSG00000214319	0	0
ENSG00000214326	2	0
ENSG00000214329	0	0
ENSG00000214335	4	1
ENSG00000214336	4	6
ENSG00000214342	0	0
ENSG00000214351	0	1
ENSG00000214353	636	435
ENSG00000214357	4629	10128
ENSG00000214359	309	37
ENSG00000214360	3	1
ENSG00000214362	4	2
ENSG00000214367	2506	944
ENSG00000214374	1	1
ENSG00000214376	11	14
ENSG00000214381	48	32
ENSG00000214389	86	31
ENSG00000214391	6	26
ENSG00000214401	255	398
ENSG00000214402	238	503
ENSG00000214413	1985	787
ENSG00000214414	0	0
ENSG00000214415	3	2
ENSG00000214417	0	0
ENSG00000214424	8	0
ENSG00000214432	186	91
ENSG00000214434	0	0
ENSG00000214435	746	2442
ENSG00000214447	22	65
ENSG00000214456	848	5555
ENSG00000214457	0	0
ENSG00000214484	0	0
ENSG00000214485	15	10
ENSG00000214487	0	0
ENSG00000214491	264	135
ENSG00000214510	68	16
ENSG00000214511	24	4
ENSG00000214513	50	39
ENSG00000214517	2846	4103
ENSG00000214518	0	0
ENSG00000214530	527	3321
ENSG00000214535	14	3
ENSG00000214541	3	4
ENSG00000214544	17	16
ENSG00000214548	104557	5239
ENSG00000214561	12	4
ENSG00000214562	1162	1333
ENSG00000214563	42	1
ENSG00000214575	492	506
ENSG00000214595	407	258
ENSG00000214604	0	0
ENSG00000214607	0	0
ENSG00000214612	5	0
ENSG00000214626	104	30
ENSG00000214628	18	13
ENSG00000214629	92	9
ENSG00000214642	0	0
ENSG00000214643	2	4
ENSG00000214652	3250	521
ENSG00000214653	0	1
ENSG00000214654	584	620
ENSG00000214655	6289	9191
ENSG00000214660	0	0
ENSG00000214668	0	0
ENSG00000214671	27	41
ENSG00000214676	225	126
ENSG00000214681	0	0
ENSG00000214686	0	0
ENSG00000214691	150	181
ENSG00000214694	188	101
ENSG00000214706	2091	3737
ENSG00000214711	113	66
ENSG00000214717	2324	11983
ENSG00000214720	0	0
ENSG00000214736	1466	3547
ENSG00000214745	76	7
ENSG00000214753	6985	8871
ENSG00000214756	615	346
ENSG00000214760	3	15
ENSG00000214782	1	0
ENSG00000214784	12	10
ENSG00000214787	393	520
ENSG00000214794	0	1
ENSG00000214814	6	250
ENSG00000214819	8	5
ENSG00000214827	114	160
ENSG00000214835	0	0
ENSG00000214842	26	5
ENSG00000214851	120	130
ENSG00000214860	0	0
ENSG00000214866	160	81
ENSG00000214870	996	352
ENSG00000214872	69	145
ENSG00000214878	0	1
ENSG00000214891	0	0
ENSG00000214892	0	0
ENSG00000214894	8	23
ENSG00000214896	1	0
ENSG00000214897	177	0
ENSG00000214900	661	451
ENSG00000214903	0	0
ENSG00000214914	30	7
ENSG00000214922	588	423
ENSG00000214925	0	0
ENSG00000214929	0	0
ENSG00000214930	0	0
ENSG00000214940	93	133
ENSG00000214941	1042	887
ENSG00000214943	1	0
ENSG00000214944	1976	453
ENSG00000214946	30	3
ENSG00000214954	208	137
ENSG00000214960	1323	1238
ENSG00000214961	0	0
ENSG00000214967	305	151
ENSG00000214978	100	90
ENSG00000214988	7	13
ENSG00000214998	37	14
ENSG00000215000	0	0
ENSG00000215003	2	2
ENSG00000215005	0	0
ENSG00000215009	11	27
ENSG00000215012	2646	1985
ENSG00000215016	0	0
ENSG00000215018	331	1106
ENSG00000215021	9133	11848
ENSG00000215029	0	3
ENSG00000215030	8	273
ENSG00000215032	9	0
ENSG00000215035	1	0
ENSG00000215037	0	0
ENSG00000215039	1602	506
ENSG00000215041	2556	4166
ENSG00000215043	0	0
ENSG00000215045	35	74
ENSG00000215054	0	0
ENSG00000215063	2	2
ENSG00000215068	879	915
ENSG00000215070	0	2
ENSG00000215085	0	0
ENSG00000215088	4	6
ENSG00000215089	1	0
ENSG00000215112	0	0
ENSG00000215114	4054	3440
ENSG00000215117	4	0
ENSG00000215148	1	0
ENSG00000215149	1	0
ENSG00000215151	0	2
ENSG00000215160	1543	482
ENSG00000215162	65	33
ENSG00000215168	0	0
ENSG00000215174	4	4
ENSG00000215182	4	176
ENSG00000215183	0	9
ENSG00000215186	4	8
ENSG00000215193	5158	6430
ENSG00000215196	2132	492
ENSG00000215203	0	0
ENSG00000215206	1	0
ENSG00000215208	239	192
ENSG00000215218	627	3916
ENSG00000215227	20	26
ENSG00000215231	63	46
ENSG00000215236	1	0
ENSG00000215241	789	215
ENSG00000215244	216	318
ENSG00000215246	1292	3512
ENSG00000215251	1248	3874
ENSG00000215252	3411	2082
ENSG00000215256	5036	2284
ENSG00000215262	17	0
ENSG00000215264	0	0
ENSG00000215267	0	14
ENSG00000215269	0	0
ENSG00000215274	3	0
ENSG00000215277	10	12
ENSG00000215278	3	1
ENSG00000215301	14670	18935
ENSG00000215305	1591	1980
ENSG00000215313	1	0
ENSG00000215325	14	23
ENSG00000215333	0	0
ENSG00000215343	9	4
ENSG00000215347	51	20
ENSG00000215356	0	0
ENSG00000215357	0	0
ENSG00000215372	7	2
ENSG00000215374	1627	844
ENSG00000215375	535	1056
ENSG00000215386	42492	5059
ENSG00000215397	1	4
ENSG00000215417	750	229
ENSG00000215421	4549	2775
ENSG00000215424	2059	723
ENSG00000215440	855	3316
ENSG00000215441	1	0
ENSG00000215454	2	1
ENSG00000215455	3	2
ENSG00000215456	0	0
ENSG00000215457	0	0
ENSG00000215458	334	303
ENSG00000215474	2	1
ENSG00000215475	174	20
ENSG00000215483	665	563
ENSG00000215498	20	32
ENSG00000215520	4	0
ENSG00000215529	4	18
ENSG00000215533	186	192
ENSG00000215544	0	0
ENSG00000215545	0	0
ENSG00000215547	0	0
ENSG00000215553	0	0
ENSG00000215560	0	0
ENSG00000215568	1	1
ENSG00000215583	0	0
ENSG00000215601	0	0
ENSG00000215603	0	0
ENSG00000215604	9	48
ENSG00000215606	1	0
ENSG00000215612	106	0
ENSG00000215630	1405	719
ENSG00000215644	24	4
ENSG00000215695	682	456
ENSG00000215704	18	21
ENSG00000215712	1010	1727
ENSG00000215717	2186	3342
ENSG00000215760	13	4
ENSG00000215769	600	650
ENSG00000215771	8	4
ENSG00000215784	182	25
ENSG00000215788	1138	706
ENSG00000215807	0	0
ENSG00000215808	2182	606
ENSG00000215817	37	21
ENSG00000215819	2	6
ENSG00000215833	1	0
ENSG00000215845	187	397
ENSG00000215846	0	0
ENSG00000215853	2	0
ENSG00000215866	969	410
ENSG00000215867	106	128
ENSG00000215874	0	1
ENSG00000215875	15	8
ENSG00000215881	15	12
ENSG00000215883	1434	1101
ENSG00000215895	0	3
ENSG00000215906	0	0
ENSG00000215912	1077	482
ENSG00000215914	0	0
ENSG00000215915	149	129
ENSG00000215930	7	1
ENSG00000215938	0	0
ENSG00000215939	0	0
ENSG00000215943	0	0
ENSG00000215952	8	7
ENSG00000215957	33	4
ENSG00000215961	0	1
ENSG00000215966	0	1
ENSG00000215973	22	25
ENSG00000215991	60	45
ENSG00000216001	0	0
ENSG00000216005	0	0
ENSG00000216009	13	4
ENSG00000216031	1	2
ENSG00000216035	48	67
ENSG00000216056	0	0
ENSG00000216058	0	0
ENSG00000216060	0	0
ENSG00000216064	0	0
ENSG00000216069	14	2
ENSG00000216075	0	0
ENSG00000216077	18	2
ENSG00000216098	0	0
ENSG00000216099	10	0
ENSG00000216101	1	1
ENSG00000216135	0	0
ENSG00000216141	4	8
ENSG00000216171	0	0
ENSG00000216179	10	2
ENSG00000216191	33	9
ENSG00000216192	16	7
ENSG00000216195	4	8
ENSG00000216265	1	0
ENSG00000216365	0	0
ENSG00000216368	0	1
ENSG00000216444	0	0
ENSG00000216471	1	1
ENSG00000216490	294	1368
ENSG00000216518	0	0
ENSG00000216588	12	20
ENSG00000216629	0	0
ENSG00000216636	47	67
ENSG00000216639	60	20
ENSG00000216649	0	0
ENSG00000216708	0	0
ENSG00000216713	104	0
ENSG00000216754	2	10
ENSG00000216762	0	0
ENSG00000216817	5	0
ENSG00000216819	13	6
ENSG00000216824	0	0
ENSG00000216853	0	0
ENSG00000216854	1	0
ENSG00000216863	1041	582
ENSG00000216866	12	12
ENSG00000216895	291	132
ENSG00000216901	21	1
ENSG00000216904	0	1
ENSG00000216921	22	6
ENSG00000216937	2472	1226
ENSG00000216977	59	26
ENSG00000216990	3	5
ENSG00000216998	0	0
ENSG00000217026	2	5
ENSG00000217044	68	0
ENSG00000217083	0	0
ENSG00000217128	6585	5136
ENSG00000217160	95	0
ENSG00000217165	513	432
ENSG00000217169	0	0
ENSG00000217179	5	7
ENSG00000217227	24	7
ENSG00000217228	0	0
ENSG00000217236	30	0
ENSG00000217315	7	0
ENSG00000217377	0	0
ENSG00000217385	8	0
ENSG00000217414	26	20
ENSG00000217442	2	0
ENSG00000217482	18	2
ENSG00000217555	526	177
ENSG00000217646	5	3
ENSG00000217684	0	0
ENSG00000217707	0	0
ENSG00000217716	5	1
ENSG00000217733	21	8
ENSG00000217767	37	45
ENSG00000217770	0	0
ENSG00000217791	0	0
ENSG00000217809	1	1
ENSG00000217811	0	0
ENSG00000217874	0	0
ENSG00000217889	4	0
ENSG00000217896	86	185
ENSG00000217930	908	1597
ENSG00000218014	0	1
ENSG00000218016	2	0
ENSG00000218020	4	0
ENSG00000218049	0	0
ENSG00000218052	274	35
ENSG00000218089	1	1
ENSG00000218109	13	0
ENSG00000218153	2	0
ENSG00000218186	3	0
ENSG00000218194	0	0
ENSG00000218208	6	3
ENSG00000218265	1	4
ENSG00000218281	1	7
ENSG00000218305	41	32
ENSG00000218336	11220	930
ENSG00000218351	0	0
ENSG00000218357	4	3
ENSG00000218359	4	0
ENSG00000218416	129	260
ENSG00000218424	1	2
ENSG00000218454	0	0
ENSG00000218476	0	0
ENSG00000218490	19	0
ENSG00000218510	610	471
ENSG00000218549	0	0
ENSG00000218632	3	1
ENSG00000218643	1	0
ENSG00000218689	0	0
ENSG00000218690	4	5
ENSG00000218716	0	0
ENSG00000218728	1	1
ENSG00000218739	2988	4473
ENSG00000218754	0	0
ENSG00000218819	12	0
ENSG00000218823	104	49
ENSG00000218839	6	52
ENSG00000218870	0	0
ENSG00000218891	1070	1987
ENSG00000218893	0	0
ENSG00000218896	66	9
ENSG00000218991	0	6
ENSG00000219073	39	89
ENSG00000219074	0	0
ENSG00000219087	0	0
ENSG00000219102	4	2
ENSG00000219135	2	5
ENSG00000219139	0	0
ENSG00000219146	0	0
ENSG00000219188	30	3
ENSG00000219200	3133	7942
ENSG00000219249	5	25
ENSG00000219257	0	0
ENSG00000219297	0	0
ENSG00000219355	41	33
ENSG00000219361	20	4
ENSG00000219395	87	43
ENSG00000219430	3	3
ENSG00000219435	11	6
ENSG00000219438	814	233
ENSG00000219451	3	1
ENSG00000219463	0	1
ENSG00000219481	9278	2897
ENSG00000219545	609	1069
ENSG00000219547	66	23
ENSG00000219592	1	1
ENSG00000219607	337	1049
ENSG00000219626	2853	2410
ENSG00000219642	134	426
ENSG00000219665	1391	832
ENSG00000219722	5	0
ENSG00000219738	0	0
ENSG00000219770	1	0
ENSG00000219773	3	3
ENSG00000219776	0	17
ENSG00000219814	0	1
ENSG00000219863	0	0
ENSG00000219902	56	20
ENSG00000219932	4	4
ENSG00000219940	0	0
ENSG00000219941	0	0
ENSG00000220008	104	104
ENSG00000220069	3	0
ENSG00000220091	19	5
ENSG00000220113	1	0
ENSG00000220132	0	0
ENSG00000220161	78	18
ENSG00000220181	0	0
ENSG00000220184	2	7
ENSG00000220201	88	30
ENSG00000220205	4877	10417
ENSG00000220212	0	0
ENSG00000220237	33	17
ENSG00000220248	0	0
ENSG00000220305	127	42
ENSG00000220311	0	0
ENSG00000220323	1640	400
ENSG00000220340	0	0
ENSG00000220392	125	25
ENSG00000220418	1	7
ENSG00000220494	3	0
ENSG00000220514	31	0
ENSG00000220517	2	6
ENSG00000220553	3	4
ENSG00000220557	0	2
ENSG00000220563	0	0
ENSG00000220575	184	103
ENSG00000220581	6	1
ENSG00000220586	1	13
ENSG00000220598	1	0
ENSG00000220721	63	2
ENSG00000220733	21	0
ENSG00000220744	134	1
ENSG00000220749	22	9
ENSG00000220771	1	1
ENSG00000220773	1	1
ENSG00000220793	97	63
ENSG00000220842	0	0
ENSG00000220867	31	13
ENSG00000220868	2	0
ENSG00000220875	0	1
ENSG00000220948	0	0
ENSG00000220988	1	0
ENSG00000221015	3	2
ENSG00000221017	0	0
ENSG00000221023	0	0
ENSG00000221025	4	4
ENSG00000221028	1	2
ENSG00000221033	4	22
ENSG00000221036	41	5
ENSG00000221038	8	13
ENSG00000221039	1	0
ENSG00000221046	0	2
ENSG00000221052	1	0
ENSG00000221055	0	0
ENSG00000221059	0	0
ENSG00000221063	108	35
ENSG00000221065	0	0
ENSG00000221066	40	25
ENSG00000221091	3	13
ENSG00000221102	33	50
ENSG00000221114	2	0
ENSG00000221116	3	1
ENSG00000221120	0	1
ENSG00000221164	111	36
ENSG00000221176	2	0
ENSG00000221187	0	0
ENSG00000221190	0	0
ENSG00000221200	0	0
ENSG00000221203	26	13
ENSG00000221206	0	0
ENSG00000221214	24	15
ENSG00000221216	3	2
ENSG00000221227	29	1
ENSG00000221230	51	8
ENSG00000221238	3	0
ENSG00000221240	0	0
ENSG00000221241	14	5
ENSG00000221251	0	0
ENSG00000221255	0	0
ENSG00000221261	1	0
ENSG00000221263	4	2
ENSG00000221264	28	6
ENSG00000221265	8	6
ENSG00000221269	24	6
ENSG00000221273	0	0
ENSG00000221275	2	2
ENSG00000221287	0	0
ENSG00000221288	47219	41307
ENSG00000221296	11	6
ENSG00000221303	17	8
ENSG00000221305	4	2
ENSG00000221325	18	4
ENSG00000221331	23	7
ENSG00000221333	16	26
ENSG00000221340	19	7
ENSG00000221348	3	0
ENSG00000221355	13	10
ENSG00000221363	2	0
ENSG00000221365	1	0
ENSG00000221369	3	0
ENSG00000221371	1	2
ENSG00000221375	15	16
ENSG00000221381	0	0
ENSG00000221387	3	0
ENSG00000221390	3	0
ENSG00000221393	4	3
ENSG00000221394	0	0
ENSG00000221400	0	0
ENSG00000221410	0	1
ENSG00000221411	1	0
ENSG00000221420	47	5
ENSG00000221421	0	0
ENSG00000221430	0	0
ENSG00000221436	2	0
ENSG00000221439	64	75
ENSG00000221440	5	3
ENSG00000221442	8	2
ENSG00000221445	18	17
ENSG00000221456	3	5
ENSG00000221459	0	0
ENSG00000221463	0	0
ENSG00000221464	8	3
ENSG00000221466	173	62
ENSG00000221468	0	0
ENSG00000221475	4	0
ENSG00000221476	5	14
ENSG00000221479	1	0
ENSG00000221491	367	277
ENSG00000221493	24	16
ENSG00000221494	0	0
ENSG00000221500	40	16
ENSG00000221502	12	4
ENSG00000221507	1	0
ENSG00000221510	9	8
ENSG00000221518	38	18
ENSG00000221520	20	24
ENSG00000221525	0	0
ENSG00000221527	0	0
ENSG00000221533	0	0
ENSG00000221537	14	23
ENSG00000221539	27	18
ENSG00000221540	10	23
ENSG00000221545	45	49
ENSG00000221548	0	0
ENSG00000221552	8	6
ENSG00000221563	0	0
ENSG00000221564	24	0
ENSG00000221574	0	0
ENSG00000221583	0	0
ENSG00000221585	0	0
ENSG00000221586	0	0
ENSG00000221594	75	327
ENSG00000221598	4	4
ENSG00000221601	0	0
ENSG00000221603	0	0
ENSG00000221604	0	1
ENSG00000221614	19	0
ENSG00000221616	103	46
ENSG00000221628	0	0
ENSG00000221630	1	0
ENSG00000221634	14	10
ENSG00000221641	8	4
ENSG00000221643	5	10
ENSG00000221649	0	0
ENSG00000221650	47	23
ENSG00000221656	0	0
ENSG00000221662	6	3
ENSG00000221669	16	8
ENSG00000221676	522	53
ENSG00000221680	3	1
ENSG00000221697	0	0
ENSG00000221698	19	14
ENSG00000221703	0	0
ENSG00000221705	4	0
ENSG00000221710	0	0
ENSG00000221716	84	9
ENSG00000221719	0	0
ENSG00000221737	108	18
ENSG00000221739	0	1
ENSG00000221740	36	30
ENSG00000221745	3	1
ENSG00000221750	47	0
ENSG00000221754	0	0
ENSG00000221760	4	11
ENSG00000221763	3	1
ENSG00000221768	0	0
ENSG00000221771	66	17
ENSG00000221782	65	16
ENSG00000221783	9	4
ENSG00000221788	0	0
ENSG00000221792	0	0
ENSG00000221801	13	2
ENSG00000221803	2	0
ENSG00000221806	9	7
ENSG00000221808	20	8
ENSG00000221813	192	64
ENSG00000221817	299	389
ENSG00000221818	24022	2996
ENSG00000221819	69	104
ENSG00000221823	8115	6440
ENSG00000221826	14	21
ENSG00000221829	1511	383
ENSG00000221836	536	294
ENSG00000221837	0	0
ENSG00000221838	925	828
ENSG00000221840	0	0
ENSG00000221844	20	619
ENSG00000221845	21	23
ENSG00000221852	0	0
ENSG00000221855	2	4
ENSG00000221858	44	25
ENSG00000221859	0	3
ENSG00000221864	0	4
ENSG00000221866	5612	9357
ENSG00000221867	0	0
ENSG00000221869	1869	14915
ENSG00000221874	0	0
ENSG00000221878	10	19
ENSG00000221880	0	0
ENSG00000221882	4	16
ENSG00000221887	0	2
ENSG00000221888	779	265
ENSG00000221890	2328	6250
ENSG00000221900	0	0
ENSG00000221909	584	350
ENSG00000221910	0	0
ENSG00000221914	5788	5291
ENSG00000221923	1325	732
ENSG00000221926	1257	1602
ENSG00000221931	1	0
ENSG00000221932	0	0
ENSG00000221933	14	11
ENSG00000221937	50	8
ENSG00000221938	32	41
ENSG00000221944	8095	3090
ENSG00000221946	31	29
ENSG00000221947	151	122
ENSG00000221949	331	196
ENSG00000221953	98	117
ENSG00000221954	0	0
ENSG00000221955	179	163
ENSG00000221957	0	0
ENSG00000221963	2253	7152
ENSG00000221968	1628	5558
ENSG00000221970	122	96
ENSG00000221971	0	0
ENSG00000221977	21	10
ENSG00000221978	12260	6063
ENSG00000221983	12489	13396
ENSG00000221986	40	1046
ENSG00000221988	2106	2935
ENSG00000221989	0	0
ENSG00000221994	578	340
ENSG00000221996	1	0
ENSG00000222004	69	10
ENSG00000222005	81	68
ENSG00000222009	301	799
ENSG00000222011	985	598
ENSG00000222014	2	14
ENSG00000222020	11	23
ENSG00000222028	0	1
ENSG00000222030	20	11
ENSG00000222033	0	15
ENSG00000222035	198	138
ENSG00000222036	399	406
ENSG00000222037	0	0
ENSG00000222038	10	8
ENSG00000222041	1304	1687
ENSG00000222046	260	259
ENSG00000222051	33	34
ENSG00000222054	0	0
ENSG00000222057	2	0
ENSG00000222067	37	24
ENSG00000222068	10	13
ENSG00000222069	33	13
ENSG00000222071	22	1
ENSG00000222076	14	4
ENSG00000222078	28	7
ENSG00000222087	0	0
ENSG00000222092	19	1
ENSG00000222094	54	24
ENSG00000222099	1	0
ENSG00000222102	1	0
ENSG00000222107	2	0
ENSG00000222108	9	13
ENSG00000222111	8	6
ENSG00000222112	75	239
ENSG00000222114	0	0
ENSG00000222118	0	0
ENSG00000222122	0	0
ENSG00000222123	24	16
ENSG00000222126	0	1
ENSG00000222129	1	0
ENSG00000222139	0	0
ENSG00000222146	0	0
ENSG00000222148	0	0
ENSG00000222150	0	0
ENSG00000222154	0	0
ENSG00000222162	13	12
ENSG00000222164	13	0
ENSG00000222170	0	0
ENSG00000222177	21	8
ENSG00000222178	0	0
ENSG00000222179	5	1
ENSG00000222182	3	4
ENSG00000222202	18	4
ENSG00000222205	0	0
ENSG00000222207	0	0
ENSG00000222208	29	18
ENSG00000222209	0	0
ENSG00000222213	1	5
ENSG00000222220	0	0
ENSG00000222222	6	1
ENSG00000222225	0	0
ENSG00000222230	0	0
ENSG00000222231	0	0
ENSG00000222232	0	0
ENSG00000222236	0	0
ENSG00000222238	0	0
ENSG00000222240	0	0
ENSG00000222244	0	0
ENSG00000222246	0	0
ENSG00000222248	0	0
ENSG00000222249	8	9
ENSG00000222251	10	10
ENSG00000222255	7	6
ENSG00000222257	0	0
ENSG00000222259	10	17
ENSG00000222266	11	9
ENSG00000222267	4	0
ENSG00000222268	10	6
ENSG00000222276	2	2
ENSG00000222281	11	4
ENSG00000222282	1	1
ENSG00000222285	0	0
ENSG00000222287	38	29
ENSG00000222293	1	0
ENSG00000222297	14	6
ENSG00000222300	0	0
ENSG00000222302	2	0
ENSG00000222303	3	1
ENSG00000222308	3	0
ENSG00000222312	1	0
ENSG00000222313	8	0
ENSG00000222314	0	0
ENSG00000222317	0	1
ENSG00000222320	0	1
ENSG00000222321	0	0
ENSG00000222327	9	3
ENSG00000222329	0	0
ENSG00000222337	0	0
ENSG00000222338	1	0
ENSG00000222344	42	18
ENSG00000222345	75	22
ENSG00000222346	8	17
ENSG00000222351	33	10
ENSG00000222355	0	0
ENSG00000222356	0	0
ENSG00000222357	7	0
ENSG00000222359	0	0
ENSG00000222361	0	0
ENSG00000222363	14	5
ENSG00000222365	37	12
ENSG00000222370	2	0
ENSG00000222371	9	25
ENSG00000222375	0	0
ENSG00000222376	1	3
ENSG00000222378	6	33
ENSG00000222383	24	12
ENSG00000222385	59	28
ENSG00000222389	26	25
ENSG00000222398	0	0
ENSG00000222399	0	0
ENSG00000222404	0	0
ENSG00000222405	0	0
ENSG00000222407	1	1
ENSG00000222413	0	0
ENSG00000222414	36	36
ENSG00000222416	3	1
ENSG00000222418	0	2
ENSG00000222419	1	0
ENSG00000222426	2	0
ENSG00000222427	9	14
ENSG00000222428	0	0
ENSG00000222429	1	0
ENSG00000222431	19	8
ENSG00000222436	1	0
ENSG00000222440	0	0
ENSG00000222445	17	25
ENSG00000222451	2	0
ENSG00000222452	15	7
ENSG00000222455	7	55
ENSG00000222457	0	0
ENSG00000222459	0	0
ENSG00000222465	2	10
ENSG00000222468	0	0
ENSG00000222472	4	0
ENSG00000222477	3	2
ENSG00000222486	0	0
ENSG00000222488	7	2
ENSG00000222489	408	208
ENSG00000222490	0	0
ENSG00000222499	0	0
ENSG00000222500	1	1
ENSG00000222501	0	0
ENSG00000222514	0	0
ENSG00000222520	0	0
ENSG00000222522	1	0
ENSG00000222524	0	0
ENSG00000222532	2	0
ENSG00000222533	0	0
ENSG00000222536	32	25
ENSG00000222543	1	0
ENSG00000222544	0	2
ENSG00000222546	1	0
ENSG00000222552	0	0
ENSG00000222558	0	0
ENSG00000222560	0	0
ENSG00000222561	12	21
ENSG00000222574	0	0
ENSG00000222578	13	10
ENSG00000222581	11	5
ENSG00000222582	103	82
ENSG00000222583	40	5
ENSG00000222585	10	9
ENSG00000222592	0	0
ENSG00000222594	22	24
ENSG00000222598	0	0
ENSG00000222607	13	8
ENSG00000222608	0	0
ENSG00000222609	0	1
ENSG00000222610	27	23
ENSG00000222612	2	0
ENSG00000222616	0	1
ENSG00000222617	5	2
ENSG00000222623	0	0
ENSG00000222624	1	0
ENSG00000222626	0	1
ENSG00000222627	17	13
ENSG00000222629	19	6
ENSG00000222635	8	6
ENSG00000222636	0	0
ENSG00000222640	12	1
ENSG00000222644	286	90
ENSG00000222650	10	0
ENSG00000222652	0	0
ENSG00000222659	0	0
ENSG00000222663	10	0
ENSG00000222664	1	0
ENSG00000222667	0	0
ENSG00000222675	2	0
ENSG00000222678	63	18
ENSG00000222679	9	4
ENSG00000222682	4	3
ENSG00000222685	14	5
ENSG00000222686	50	17
ENSG00000222691	0	9
ENSG00000222704	0	0
ENSG00000222705	0	0
ENSG00000222706	6	9
ENSG00000222713	0	0
ENSG00000222714	18	14
ENSG00000222715	0	0
ENSG00000222721	6	8
ENSG00000222724	8	21
ENSG00000222726	34	5
ENSG00000222727	0	0
ENSG00000222733	0	0
ENSG00000222740	1	0
ENSG00000222741	1	0
ENSG00000222743	58	11
ENSG00000222747	3	2
ENSG00000222750	0	0
ENSG00000222755	3	0
ENSG00000222760	3	1
ENSG00000222761	15	1
ENSG00000222764	0	3
ENSG00000222765	0	0
ENSG00000222774	0	0
ENSG00000222777	25	52
ENSG00000222778	6	3
ENSG00000222783	0	4
ENSG00000222784	17	13
ENSG00000222790	2	0
ENSG00000222791	0	0
ENSG00000222792	0	0
ENSG00000222795	0	0
ENSG00000222800	18	0
ENSG00000222806	1	0
ENSG00000222808	37	136
ENSG00000222810	28	6
ENSG00000222821	5	0
ENSG00000222826	0	1
ENSG00000222831	6	11
ENSG00000222832	5	2
ENSG00000222835	0	0
ENSG00000222838	0	0
ENSG00000222842	0	0
ENSG00000222844	1	4
ENSG00000222845	37	3
ENSG00000222849	0	0
ENSG00000222854	0	0
ENSG00000222858	17	16
ENSG00000222859	0	0
ENSG00000222862	2	0
ENSG00000222869	6	4
ENSG00000222870	0	0
ENSG00000222872	26	17
ENSG00000222874	0	0
ENSG00000222880	2	4
ENSG00000222889	0	49
ENSG00000222890	0	0
ENSG00000222898	60	12
ENSG00000222909	0	0
ENSG00000222915	13	11
ENSG00000222920	0	0
ENSG00000222921	25	17
ENSG00000222922	15	11
ENSG00000222923	46	45
ENSG00000222924	0	0
ENSG00000222931	8	10
ENSG00000222932	5	11
ENSG00000222934	0	0
ENSG00000222937	0	0
ENSG00000222940	3	0
ENSG00000222942	13	2
ENSG00000222950	0	0
ENSG00000222952	1	0
ENSG00000222955	0	0
ENSG00000222958	13	11
ENSG00000222960	29	7
ENSG00000222969	24	9
ENSG00000222971	0	0
ENSG00000222972	1	0
ENSG00000222973	44	31
ENSG00000222976	1	5
ENSG00000222979	5	1
ENSG00000222982	0	0
ENSG00000222983	0	0
ENSG00000222985	32	16
ENSG00000222986	17	4
ENSG00000222987	0	0
ENSG00000222990	20	15
ENSG00000222998	0	0
ENSG00000223001	2	0
ENSG00000223003	0	0
ENSG00000223007	0	0
ENSG00000223013	30	3
ENSG00000223015	0	0
ENSG00000223019	0	0
ENSG00000223024	0	0
ENSG00000223026	34	27
ENSG00000223037	0	0
ENSG00000223040	22	18
ENSG00000223042	5	8
ENSG00000223044	60	56
ENSG00000223046	0	1
ENSG00000223047	0	0
ENSG00000223056	19	81
ENSG00000223062	1	0
ENSG00000223064	1	0
ENSG00000223075	1	2
ENSG00000223076	1	0
ENSG00000223078	71	20
ENSG00000223086	0	0
ENSG00000223087	5	1
ENSG00000223088	0	0
ENSG00000223092	2	0
ENSG00000223096	0	0
ENSG00000223107	14	8
ENSG00000223109	0	0
ENSG00000223113	22	25
ENSG00000223120	241	88
ENSG00000223125	0	0
ENSG00000223126	3	7
ENSG00000223128	1	0
ENSG00000223131	0	0
ENSG00000223136	3	1
ENSG00000223138	1	0
ENSG00000223142	0	0
ENSG00000223145	11	3
ENSG00000223152	0	0
ENSG00000223156	4	5
ENSG00000223158	1	0
ENSG00000223162	9	6
ENSG00000223168	0	0
ENSG00000223169	0	1
ENSG00000223174	0	0
ENSG00000223175	18	9
ENSG00000223177	6	1
ENSG00000223179	2	0
ENSG00000223181	0	0
ENSG00000223189	2	1
ENSG00000223190	1	1
ENSG00000223191	0	0
ENSG00000223197	0	0
ENSG00000223198	53	18
ENSG00000223202	2	3
ENSG00000223203	3	2
ENSG00000223208	0	0
ENSG00000223212	0	0
ENSG00000223215	6	0
ENSG00000223217	0	0
ENSG00000223223	1	0
ENSG00000223224	22	19
ENSG00000223225	0	0
ENSG00000223229	0	0
ENSG00000223238	18	27
ENSG00000223245	0	5
ENSG00000223247	1	0
ENSG00000223256	0	0
ENSG00000223258	0	0
ENSG00000223259	0	0
ENSG00000223260	2	1
ENSG00000223262	4	3
ENSG00000223263	57	13
ENSG00000223265	0	1
ENSG00000223269	1	0
ENSG00000223273	0	1
ENSG00000223274	2	3
ENSG00000223280	56	38
ENSG00000223281	8	7
ENSG00000223284	0	0
ENSG00000223287	0	0
ENSG00000223290	0	0
ENSG00000223293	0	0
ENSG00000223305	157	66
ENSG00000223306	0	0
ENSG00000223308	0	0
ENSG00000223309	0	0
ENSG00000223315	0	1
ENSG00000223318	0	0
ENSG00000223321	1	0
ENSG00000223324	6	7
ENSG00000223327	0	1
ENSG00000223330	0	0
ENSG00000223335	2	0
ENSG00000223336	8	2
ENSG00000223341	41	38
ENSG00000223350	0	5
ENSG00000223351	12	2
ENSG00000223358	14	4
ENSG00000223381	21	26
ENSG00000223382	10	11
ENSG00000223383	0	0
ENSG00000223387	265	129
ENSG00000223389	14	1
ENSG00000223392	0	0
ENSG00000223394	0	0
ENSG00000223395	0	0
ENSG00000223403	2103	135
ENSG00000223404	0	1
ENSG00000223407	0	0
ENSG00000223409	131	83
ENSG00000223417	625	250
ENSG00000223418	0	1
ENSG00000223431	21	6
ENSG00000223437	6	0
ENSG00000223442	188	68
ENSG00000223443	724	113
ENSG00000223445	0	0
ENSG00000223459	796	1322
ENSG00000223466	163	99
ENSG00000223467	0	0
ENSG00000223478	74	39
ENSG00000223482	10075	5963
ENSG00000223484	5	4
ENSG00000223485	5	25
ENSG00000223489	0	0
ENSG00000223490	1	0
ENSG00000223496	5803	8106
ENSG00000223497	5	0
ENSG00000223500	18	13
ENSG00000223501	3157	4781
ENSG00000223510	103	51
ENSG00000223529	12	2
ENSG00000223534	4	28
ENSG00000223537	9	5
ENSG00000223540	1	1
ENSG00000223543	4	0
ENSG00000223547	1501	1777
ENSG00000223548	0	6
ENSG00000223549	168	46
ENSG00000223550	0	2
ENSG00000223551	17	36
ENSG00000223552	305	165
ENSG00000223553	45	49
ENSG00000223555	0	0
ENSG00000223561	12	76
ENSG00000223564	0	0
ENSG00000223566	3	4
ENSG00000223568	0	0
ENSG00000223569	100	15
ENSG00000223572	0	103
ENSG00000223573	70	64
ENSG00000223574	0	0
ENSG00000223581	0	0
ENSG00000223584	554	55
ENSG00000223587	7	3
ENSG00000223591	1	0
ENSG00000223597	76	130
ENSG00000223601	20	8
ENSG00000223603	0	0
ENSG00000223604	0	1
ENSG00000223609	1	2
ENSG00000223611	951	558
ENSG00000223614	0	0
ENSG00000223617	1	9
ENSG00000223619	11	2
ENSG00000223622	0	0
ENSG00000223626	28	8
ENSG00000223629	0	0
ENSG00000223636	2	3
ENSG00000223638	16	0
ENSG00000223640	0	1
ENSG00000223647	1	4
ENSG00000223648	0	2
ENSG00000223655	0	0
ENSG00000223656	2	13
ENSG00000223658	21	32
ENSG00000223662	0	0
ENSG00000223663	5	1
ENSG00000223668	3	6
ENSG00000223671	2	0
ENSG00000223676	5	0
ENSG00000223677	0	0
ENSG00000223683	0	0
ENSG00000223684	0	0
ENSG00000223685	152	244
ENSG00000223692	62	95
ENSG00000223694	0	1
ENSG00000223702	1	0
ENSG00000223703	0	0
ENSG00000223709	0	0
ENSG00000223710	0	0
ENSG00000223714	9	5
ENSG00000223717	0	0
ENSG00000223729	1	0
ENSG00000223731	5	35
ENSG00000223733	1	0
ENSG00000223734	4	2
ENSG00000223735	14	2
ENSG00000223739	3	3
ENSG00000223744	0	0
ENSG00000223764	768	62
ENSG00000223768	2470	1189
ENSG00000223770	1669	739
ENSG00000223772	1	0
ENSG00000223776	37	85
ENSG00000223788	5	0
ENSG00000223791	33	15
ENSG00000223794	1	0
ENSG00000223802	760	186
ENSG00000223806	102	80
ENSG00000223807	1	3
ENSG00000223810	0	1
ENSG00000223817	11	3
ENSG00000223823	0	4
ENSG00000223845	2	0
ENSG00000223850	0	0
ENSG00000223855	471	856
ENSG00000223856	0	0
ENSG00000223863	0	0
ENSG00000223865	642	3823
ENSG00000223876	0	4
ENSG00000223877	0	0
ENSG00000223882	44	90
ENSG00000223883	456	219
ENSG00000223891	1788	1670
ENSG00000223893	3	19
ENSG00000223903	4	0
ENSG00000223904	0	0
ENSG00000223910	14	0
ENSG00000223912	0	1
ENSG00000223915	14	5
ENSG00000223921	3	4
ENSG00000223922	65	28
ENSG00000223923	171	122
ENSG00000223940	0	0
ENSG00000223941	0	0
ENSG00000223945	51	21
ENSG00000223949	2719	1144
ENSG00000223953	366	1306
ENSG00000223955	0	0
ENSG00000223956	111	74
ENSG00000223960	1700	1229
ENSG00000223963	1	0
ENSG00000223970	0	0
ENSG00000223974	82	172
ENSG00000223978	0	0
ENSG00000223979	27	27
ENSG00000223985	0	0
ENSG00000223987	0	0
ENSG00000223993	0	0
ENSG00000223995	5	0
ENSG00000223997	0	0
ENSG00000224004	45	0
ENSG00000224008	6	2
ENSG00000224017	589	70
ENSG00000224019	185	6
ENSG00000224020	354	68
ENSG00000224023	95	34
ENSG00000224033	0	0
ENSG00000224034	2	8
ENSG00000224041	0	0
ENSG00000224042	3	11
ENSG00000224045	0	0
ENSG00000224046	19	26
ENSG00000224048	0	0
ENSG00000224051	935	10534
ENSG00000224055	25	33
ENSG00000224057	668	261
ENSG00000224062	1	6
ENSG00000224064	0	0
ENSG00000224070	0	0
ENSG00000224072	153	109
ENSG00000224074	161	270
ENSG00000224075	0	0
ENSG00000224083	183	121
ENSG00000224085	0	0
ENSG00000224089	0	0
ENSG00000224095	10	1
ENSG00000224101	55	55
ENSG00000224107	0	0
ENSG00000224109	3	1
ENSG00000224116	365	64
ENSG00000224122	0	1
ENSG00000224137	19	6
ENSG00000224141	104	80
ENSG00000224151	0	0
ENSG00000224152	672	630
ENSG00000224153	211	175
ENSG00000224157	6	6
ENSG00000224164	0	2
ENSG00000224165	649	365
ENSG00000224166	0	1
ENSG00000224173	229	7
ENSG00000224177	35	28
ENSG00000224184	40	15
ENSG00000224186	312	213
ENSG00000224189	1675	48
ENSG00000224190	22	0
ENSG00000224203	65	51
ENSG00000224204	11	5
ENSG00000224209	72	72
ENSG00000224210	0	0
ENSG00000224221	44	0
ENSG00000224223	0	0
ENSG00000224227	5	0
ENSG00000224233	0	0
ENSG00000224236	0	0
ENSG00000224243	14	3
ENSG00000224244	0	4
ENSG00000224254	1	1
ENSG00000224255	32	23
ENSG00000224257	3	0
ENSG00000224259	136	200
ENSG00000224261	31	13
ENSG00000224271	8943	443
ENSG00000224274	7	1
ENSG00000224276	1	0
ENSG00000224279	1	1
ENSG00000224281	156	158
ENSG00000224286	3	2
ENSG00000224288	0	1
ENSG00000224292	10	17
ENSG00000224294	108	78
ENSG00000224296	11	6
ENSG00000224299	30	9
ENSG00000224300	0	0
ENSG00000224308	15	1
ENSG00000224310	111	94
ENSG00000224314	0	0
ENSG00000224315	125	76
ENSG00000224316	58	15
ENSG00000224318	32	670
ENSG00000224328	4	8
ENSG00000224329	0	0
ENSG00000224338	0	0
ENSG00000224346	1	0
ENSG00000224347	0	0
ENSG00000224349	7	13
ENSG00000224351	0	0
ENSG00000224353	0	0
ENSG00000224354	94	3
ENSG00000224373	2	46
ENSG00000224382	43	25
ENSG00000224383	135	419
ENSG00000224389	173	6595
ENSG00000224396	6	4
ENSG00000224397	148	397
ENSG00000224401	48	68
ENSG00000224402	821	615
ENSG00000224405	0	0
ENSG00000224406	8	9
ENSG00000224419	0	0
ENSG00000224420	39	79
ENSG00000224421	4	1
ENSG00000224424	332	337
ENSG00000224429	286	89
ENSG00000224437	0	1
ENSG00000224438	8	3
ENSG00000224439	0	0
ENSG00000224443	4	0
ENSG00000224445	7	6
ENSG00000224451	29	16
ENSG00000224459	2	0
ENSG00000224462	94	6
ENSG00000224464	92	78
ENSG00000224468	41	55
ENSG00000224470	4938	9136
ENSG00000224473	1	2
ENSG00000224475	2	1
ENSG00000224488	209	12
ENSG00000224494	9	5
ENSG00000224498	0	0
ENSG00000224506	2	2
ENSG00000224509	25	10
ENSG00000224511	34	16
ENSG00000224514	17	6
ENSG00000224516	1	1
ENSG00000224517	2	0
ENSG00000224519	0	0
ENSG00000224520	0	0
ENSG00000224524	0	0
ENSG00000224530	7	15
ENSG00000224531	1764	1976
ENSG00000224533	272	69
ENSG00000224535	0	1
ENSG00000224536	126	120
ENSG00000224546	21	12
ENSG00000224551	55	30
ENSG00000224557	115	113
ENSG00000224559	398	251
ENSG00000224563	104	40
ENSG00000224568	87	49
ENSG00000224573	0	1
ENSG00000224574	76	104
ENSG00000224577	108	12
ENSG00000224578	910	241
ENSG00000224582	0	0
ENSG00000224586	0	0
ENSG00000224590	5	1
ENSG00000224596	141	98
ENSG00000224598	44	31
ENSG00000224606	0	1
ENSG00000224613	133	48
ENSG00000224622	0	0
ENSG00000224625	0	0
ENSG00000224627	0	0
ENSG00000224631	172	57
ENSG00000224634	0	0
ENSG00000224646	0	0
ENSG00000224650	0	37
ENSG00000224652	4	3
ENSG00000224655	44	21
ENSG00000224657	0	1
ENSG00000224659	0	0
ENSG00000224660	2078	1008
ENSG00000224668	4	5
ENSG00000224674	16	16
ENSG00000224678	52	13
ENSG00000224682	7	4
ENSG00000224683	21	13
ENSG00000224686	0	0
ENSG00000224687	836	631
ENSG00000224690	21	6
ENSG00000224695	1	1
ENSG00000224697	0	0
ENSG00000224699	1162	658
ENSG00000224706	40	62
ENSG00000224707	166	94
ENSG00000224709	4	2
ENSG00000224712	87	56
ENSG00000224714	53	33
ENSG00000224717	109	85
ENSG00000224718	4	1
ENSG00000224721	9	24
ENSG00000224729	477	106
ENSG00000224743	153	131
ENSG00000224747	83	14
ENSG00000224752	11	0
ENSG00000224758	0	9
ENSG00000224763	4	2
ENSG00000224765	0	0
ENSG00000224773	1	1
ENSG00000224775	80	29
ENSG00000224777	0	0
ENSG00000224781	1	1
ENSG00000224784	0	0
ENSG00000224788	0	0
ENSG00000224790	303	291
ENSG00000224791	0	2
ENSG00000224796	7	15
ENSG00000224800	0	6
ENSG00000224802	54	63
ENSG00000224805	3	6
ENSG00000224807	0	4
ENSG00000224809	4	0
ENSG00000224812	409	273
ENSG00000224821	117	204
ENSG00000224831	31	51
ENSG00000224832	8	4
ENSG00000224843	347	37
ENSG00000224846	34	15
ENSG00000224852	0	6
ENSG00000224855	80	30
ENSG00000224863	2	1
ENSG00000224866	0	0
ENSG00000224870	680	809
ENSG00000224873	0	0
ENSG00000224877	256	832
ENSG00000224880	1	0
ENSG00000224891	95	36
ENSG00000224892	101	24
ENSG00000224893	401	193
ENSG00000224895	125	172
ENSG00000224897	1744	936
ENSG00000224902	0	0
ENSG00000224904	2	28
ENSG00000224907	0	0
ENSG00000224910	32	21
ENSG00000224914	1875	1615
ENSG00000224924	742	344
ENSG00000224932	0	0
ENSG00000224934	1559	859
ENSG00000224939	24	13
ENSG00000224940	124	226
ENSG00000224942	0	0
ENSG00000224947	0	0
ENSG00000224949	13	8
ENSG00000224953	0	0
ENSG00000224955	2	0
ENSG00000224957	380	237
ENSG00000224958	89	155
ENSG00000224960	0	0
ENSG00000224968	2	2
ENSG00000224973	713	920
ENSG00000224975	356	242
ENSG00000224976	7	1
ENSG00000224980	4	13
ENSG00000224982	59	73
ENSG00000224986	162	112
ENSG00000224995	0	1
ENSG00000224999	0	0
ENSG00000225003	0	0
ENSG00000225005	55	36
ENSG00000225016	4	4
ENSG00000225024	0	2
ENSG00000225036	121	15
ENSG00000225037	48	20
ENSG00000225043	31	71
ENSG00000225045	0	3
ENSG00000225051	42	38
ENSG00000225062	5	16
ENSG00000225072	0	0
ENSG00000225079	0	2
ENSG00000225091	72	10
ENSG00000225093	3	0
ENSG00000225100	41	48
ENSG00000225101	229	62
ENSG00000225110	0	2
ENSG00000225121	0	0
ENSG00000225124	35	24
ENSG00000225127	0	1
ENSG00000225128	0	0
ENSG00000225131	0	6
ENSG00000225133	29	5
ENSG00000225137	3	6
ENSG00000225147	8	1
ENSG00000225154	18	51
ENSG00000225158	0	0
ENSG00000225159	24	2
ENSG00000225171	28	12
ENSG00000225174	48	0
ENSG00000225179	0	0
ENSG00000225180	43	3
ENSG00000225190	2870	7647
ENSG00000225194	144	115
ENSG00000225196	2	1
ENSG00000225206	196	110
ENSG00000225215	170	42
ENSG00000225217	45	212
ENSG00000225222	232	30
ENSG00000225224	86	48
ENSG00000225225	0	0
ENSG00000225231	1	2
ENSG00000225235	5	8
ENSG00000225239	11	1
ENSG00000225242	0	0
ENSG00000225246	16	5
ENSG00000225251	3	0
ENSG00000225254	0	0
ENSG00000225263	27	16
ENSG00000225265	91	76
ENSG00000225267	1	1
ENSG00000225269	10	10
ENSG00000225270	1	1
ENSG00000225271	0	0
ENSG00000225276	0	0
ENSG00000225287	0	0
ENSG00000225289	0	0
ENSG00000225294	0	0
ENSG00000225298	166	61
ENSG00000225308	0	4
ENSG00000225310	0	0
ENSG00000225321	354	159
ENSG00000225323	1	0
ENSG00000225327	0	2
ENSG00000225329	89	65
ENSG00000225338	35	95
ENSG00000225342	1	3
ENSG00000225343	0	0
ENSG00000225349	111	104
ENSG00000225352	0	0
ENSG00000225354	0	0
ENSG00000225357	0	0
ENSG00000225361	302	228
ENSG00000225362	9	22
ENSG00000225364	101	93
ENSG00000225376	7	26
ENSG00000225377	1661	1960
ENSG00000225381	1	0
ENSG00000225383	188	103
ENSG00000225396	1	0
ENSG00000225404	1	0
ENSG00000225405	1	0
ENSG00000225419	15	3
ENSG00000225423	93	31
ENSG00000225428	0	0
ENSG00000225431	235	114
ENSG00000225433	0	0
ENSG00000225434	394	300
ENSG00000225437	5	6
ENSG00000225438	0	0
ENSG00000225439	1040	455
ENSG00000225444	0	0
ENSG00000225462	0	0
ENSG00000225470	8904	2483
ENSG00000225472	18	96
ENSG00000225476	0	0
ENSG00000225479	30	32
ENSG00000225482	0	0
ENSG00000225483	1	0
ENSG00000225484	5871	3992
ENSG00000225489	5	4
ENSG00000225491	2	3
ENSG00000225493	43	14
ENSG00000225497	45	2
ENSG00000225499	0	0
ENSG00000225501	0	0
ENSG00000225502	0	7
ENSG00000225509	0	1
ENSG00000225514	5	2
ENSG00000225523	0	2
ENSG00000225526	221	196
ENSG00000225533	35	8
ENSG00000225535	65	58
ENSG00000225538	0	0
ENSG00000225539	1438	793
ENSG00000225542	8	6
ENSG00000225546	27	23
ENSG00000225548	25	18
ENSG00000225556	13	52
ENSG00000225557	1	2
ENSG00000225564	148	125
ENSG00000225569	56	1
ENSG00000225572	164	183
ENSG00000225573	5	2
ENSG00000225578	29	24
ENSG00000225581	0	0
ENSG00000225595	98	42
ENSG00000225602	67	75
ENSG00000225609	0	0
ENSG00000225611	23	44
ENSG00000225614	2363	1364
ENSG00000225619	0	0
ENSG00000225622	0	0
ENSG00000225623	9	4
ENSG00000225624	0	0
ENSG00000225626	6	5
ENSG00000225630	4430	51435
ENSG00000225636	42	27
ENSG00000225640	3	12
ENSG00000225644	0	0
ENSG00000225657	109	60
ENSG00000225658	17	20
ENSG00000225663	2408	4572
ENSG00000225669	0	0
ENSG00000225675	63	75
ENSG00000225683	506	207
ENSG00000225684	181	43
ENSG00000225697	1101	714
ENSG00000225698	1	10
ENSG00000225706	162	118
ENSG00000225713	0	0
ENSG00000225716	0	0
ENSG00000225722	0	0
ENSG00000225723	1	0
ENSG00000225724	4	0
ENSG00000225725	62	25
ENSG00000225731	114	91
ENSG00000225733	5700	9856
ENSG00000225735	0	0
ENSG00000225738	3	0
ENSG00000225740	0	0
ENSG00000225756	82	27
ENSG00000225758	0	0
ENSG00000225759	0	0
ENSG00000225764	38	50
ENSG00000225765	0	0
ENSG00000225768	7	3
ENSG00000225769	0	0
ENSG00000225778	156	112
ENSG00000225781	29	2
ENSG00000225783	841	666
ENSG00000225791	820	779
ENSG00000225792	60	17
ENSG00000225793	1093	572
ENSG00000225796	9	92
ENSG00000225801	0	0
ENSG00000225802	0	0
ENSG00000225805	1	2
ENSG00000225809	0	0
ENSG00000225823	0	0
ENSG00000225825	0	0
ENSG00000225826	8	0
ENSG00000225828	430	342
ENSG00000225830	3985	2664
ENSG00000225831	5	10
ENSG00000225843	344	0
ENSG00000225849	37	3
ENSG00000225855	661	450
ENSG00000225856	0	0
ENSG00000225877	16	29
ENSG00000225878	0	0
ENSG00000225882	0	4
ENSG00000225883	11	32
ENSG00000225899	26	6
ENSG00000225901	1	6
ENSG00000225907	21	32
ENSG00000225912	1	0
ENSG00000225914	2357	889
ENSG00000225919	0	0
ENSG00000225921	1523	1642
ENSG00000225922	0	2
ENSG00000225924	0	0
ENSG00000225930	101	27
ENSG00000225934	60	20
ENSG00000225936	0	11
ENSG00000225937	366	221
ENSG00000225942	0	1
ENSG00000225944	0	0
ENSG00000225950	143	33
ENSG00000225951	37	22
ENSG00000225953	3	16
ENSG00000225959	0	0
ENSG00000225968	1273	1542
ENSG00000225972	133	2205
ENSG00000225973	231	194
ENSG00000225975	680	466
ENSG00000225980	0	0
ENSG00000225981	35	49
ENSG00000225988	1	0
ENSG00000225991	7	20
ENSG00000225997	0	0
ENSG00000225999	0	0
ENSG00000226002	51	36
ENSG00000226003	0	4
ENSG00000226005	76	237
ENSG00000226011	0	0
ENSG00000226015	168	53
ENSG00000226017	219	126
ENSG00000226023	0	0
ENSG00000226026	2056	1549
ENSG00000226029	534	316
ENSG00000226031	42	44
ENSG00000226037	0	0
ENSG00000226049	31	7
ENSG00000226051	19	45
ENSG00000226053	627	319
ENSG00000226070	225	44
ENSG00000226075	0	0
ENSG00000226080	0	0
ENSG00000226083	1034	388
ENSG00000226086	2	1
ENSG00000226091	549	240
ENSG00000226093	0	0
ENSG00000226094	41	226
ENSG00000226101	29	103
ENSG00000226102	4	0
ENSG00000226107	15	5
ENSG00000226112	0	0
ENSG00000226114	1	0
ENSG00000226118	1	3
ENSG00000226122	0	0
ENSG00000226124	1878	446
ENSG00000226125	70	47
ENSG00000226126	0	0
ENSG00000226128	3	4
ENSG00000226132	15	10
ENSG00000226137	1320	1329
ENSG00000226140	6	10
ENSG00000226144	10	4
ENSG00000226153	9	3
ENSG00000226156	0	0
ENSG00000226157	0	0
ENSG00000226159	6	8
ENSG00000226164	2	1
ENSG00000226167	197	109
ENSG00000226174	366	72
ENSG00000226185	0	0
ENSG00000226194	12	1
ENSG00000226203	113	40
ENSG00000226210	722	496
ENSG00000226216	37	14
ENSG00000226217	0	0
ENSG00000226221	62	15
ENSG00000226222	1	0
ENSG00000226223	0	0
ENSG00000226232	80	90
ENSG00000226234	2	0
ENSG00000226235	70	41
ENSG00000226237	566	111
ENSG00000226240	322	103
ENSG00000226245	96	12
ENSG00000226246	0	0
ENSG00000226250	9	11
ENSG00000226251	54	66
ENSG00000226254	134	5
ENSG00000226255	0	0
ENSG00000226258	1	0
ENSG00000226262	0	0
ENSG00000226272	43	166
ENSG00000226278	81	14
ENSG00000226279	14	11
ENSG00000226288	28	12
ENSG00000226289	2	0
ENSG00000226292	5	1
ENSG00000226297	23	4
ENSG00000226298	0	0
ENSG00000226299	0	0
ENSG00000226307	0	0
ENSG00000226309	752	0
ENSG00000226312	859	2018
ENSG00000226313	0	0
ENSG00000226314	223	152
ENSG00000226317	4	3
ENSG00000226318	301	96
ENSG00000226320	56	53
ENSG00000226321	39	25
ENSG00000226327	0	0
ENSG00000226328	516	435
ENSG00000226331	0	0
ENSG00000226336	0	0
ENSG00000226337	1	2
ENSG00000226341	0	0
ENSG00000226344	0	0
ENSG00000226348	2	0
ENSG00000226358	0	0
ENSG00000226359	10	2
ENSG00000226360	23	26
ENSG00000226364	8	6
ENSG00000226367	474	381
ENSG00000226370	0	0
ENSG00000226372	0	3
ENSG00000226374	8	6
ENSG00000226383	36	61
ENSG00000226386	8	3
ENSG00000226387	1	6
ENSG00000226392	9	2
ENSG00000226393	13	30
ENSG00000226395	7	0
ENSG00000226397	221	180
ENSG00000226406	1	2
ENSG00000226407	0	0
ENSG00000226413	23	11
ENSG00000226414	1	1
ENSG00000226416	87	117
ENSG00000226419	4349	2069
ENSG00000226421	0	0
ENSG00000226428	0	1
ENSG00000226430	420	29
ENSG00000226436	4	8
ENSG00000226446	0	0
ENSG00000226448	99	81
ENSG00000226450	50	23
ENSG00000226457	33	29
ENSG00000226469	189	376
ENSG00000226476	793	418
ENSG00000226479	2614	4659
ENSG00000226480	1	0
ENSG00000226482	106	454
ENSG00000226485	0	0
ENSG00000226488	19	16
ENSG00000226493	19	30
ENSG00000226496	9	6
ENSG00000226497	3	1
ENSG00000226498	46	71
ENSG00000226501	21	4
ENSG00000226508	4	1
ENSG00000226510	39	29
ENSG00000226516	3	19
ENSG00000226525	9	0
ENSG00000226529	0	0
ENSG00000226533	143	72
ENSG00000226544	2	1
ENSG00000226547	0	0
ENSG00000226555	18	9
ENSG00000226556	2	4
ENSG00000226562	38	41
ENSG00000226567	0	0
ENSG00000226572	2	0
ENSG00000226579	1	0
ENSG00000226581	283	107
ENSG00000226582	0	3
ENSG00000226590	0	0
ENSG00000226597	1	0
ENSG00000226600	0	0
ENSG00000226609	49	6
ENSG00000226611	0	0
ENSG00000226616	1	0
ENSG00000226617	2	1
ENSG00000226620	440	199
ENSG00000226625	16	32
ENSG00000226626	0	1
ENSG00000226627	133	79
ENSG00000226629	13	19
ENSG00000226631	9	4
ENSG00000226633	1	0
ENSG00000226642	10	1
ENSG00000226645	0	1
ENSG00000226646	2	0
ENSG00000226648	859	424
ENSG00000226650	9	4
ENSG00000226653	1	1
ENSG00000226659	2	7
ENSG00000226660	0	6
ENSG00000226662	0	0
ENSG00000226663	0	4
ENSG00000226665	0	0
ENSG00000226673	44	11
ENSG00000226674	487	269
ENSG00000226676	60	7
ENSG00000226685	1	3
ENSG00000226686	1025	558
ENSG00000226688	4202	2249
ENSG00000226696	1036	630
ENSG00000226700	0	0
ENSG00000226705	6	27
ENSG00000226709	152	54
ENSG00000226711	833	279
ENSG00000226715	15	3
ENSG00000226717	22	11
ENSG00000226718	0	0
ENSG00000226721	0	0
ENSG00000226722	46	35
ENSG00000226725	0	0
ENSG00000226726	48	11
ENSG00000226729	5	5
ENSG00000226734	0	1
ENSG00000226741	32	51
ENSG00000226742	228	550
ENSG00000226746	300	292
ENSG00000226754	59	44
ENSG00000226758	470	248
ENSG00000226759	263	527
ENSG00000226761	106	16
ENSG00000226763	118	56
ENSG00000226765	11	0
ENSG00000226769	10	7
ENSG00000226770	1	0
ENSG00000226776	0	0
ENSG00000226777	40	60
ENSG00000226780	5	0
ENSG00000226784	47	27
ENSG00000226791	195	135
ENSG00000226794	0	2
ENSG00000226800	76	63
ENSG00000226802	0	1
ENSG00000226806	13	12
ENSG00000226807	13	123
ENSG00000226808	102	190
ENSG00000226812	0	1
ENSG00000226813	0	0
ENSG00000226828	0	0
ENSG00000226831	0	2
ENSG00000226833	247	272
ENSG00000226835	59	47
ENSG00000226836	0	0
ENSG00000226837	0	0
ENSG00000226839	0	0
ENSG00000226845	2	3
ENSG00000226846	0	1
ENSG00000226847	0	3
ENSG00000226851	26	14
ENSG00000226855	4	3
ENSG00000226856	22	2
ENSG00000226857	1	0
ENSG00000226869	94	40
ENSG00000226873	0	0
ENSG00000226874	71	49
ENSG00000226876	547	66
ENSG00000226884	0	0
ENSG00000226887	1348	1056
ENSG00000226888	0	0
ENSG00000226891	1848	1267
ENSG00000226902	0	0
ENSG00000226903	9	3
ENSG00000226906	0	1
ENSG00000226908	0	0
ENSG00000226913	100	113
ENSG00000226915	0	0
ENSG00000226917	127	2
ENSG00000226921	60	5
ENSG00000226925	0	0
ENSG00000226926	0	1
ENSG00000226929	0	2
ENSG00000226935	109	94
ENSG00000226937	229	85
ENSG00000226941	0	0
ENSG00000226943	0	0
ENSG00000226944	135	27
ENSG00000226947	0	0
ENSG00000226948	88	73
ENSG00000226950	4281	4467
ENSG00000226953	42	47
ENSG00000226960	2	2
ENSG00000226969	0	0
ENSG00000226978	0	0
ENSG00000226979	3	7
ENSG00000226982	55	11
ENSG00000226983	22	18
ENSG00000226985	729	381
ENSG00000226995	28	32
ENSG00000226998	0	0
ENSG00000227000	71	4
ENSG00000227007	117	93
ENSG00000227011	0	0
ENSG00000227013	0	0
ENSG00000227019	0	0
ENSG00000227023	0	0
ENSG00000227028	5211	5352
ENSG00000227032	2	27
ENSG00000227035	27	0
ENSG00000227036	1003	650
ENSG00000227039	161	125
ENSG00000227043	0	0
ENSG00000227053	277	99
ENSG00000227056	129	25
ENSG00000227057	1825	1848
ENSG00000227059	0	0
ENSG00000227060	586	568
ENSG00000227070	40	43
ENSG00000227071	27	48
ENSG00000227082	166	202
ENSG00000227091	1	0
ENSG00000227104	0	0
ENSG00000227105	6	3
ENSG00000227108	0	0
ENSG00000227109	0	1
ENSG00000227110	1629	872
ENSG00000227115	599	283
ENSG00000227117	27	9
ENSG00000227124	2078	631
ENSG00000227134	0	0
ENSG00000227140	0	1
ENSG00000227143	0	0
ENSG00000227145	2	0
ENSG00000227149	3	2
ENSG00000227151	0	0
ENSG00000227152	42	22
ENSG00000227165	214	140
ENSG00000227166	0	0
ENSG00000227181	0	0
ENSG00000227182	0	2
ENSG00000227187	2	0
ENSG00000227188	12	28
ENSG00000227191	1	46
ENSG00000227195	632195	399293
ENSG00000227196	0	0
ENSG00000227199	83	234
ENSG00000227204	0	1
ENSG00000227207	2	0
ENSG00000227209	0	0
ENSG00000227210	151	75
ENSG00000227211	46	14
ENSG00000227213	26	29
ENSG00000227225	2	5
ENSG00000227234	0	0
ENSG00000227237	1	1
ENSG00000227238	1	1
ENSG00000227244	1	0
ENSG00000227251	0	0
ENSG00000227252	1517	731
ENSG00000227258	653	91
ENSG00000227260	19	20
ENSG00000227265	0	1
ENSG00000227268	130	130
ENSG00000227274	327	167
ENSG00000227275	0	0
ENSG00000227283	0	0
ENSG00000227284	0	0
ENSG00000227289	160	53
ENSG00000227290	7	15
ENSG00000227321	102	31
ENSG00000227331	142	41
ENSG00000227335	0	0
ENSG00000227337	4	1
ENSG00000227339	1	0
ENSG00000227342	0	0
ENSG00000227343	0	0
ENSG00000227344	1	0
ENSG00000227345	3015	1514
ENSG00000227347	6	4
ENSG00000227348	7	57
ENSG00000227349	1	0
ENSG00000227350	1	1
ENSG00000227351	2	0
ENSG00000227354	563	377
ENSG00000227356	1	5
ENSG00000227357	242	1734
ENSG00000227359	27	46
ENSG00000227373	496	464
ENSG00000227375	3	8
ENSG00000227392	91	181
ENSG00000227394	43	4
ENSG00000227395	2	2
ENSG00000227401	4	0
ENSG00000227403	4	9
ENSG00000227404	0	0
ENSG00000227408	2	0
ENSG00000227409	177	40
ENSG00000227411	0	0
ENSG00000227412	34	17
ENSG00000227418	1	3
ENSG00000227423	0	0
ENSG00000227426	0	0
ENSG00000227430	0	0
ENSG00000227431	37	8
ENSG00000227437	1	0
ENSG00000227439	0	0
ENSG00000227443	0	0
ENSG00000227445	0	0
ENSG00000227456	316	256
ENSG00000227462	0	0
ENSG00000227466	3	0
ENSG00000227467	553	312
ENSG00000227470	41	0
ENSG00000227471	272	154
ENSG00000227473	96	102
ENSG00000227474	17	9
ENSG00000227477	77	40
ENSG00000227480	1	0
ENSG00000227488	0	0
ENSG00000227494	1	2
ENSG00000227495	107	185
ENSG00000227500	2831	2402
ENSG00000227502	200	116
ENSG00000227507	28	59
ENSG00000227508	2	16
ENSG00000227510	232	88
ENSG00000227517	192	157
ENSG00000227521	0	0
ENSG00000227523	51	50
ENSG00000227525	1	1
ENSG00000227528	70	0
ENSG00000227533	393	188
ENSG00000227534	22	5
ENSG00000227536	72	33
ENSG00000227542	51	70
ENSG00000227544	299	259
ENSG00000227547	0	0
ENSG00000227550	0	0
ENSG00000227551	0	0
ENSG00000227555	14	12
ENSG00000227557	0	0
ENSG00000227560	145	78
ENSG00000227564	3	0
ENSG00000227578	0	0
ENSG00000227582	115	45
ENSG00000227583	178	5
ENSG00000227584	0	0
ENSG00000227588	32	6
ENSG00000227591	4	25
ENSG00000227592	0	0
ENSG00000227597	4	0
ENSG00000227599	3	1
ENSG00000227609	0	0
ENSG00000227610	7	0
ENSG00000227611	0	0
ENSG00000227613	5	0
ENSG00000227617	93	75
ENSG00000227620	1	0
ENSG00000227630	8	16
ENSG00000227633	0	0
ENSG00000227634	1	5
ENSG00000227635	32	8
ENSG00000227640	77	45
ENSG00000227645	0	0
ENSG00000227646	59	9
ENSG00000227649	58	8
ENSG00000227657	0	0
ENSG00000227659	43	27
ENSG00000227661	0	0
ENSG00000227674	150	88
ENSG00000227676	7	3
ENSG00000227684	24	17
ENSG00000227685	0	0
ENSG00000227688	2	8
ENSG00000227689	7	1
ENSG00000227692	98	6
ENSG00000227693	0	0
ENSG00000227694	37	14
ENSG00000227695	201	291
ENSG00000227707	0	0
ENSG00000227714	25	33
ENSG00000227721	0	0
ENSG00000227729	191	476
ENSG00000227730	109	38
ENSG00000227735	5	0
ENSG00000227736	26	5
ENSG00000227740	62	14
ENSG00000227744	43	12
ENSG00000227751	70	0
ENSG00000227759	15	1
ENSG00000227770	0	0
ENSG00000227777	2	5
ENSG00000227788	48	13
ENSG00000227789	1	1
ENSG00000227791	7	1
ENSG00000227795	23	19
ENSG00000227800	0	0
ENSG00000227805	15	1
ENSG00000227806	0	0
ENSG00000227811	72	143
ENSG00000227827	23	49
ENSG00000227830	0	0
ENSG00000227837	0	0
ENSG00000227841	29	3
ENSG00000227846	0	0
ENSG00000227847	0	0
ENSG00000227850	0	0
ENSG00000227860	0	4
ENSG00000227867	0	0
ENSG00000227868	29	1
ENSG00000227874	0	0
ENSG00000227875	0	0
ENSG00000227877	195	118
ENSG00000227879	6	2
ENSG00000227881	0	0
ENSG00000227883	0	0
ENSG00000227890	1	0
ENSG00000227892	0	0
ENSG00000227896	272	99
ENSG00000227906	232	164
ENSG00000227908	102	40
ENSG00000227913	26	100
ENSG00000227915	0	0
ENSG00000227922	0	0
ENSG00000227927	26	7
ENSG00000227929	181	46
ENSG00000227937	5	3
ENSG00000227939	4	7
ENSG00000227940	0	0
ENSG00000227941	3	2
ENSG00000227942	3	2
ENSG00000227947	5	0
ENSG00000227954	188	161
ENSG00000227963	58	67
ENSG00000227964	81	108
ENSG00000227970	0	0
ENSG00000227972	0	0
ENSG00000227982	0	0
ENSG00000227983	0	0
ENSG00000227995	0	0
ENSG00000227999	70	31
ENSG00000228000	48	32
ENSG00000228013	24	46
ENSG00000228016	178	64
ENSG00000228022	42	50
ENSG00000228024	0	0
ENSG00000228035	7	50
ENSG00000228038	7	0
ENSG00000228046	7	0
ENSG00000228049	1341	786
ENSG00000228055	212	82
ENSG00000228057	16	29
ENSG00000228058	2	1
ENSG00000228063	175	131
ENSG00000228067	4	0
ENSG00000228069	57	32
ENSG00000228071	6	1
ENSG00000228075	1	0
ENSG00000228083	0	0
ENSG00000228092	16	3
ENSG00000228097	83	27
ENSG00000228100	11	3
ENSG00000228105	0	0
ENSG00000228109	128	32
ENSG00000228110	0	0
ENSG00000228127	33	18
ENSG00000228131	0	0
ENSG00000228140	158	102
ENSG00000228149	9	58
ENSG00000228159	1	1
ENSG00000228166	139	57
ENSG00000228168	3	0
ENSG00000228182	0	0
ENSG00000228189	44	34
ENSG00000228190	41	0
ENSG00000228192	287	206
ENSG00000228198	6935	3775
ENSG00000228203	1640	318
ENSG00000228208	2	1
ENSG00000228210	0	0
ENSG00000228212	258	206
ENSG00000228213	170	37
ENSG00000228219	16	12
ENSG00000228221	104	96
ENSG00000228223	3365	1665
ENSG00000228224	44	21
ENSG00000228237	4	1
ENSG00000228240	0	0
ENSG00000228241	0	0
ENSG00000228262	397	234
ENSG00000228264	3	40
ENSG00000228271	3	2
ENSG00000228277	0	0
ENSG00000228278	4	7
ENSG00000228288	173	27
ENSG00000228290	533	56
ENSG00000228296	0	1
ENSG00000228300	513	663
ENSG00000228301	0	0
ENSG00000228304	0	0
ENSG00000228307	105	171
ENSG00000228308	7	7
ENSG00000228309	8	0
ENSG00000228315	2936	2009
ENSG00000228316	128	27
ENSG00000228317	73	77
ENSG00000228319	11	7
ENSG00000228325	0	6
ENSG00000228329	23	22
ENSG00000228331	3	0
ENSG00000228336	553	237
ENSG00000228337	1	12
ENSG00000228338	0	0
ENSG00000228339	6	2
ENSG00000228340	2729	1868
ENSG00000228349	27	5
ENSG00000228350	23	24
ENSG00000228358	556	298
ENSG00000228363	618	371
ENSG00000228369	33	35
ENSG00000228374	0	0
ENSG00000228375	0	1
ENSG00000228382	45	102
ENSG00000228383	11	0
ENSG00000228397	2	0
ENSG00000228400	19	9
ENSG00000228410	1	0
ENSG00000228412	174	125
ENSG00000228414	68	121
ENSG00000228422	137	87
ENSG00000228431	21	5
ENSG00000228433	0	1
ENSG00000228436	254	379
ENSG00000228440	1	4
ENSG00000228462	0	1
ENSG00000228474	3173	8712
ENSG00000228476	0	0
ENSG00000228489	3	0
ENSG00000228495	102	41
ENSG00000228501	20	6
ENSG00000228504	0	0
ENSG00000228517	0	2
ENSG00000228523	0	0
ENSG00000228526	467	476
ENSG00000228544	216	209
ENSG00000228546	0	0
ENSG00000228557	0	0
ENSG00000228564	7	3
ENSG00000228567	0	0
ENSG00000228568	74	102
ENSG00000228570	1036	814
ENSG00000228571	0	0
ENSG00000228594	822	208
ENSG00000228595	2	0
ENSG00000228597	0	0
ENSG00000228598	2	1
ENSG00000228599	41	85
ENSG00000228606	327	323
ENSG00000228607	0	0
ENSG00000228610	0	0
ENSG00000228623	267	261
ENSG00000228624	413	206
ENSG00000228630	4	0
ENSG00000228646	1	0
ENSG00000228649	971	836
ENSG00000228653	178	173
ENSG00000228656	1	1
ENSG00000228659	0	0
ENSG00000228660	0	0
ENSG00000228661	2	11
ENSG00000228666	20	20
ENSG00000228668	4	11
ENSG00000228672	1343	11108
ENSG00000228677	236	36
ENSG00000228688	0	0
ENSG00000228694	0	0
ENSG00000228696	4120	1433
ENSG00000228701	19	49
ENSG00000228705	2	1
ENSG00000228716	4345	1497
ENSG00000228717	0	1
ENSG00000228723	236	34
ENSG00000228725	37	44
ENSG00000228727	142	27
ENSG00000228728	46	57
ENSG00000228730	1609	518
ENSG00000228740	52	0
ENSG00000228742	236	160
ENSG00000228744	4	2
ENSG00000228753	26	26
ENSG00000228754	0	2
ENSG00000228759	2	0
ENSG00000228763	59	84
ENSG00000228766	0	0
ENSG00000228767	0	0
ENSG00000228768	27	60
ENSG00000228769	76	0
ENSG00000228775	391	180
ENSG00000228777	1	0
ENSG00000228783	0	0
ENSG00000228784	918	202
ENSG00000228786	29	96
ENSG00000228787	7	4
ENSG00000228789	3	3
ENSG00000228794	5056	13652
ENSG00000228803	0	1
ENSG00000228808	96	48
ENSG00000228812	61	177
ENSG00000228815	0	0
ENSG00000228819	0	0
ENSG00000228820	1	0
ENSG00000228824	474	257
ENSG00000228828	214	21
ENSG00000228836	121	43
ENSG00000228839	52	36
ENSG00000228842	69	56
ENSG00000228850	0	0
ENSG00000228851	0	0
ENSG00000228853	10	9
ENSG00000228856	1	1
ENSG00000228861	3	1
ENSG00000228868	1	2
ENSG00000228869	3	1
ENSG00000228879	74	20
ENSG00000228884	0	0
ENSG00000228887	4	8
ENSG00000228888	0	9
ENSG00000228889	256	98
ENSG00000228898	0	0
ENSG00000228902	0	0
ENSG00000228914	0	2
ENSG00000228915	117	20
ENSG00000228927	0	0
ENSG00000228929	7	18
ENSG00000228930	1	3
ENSG00000228937	46	0
ENSG00000228939	105	53
ENSG00000228949	0	2
ENSG00000228955	10	17
ENSG00000228961	4	3
ENSG00000228965	0	0
ENSG00000228970	2	0
ENSG00000228971	51	64
ENSG00000228980	351	200
ENSG00000228985	0	0
ENSG00000228992	48	0
ENSG00000228995	74	58
ENSG00000228999	0	0
ENSG00000229000	0	0
ENSG00000229001	0	3
ENSG00000229005	13	6
ENSG00000229011	1	2
ENSG00000229014	8	14
ENSG00000229022	3	0
ENSG00000229028	0	0
ENSG00000229029	91	52
ENSG00000229031	19	10
ENSG00000229043	736	556
ENSG00000229051	15	2
ENSG00000229054	51	15
ENSG00000229056	54	37
ENSG00000229063	0	0
ENSG00000229080	0	0
ENSG00000229082	0	0
ENSG00000229089	1114	279
ENSG00000229091	0	0
ENSG00000229102	6	5
ENSG00000229105	117	62
ENSG00000229108	894	153
ENSG00000229111	47	21
ENSG00000229117	43824	30093
ENSG00000229124	63	66
ENSG00000229132	6	13
ENSG00000229133	8	2
ENSG00000229140	2546	1010
ENSG00000229145	0	0
ENSG00000229147	0	0
ENSG00000229153	104	75
ENSG00000229154	81	3
ENSG00000229159	0	0
ENSG00000229168	0	0
ENSG00000229175	2	1
ENSG00000229183	16	134
ENSG00000229184	0	0
ENSG00000229196	8	3
ENSG00000229197	0	0
ENSG00000229205	341	196
ENSG00000229214	26	16
ENSG00000229222	34	56
ENSG00000229228	18	22
ENSG00000229230	1	6
ENSG00000229231	0	0
ENSG00000229232	0	0
ENSG00000229234	0	0
ENSG00000229235	120	97
ENSG00000229236	2270	2056
ENSG00000229238	1	20
ENSG00000229240	187	276
ENSG00000229243	0	2
ENSG00000229248	8	2
ENSG00000229250	0	0
ENSG00000229258	24	15
ENSG00000229267	1388	427
ENSG00000229268	38	140
ENSG00000229274	2	8
ENSG00000229280	0	1
ENSG00000229292	9	1
ENSG00000229298	49	51
ENSG00000229307	0	0
ENSG00000229310	0	0
ENSG00000229314	6	22
ENSG00000229315	0	0
ENSG00000229320	349	457
ENSG00000229326	30	1
ENSG00000229327	87	16
ENSG00000229344	15	151
ENSG00000229348	31	1
ENSG00000229356	15	5
ENSG00000229361	0	0
ENSG00000229372	8	20
ENSG00000229373	20	2
ENSG00000229375	0	0
ENSG00000229380	38	11
ENSG00000229388	62	101
ENSG00000229401	45	24
ENSG00000229404	230	10
ENSG00000229406	12	8
ENSG00000229414	4	7
ENSG00000229417	0	0
ENSG00000229419	753	182
ENSG00000229423	2	2
ENSG00000229427	50	20
ENSG00000229433	53	29
ENSG00000229443	25	14
ENSG00000229444	76	85
ENSG00000229452	21	50
ENSG00000229453	170	98
ENSG00000229456	321	468
ENSG00000229474	442	284
ENSG00000229478	0	0
ENSG00000229500	1	2
ENSG00000229503	2	0
ENSG00000229515	0	1
ENSG00000229521	79	22
ENSG00000229526	2	0
ENSG00000229531	151	64
ENSG00000229536	36	13
ENSG00000229537	0	0
ENSG00000229541	0	0
ENSG00000229544	1	0
ENSG00000229549	0	0
ENSG00000229553	0	0
ENSG00000229554	0	1
ENSG00000229558	373	38
ENSG00000229562	1	0
ENSG00000229563	59	51
ENSG00000229565	11	3
ENSG00000229568	0	0
ENSG00000229570	2	5
ENSG00000229571	0	0
ENSG00000229572	0	1
ENSG00000229578	0	0
ENSG00000229579	1	1
ENSG00000229586	1	1
ENSG00000229589	471	159
ENSG00000229604	0	14
ENSG00000229605	33	18
ENSG00000229606	0	0
ENSG00000229613	643	242
ENSG00000229619	289	1381
ENSG00000229621	7	52
ENSG00000229622	58	101
ENSG00000229623	144	70
ENSG00000229627	0	0
ENSG00000229630	0	0
ENSG00000229636	0	0
ENSG00000229637	3	0
ENSG00000229638	63	40
ENSG00000229639	0	0
ENSG00000229641	0	0
ENSG00000229643	0	0
ENSG00000229644	68	328
ENSG00000229647	342	200
ENSG00000229648	0	12
ENSG00000229649	63	68
ENSG00000229654	12	6
ENSG00000229656	275	160
ENSG00000229659	67	43
ENSG00000229663	3	3
ENSG00000229665	0	0
ENSG00000229667	0	0
ENSG00000229674	8	9
ENSG00000229676	529	82
ENSG00000229686	47	3
ENSG00000229688	193	27
ENSG00000229690	35	9
ENSG00000229694	202	316
ENSG00000229696	64	129
ENSG00000229697	24	7
ENSG00000229701	0	0
ENSG00000229708	0	0
ENSG00000229709	0	0
ENSG00000229713	0	0
ENSG00000229719	206	172
ENSG00000229724	0	0
ENSG00000229735	0	0
ENSG00000229739	537	203
ENSG00000229743	6	3
ENSG00000229752	0	2
ENSG00000229753	0	1
ENSG00000229756	3	42
ENSG00000229757	1	0
ENSG00000229760	0	0
ENSG00000229769	0	0
ENSG00000229775	38	17
ENSG00000229780	26	19
ENSG00000229781	0	0
ENSG00000229792	5	9
ENSG00000229794	191	14
ENSG00000229795	6	2
ENSG00000229798	5	8
ENSG00000229800	128	579
ENSG00000229806	5	2
ENSG00000229807	134292	115
ENSG00000229809	569	836
ENSG00000229822	10	3
ENSG00000229824	0	0
ENSG00000229829	0	0
ENSG00000229833	669	1915
ENSG00000229835	2	2
ENSG00000229842	1	1
ENSG00000229847	267	198
ENSG00000229851	0	5
ENSG00000229852	2233	411
ENSG00000229859	32	70
ENSG00000229865	0	0
ENSG00000229867	33	94
ENSG00000229869	7	2
ENSG00000229870	6	5
ENSG00000229871	15	6
ENSG00000229876	13	15
ENSG00000229880	0	14
ENSG00000229890	0	1
ENSG00000229891	65	23
ENSG00000229893	22	4
ENSG00000229897	5	0
ENSG00000229901	42	28
ENSG00000229909	0	0
ENSG00000229918	74	27
ENSG00000229920	548	235
ENSG00000229921	150	89
ENSG00000229924	1	2
ENSG00000229935	0	0
ENSG00000229937	0	0
ENSG00000229941	0	3
ENSG00000229951	108	229
ENSG00000229954	178	43
ENSG00000229965	0	0
ENSG00000229972	103	7
ENSG00000229980	154	243
ENSG00000229981	43	48
ENSG00000229991	20	3
ENSG00000229994	201	88
ENSG00000230002	220	118
ENSG00000230009	0	0
ENSG00000230013	53	46
ENSG00000230018	0	0
ENSG00000230020	10	6
ENSG00000230023	60	66
ENSG00000230031	0	0
ENSG00000230040	15	17
ENSG00000230042	158	184
ENSG00000230044	0	0
ENSG00000230047	0	0
ENSG00000230052	14	27
ENSG00000230054	9	4
ENSG00000230062	0	0
ENSG00000230069	109	635
ENSG00000230071	112	175
ENSG00000230076	3	4
ENSG00000230077	5	0
ENSG00000230081	12	7
ENSG00000230082	367	110
ENSG00000230086	0	0
ENSG00000230088	0	0
ENSG00000230098	49	14
ENSG00000230099	1	1
ENSG00000230102	170	179
ENSG00000230106	0	0
ENSG00000230109	124	91
ENSG00000230111	0	0
ENSG00000230114	2	0
ENSG00000230115	18	13
ENSG00000230116	10	0
ENSG00000230123	2	0
ENSG00000230124	3063	2201
ENSG00000230125	1	0
ENSG00000230126	268	318
ENSG00000230130	0	0
ENSG00000230133	427	226
ENSG00000230148	292	78
ENSG00000230153	15	10
ENSG00000230158	1	0
ENSG00000230162	18	8
ENSG00000230164	0	0
ENSG00000230169	1	0
ENSG00000230171	0	0
ENSG00000230173	0	1
ENSG00000230174	128	87
ENSG00000230176	3	7
ENSG00000230178	62	23
ENSG00000230180	3	6
ENSG00000230189	95	30
ENSG00000230196	0	0
ENSG00000230207	110	22
ENSG00000230208	0	0
ENSG00000230212	63	47
ENSG00000230213	0	0
ENSG00000230214	0	0
ENSG00000230215	47	27
ENSG00000230223	443	314
ENSG00000230224	148	121
ENSG00000230225	118	97
ENSG00000230228	0	0
ENSG00000230231	8	0
ENSG00000230246	115	65
ENSG00000230247	0	0
ENSG00000230250	0	0
ENSG00000230251	0	0
ENSG00000230252	54	1
ENSG00000230257	96	47
ENSG00000230261	0	0
ENSG00000230262	434	269
ENSG00000230266	95	63
ENSG00000230269	16	4
ENSG00000230274	6	6
ENSG00000230275	0	0
ENSG00000230282	2	0
ENSG00000230283	0	0
ENSG00000230292	6	1
ENSG00000230301	0	0
ENSG00000230302	13	3
ENSG00000230307	0	0
ENSG00000230314	418	314
ENSG00000230316	9	6
ENSG00000230317	142	99
ENSG00000230318	0	0
ENSG00000230319	131	88
ENSG00000230321	18	25
ENSG00000230324	1	2
ENSG00000230326	3	5
ENSG00000230327	1	13
ENSG00000230337	9	7
ENSG00000230342	0	0
ENSG00000230347	0	0
ENSG00000230350	16	22
ENSG00000230356	0	0
ENSG00000230358	335	207
ENSG00000230360	0	0
ENSG00000230361	0	0
ENSG00000230362	1	12
ENSG00000230364	9	4
ENSG00000230366	89	28
ENSG00000230368	37	35
ENSG00000230370	25	10
ENSG00000230371	4	10
ENSG00000230376	0	0
ENSG00000230377	0	0
ENSG00000230383	9	5
ENSG00000230384	0	0
ENSG00000230390	32	14
ENSG00000230391	1	0
ENSG00000230395	0	0
ENSG00000230397	162	79
ENSG00000230399	14	18
ENSG00000230401	13	37
ENSG00000230405	1	0
ENSG00000230406	1	0
ENSG00000230408	8	9
ENSG00000230411	90	1
ENSG00000230412	0	0
ENSG00000230416	0	0
ENSG00000230417	140	87
ENSG00000230424	144	148
ENSG00000230426	426	114
ENSG00000230430	1	1
ENSG00000230442	36	82
ENSG00000230445	138	72
ENSG00000230447	23	9
ENSG00000230448	1434	545
ENSG00000230449	7	7
ENSG00000230451	0	0
ENSG00000230452	16	10
ENSG00000230453	65	25
ENSG00000230461	610	353
ENSG00000230463	49	2194
ENSG00000230469	0	0
ENSG00000230476	0	0
ENSG00000230484	18	4
ENSG00000230487	175	742
ENSG00000230489	0	6
ENSG00000230491	10	10
ENSG00000230496	0	0
ENSG00000230497	7	2
ENSG00000230507	2	3
ENSG00000230508	1	0
ENSG00000230513	55	110
ENSG00000230519	1	3
ENSG00000230522	0	0
ENSG00000230523	26	6
ENSG00000230529	0	0
ENSG00000230531	0	2
ENSG00000230533	116	55
ENSG00000230539	9	8
ENSG00000230542	46	52
ENSG00000230543	0	0
ENSG00000230547	0	1
ENSG00000230548	0	0
ENSG00000230549	19	10
ENSG00000230550	6	3
ENSG00000230559	0	0
ENSG00000230561	50	29
ENSG00000230565	188	67
ENSG00000230568	76	79
ENSG00000230573	0	0
ENSG00000230576	22	1
ENSG00000230580	2	1
ENSG00000230581	79	78
ENSG00000230584	1	0
ENSG00000230589	0	0
ENSG00000230590	40935	16937
ENSG00000230592	1	0
ENSG00000230594	0	0
ENSG00000230596	41	70
ENSG00000230598	0	0
ENSG00000230601	5	1
ENSG00000230605	0	0
ENSG00000230613	10	10
ENSG00000230622	0	0
ENSG00000230629	9	7
ENSG00000230635	0	0
ENSG00000230636	0	0
ENSG00000230645	4	0
ENSG00000230646	2	7
ENSG00000230651	159	75
ENSG00000230654	0	0
ENSG00000230655	4	2
ENSG00000230657	10	4
ENSG00000230662	0	0
ENSG00000230667	5	2
ENSG00000230679	9	2
ENSG00000230683	65	38
ENSG00000230691	0	0
ENSG00000230697	4	0
ENSG00000230701	167	355
ENSG00000230702	10	0
ENSG00000230711	0	0
ENSG00000230712	1	18
ENSG00000230716	5	1
ENSG00000230720	90	32
ENSG00000230727	0	3
ENSG00000230734	12	7
ENSG00000230748	21	18
ENSG00000230749	2705	361
ENSG00000230753	59	10
ENSG00000230755	0	0
ENSG00000230758	2	0
ENSG00000230768	36	14
ENSG00000230772	159	79
ENSG00000230778	157	69
ENSG00000230779	0	2
ENSG00000230787	17	1
ENSG00000230789	73	58
ENSG00000230793	53	8
ENSG00000230795	67	88
ENSG00000230797	350	102
ENSG00000230798	18	38
ENSG00000230799	56	68
ENSG00000230806	222	41
ENSG00000230809	1	3
ENSG00000230814	0	0
ENSG00000230817	319	128
ENSG00000230818	21	4
ENSG00000230825	93	45
ENSG00000230830	1	0
ENSG00000230837	16	10
ENSG00000230838	17	11
ENSG00000230841	0	0
ENSG00000230844	258	208
ENSG00000230852	203	113
ENSG00000230853	0	1
ENSG00000230854	0	0
ENSG00000230859	0	0
ENSG00000230870	25	13
ENSG00000230871	0	0
ENSG00000230873	185	138
ENSG00000230876	540	315
ENSG00000230891	22	9
ENSG00000230897	1	0
ENSG00000230902	65	12
ENSG00000230916	1	21
ENSG00000230921	0	0
ENSG00000230923	0	0
ENSG00000230935	26	1
ENSG00000230937	103	86
ENSG00000230942	0	0
ENSG00000230943	17	57
ENSG00000230948	0	0
ENSG00000230950	0	0
ENSG00000230951	24	0
ENSG00000230962	1	0
ENSG00000230969	0	0
ENSG00000230970	15	60
ENSG00000230978	0	0
ENSG00000230986	29	27
ENSG00000230988	31	37
ENSG00000230989	3365	5183
ENSG00000230999	2	0
ENSG00000231006	14	47
ENSG00000231007	68	9
ENSG00000231009	0	0
ENSG00000231013	118	131
ENSG00000231019	0	0
ENSG00000231022	0	0
ENSG00000231023	23	15
ENSG00000231028	2655	775
ENSG00000231031	11	11
ENSG00000231035	14	9
ENSG00000231040	29	31
ENSG00000231047	3	16
ENSG00000231049	187	32
ENSG00000231050	101	75
ENSG00000231051	1	1
ENSG00000231053	3	0
ENSG00000231057	174	138
ENSG00000231058	0	0
ENSG00000231061	144	0
ENSG00000231063	63	51
ENSG00000231064	447	144
ENSG00000231068	0	0
ENSG00000231074	13063	3756
ENSG00000231082	0	0
ENSG00000231087	71	112
ENSG00000231090	8	3
ENSG00000231093	0	0
ENSG00000231096	60	23
ENSG00000231105	145	218
ENSG00000231107	17	11
ENSG00000231108	0	0
ENSG00000231112	1	0
ENSG00000231131	9	7
ENSG00000231133	63	42
ENSG00000231134	115	65
ENSG00000231141	0	0
ENSG00000231144	0	0
ENSG00000231148	36	22
ENSG00000231152	0	3
ENSG00000231159	0	0
ENSG00000231163	170	1
ENSG00000231164	4	0
ENSG00000231165	0	5
ENSG00000231166	0	0
ENSG00000231171	11	15
ENSG00000231172	336	217
ENSG00000231175	55	95
ENSG00000231177	279	298
ENSG00000231185	441	264
ENSG00000231192	87	69
ENSG00000231194	8	2
ENSG00000231195	0	0
ENSG00000231199	8	8
ENSG00000231203	0	0
ENSG00000231213	0	0
ENSG00000231221	1	0
ENSG00000231226	0	1
ENSG00000231233	26	27
ENSG00000231235	0	0
ENSG00000231237	3	10
ENSG00000231238	43	46
ENSG00000231241	14	10
ENSG00000231244	0	1
ENSG00000231246	100	742
ENSG00000231249	250	70
ENSG00000231253	42	25
ENSG00000231254	0	1
ENSG00000231256	386	248
ENSG00000231270	0	0
ENSG00000231274	13	434
ENSG00000231278	0	0
ENSG00000231290	302	164
ENSG00000231298	16	17
ENSG00000231301	0	0
ENSG00000231304	147	124
ENSG00000231307	79	40
ENSG00000231310	383	75
ENSG00000231311	0	0
ENSG00000231312	979	1109
ENSG00000231326	0	0
ENSG00000231327	70	77
ENSG00000231332	8	0
ENSG00000231333	30	9
ENSG00000231361	2	0
ENSG00000231365	7058	3285
ENSG00000231367	249	152
ENSG00000231368	6	2
ENSG00000231373	8	34
ENSG00000231382	0	0
ENSG00000231383	376	155
ENSG00000231388	0	0
ENSG00000231389	903	7455
ENSG00000231396	0	0
ENSG00000231399	0	0
ENSG00000231402	0	0
ENSG00000231411	0	1
ENSG00000231419	142	417
ENSG00000231420	0	0
ENSG00000231422	21	9
ENSG00000231423	0	0
ENSG00000231426	23	13
ENSG00000231427	2192	1365
ENSG00000231428	0	0
ENSG00000231431	43	43
ENSG00000231437	192	130
ENSG00000231439	84	7
ENSG00000231442	6	2
ENSG00000231453	85	0
ENSG00000231458	0	2
ENSG00000231473	58	37
ENSG00000231478	0	0
ENSG00000231490	7	30
ENSG00000231491	0	0
ENSG00000231494	11	1
ENSG00000231500	54042	14496
ENSG00000231501	0	4
ENSG00000231507	3	17
ENSG00000231508	9	12
ENSG00000231527	3182	961
ENSG00000231528	296	57
ENSG00000231532	24	23
ENSG00000231535	93	382
ENSG00000231537	0	0
ENSG00000231538	0	0
ENSG00000231548	127	103
ENSG00000231552	0	0
ENSG00000231553	0	0
ENSG00000231556	11	0
ENSG00000231560	655	665
ENSG00000231562	59	13
ENSG00000231570	0	0
ENSG00000231574	97	87
ENSG00000231576	6	3
ENSG00000231582	0	0
ENSG00000231586	0	0
ENSG00000231587	62	55
ENSG00000231605	171	87
ENSG00000231607	6208	1321
ENSG00000231609	264	46
ENSG00000231610	0	0
ENSG00000231621	14	16
ENSG00000231635	1	2
ENSG00000231636	13	2
ENSG00000231637	1	1
ENSG00000231638	6	4
ENSG00000231645	0	0
ENSG00000231646	669	52
ENSG00000231649	0	0
ENSG00000231651	9	18
ENSG00000231652	81	57
ENSG00000231660	1	2
ENSG00000231663	44	47
ENSG00000231666	18	25
ENSG00000231667	0	0
ENSG00000231671	67	42
ENSG00000231672	348	204
ENSG00000231674	89	62
ENSG00000231680	75	68
ENSG00000231682	0	0
ENSG00000231688	14	1
ENSG00000231689	16	17
ENSG00000231690	14	40
ENSG00000231701	37	18
ENSG00000231716	0	0
ENSG00000231718	345	26
ENSG00000231721	6304	7782
ENSG00000231725	20	6
ENSG00000231729	80	19
ENSG00000231735	0	0
ENSG00000231738	873	507
ENSG00000231742	78	111
ENSG00000231749	138	128
ENSG00000231763	1	0
ENSG00000231765	42	19
ENSG00000231766	0	0
ENSG00000231767	9	2
ENSG00000231768	16	52
ENSG00000231776	217	2
ENSG00000231777	0	0
ENSG00000231782	96	84
ENSG00000231787	16	2
ENSG00000231788	11	2
ENSG00000231789	409	103
ENSG00000231806	91	44
ENSG00000231810	1	0
ENSG00000231812	38	6
ENSG00000231814	23	13
ENSG00000231817	537	195
ENSG00000231821	0	0
ENSG00000231824	0	1
ENSG00000231826	86	143
ENSG00000231831	105	24
ENSG00000231839	19	23
ENSG00000231845	116	84
ENSG00000231849	33	79
ENSG00000231851	91	44
ENSG00000231852	42	182
ENSG00000231857	25	2
ENSG00000231858	54	7
ENSG00000231861	7	10
ENSG00000231870	1	0
ENSG00000231871	89	55
ENSG00000231874	0	0
ENSG00000231879	0	0
ENSG00000231882	55	97
ENSG00000231887	491	381
ENSG00000231889	1514	861
ENSG00000231897	0	0
ENSG00000231898	424	255
ENSG00000231900	0	0
ENSG00000231908	33	43
ENSG00000231909	11	8
ENSG00000231910	0	0
ENSG00000231911	0	0
ENSG00000231913	1	0
ENSG00000231915	0	2
ENSG00000231920	20	6
ENSG00000231924	36	35
ENSG00000231925	7987	23762
ENSG00000231929	4	0
ENSG00000231934	967	107
ENSG00000231940	4	0
ENSG00000231943	163	162
ENSG00000231944	34	9
ENSG00000231948	10	8
ENSG00000231954	0	0
ENSG00000231957	0	0
ENSG00000231969	233	105
ENSG00000231971	53	41
ENSG00000231981	57	42
ENSG00000231987	68	46
ENSG00000231989	8	2
ENSG00000231995	36	21
ENSG00000231999	594	1052
ENSG00000232000	543	200
ENSG00000232002	15	547
ENSG00000232004	3	1
ENSG00000232010	2	3
ENSG00000232021	47	16
ENSG00000232023	58	28
ENSG00000232029	0	0
ENSG00000232030	0	0
ENSG00000232041	4	0
ENSG00000232046	744	17
ENSG00000232048	0	0
ENSG00000232064	0	0
ENSG00000232069	0	0
ENSG00000232070	29	29
ENSG00000232075	37	12
ENSG00000232077	17	14
ENSG00000232079	519	341
ENSG00000232082	68	183
ENSG00000232083	6	10
ENSG00000232084	146	65
ENSG00000232087	0	0
ENSG00000232100	180	122
ENSG00000232102	30	6
ENSG00000232104	865	406
ENSG00000232109	0	0
ENSG00000232112	1338	2398
ENSG00000232113	6	0
ENSG00000232119	2800	2260
ENSG00000232125	0	0
ENSG00000232128	1	1
ENSG00000232131	19	30
ENSG00000232132	0	0
ENSG00000232133	43	121
ENSG00000232134	15	10
ENSG00000232138	0	0
ENSG00000232139	77	28
ENSG00000232148	0	0
ENSG00000232149	210	47
ENSG00000232154	0	0
ENSG00000232159	0	0
ENSG00000232160	1019	1075
ENSG00000232163	117	18
ENSG00000232164	1481	398
ENSG00000232168	0	0
ENSG00000232170	0	0
ENSG00000232177	21	10
ENSG00000232179	4	2
ENSG00000232186	89	86
ENSG00000232190	49	28
ENSG00000232192	603	26
ENSG00000232195	0	0
ENSG00000232198	1	1
ENSG00000232199	54	0
ENSG00000232212	0	2
ENSG00000232215	0	0
ENSG00000232216	1	8
ENSG00000232217	38	10
ENSG00000232223	0	0
ENSG00000232225	38	36
ENSG00000232226	0	0
ENSG00000232229	48	74
ENSG00000232233	278	301
ENSG00000232237	13	7
ENSG00000232254	0	0
ENSG00000232258	4	0
ENSG00000232263	0	0
ENSG00000232264	1	1
ENSG00000232265	116	56
ENSG00000232267	1	0
ENSG00000232268	9	4
ENSG00000232277	11	32
ENSG00000232282	188	40
ENSG00000232283	5	9
ENSG00000232284	555	325
ENSG00000232285	0	0
ENSG00000232287	55	50
ENSG00000232292	15	11
ENSG00000232293	0	0
ENSG00000232301	2	1
ENSG00000232303	42	20
ENSG00000232307	5	10
ENSG00000232310	242	237
ENSG00000232316	21	6
ENSG00000232333	4	1
ENSG00000232341	2	0
ENSG00000232361	0	0
ENSG00000232366	0	0
ENSG00000232373	86	122
ENSG00000232374	69	99
ENSG00000232379	23	16
ENSG00000232381	5	0
ENSG00000232382	4	6
ENSG00000232385	10	4
ENSG00000232388	1360	2687
ENSG00000232392	68	26
ENSG00000232393	0	0
ENSG00000232396	15	2
ENSG00000232398	235	1
ENSG00000232399	0	2
ENSG00000232400	0	0
ENSG00000232401	4	1
ENSG00000232403	1	0
ENSG00000232412	24	23
ENSG00000232415	109	153
ENSG00000232416	16	22
ENSG00000232419	0	0
ENSG00000232423	0	0
ENSG00000232424	0	0
ENSG00000232429	2	3
ENSG00000232430	0	0
ENSG00000232434	1499	1710
ENSG00000232439	75	117
ENSG00000232442	413	191
ENSG00000232447	0	1
ENSG00000232453	105	93
ENSG00000232458	239	0
ENSG00000232459	0	1
ENSG00000232466	77	24
ENSG00000232472	80	25
ENSG00000232475	0	0
ENSG00000232479	86	50
ENSG00000232490	88	61
ENSG00000232511	20	17
ENSG00000232517	2	0
ENSG00000232520	369	167
ENSG00000232526	24	0
ENSG00000232527	151	66
ENSG00000232530	37	30
ENSG00000232531	5	4
ENSG00000232539	0	1
ENSG00000232540	8	3
ENSG00000232543	0	0
ENSG00000232548	22	19
ENSG00000232551	0	0
ENSG00000232556	0	0
ENSG00000232558	45	56
ENSG00000232562	0	0
ENSG00000232563	7	0
ENSG00000232564	495	688
ENSG00000232573	55	13
ENSG00000232579	1	12
ENSG00000232586	109	50
ENSG00000232587	403	59
ENSG00000232591	134	69
ENSG00000232593	4237	2043
ENSG00000232596	0	0
ENSG00000232601	0	0
ENSG00000232606	0	11
ENSG00000232612	2	0
ENSG00000232613	225	80
ENSG00000232620	0	0
ENSG00000232621	33	3
ENSG00000232623	112	65
ENSG00000232625	1	0
ENSG00000232629	22	26
ENSG00000232631	25	5
ENSG00000232643	4	0
ENSG00000232645	21	27
ENSG00000232650	15	16
ENSG00000232653	2467	1446
ENSG00000232655	10	1
ENSG00000232656	153	613
ENSG00000232661	1	0
ENSG00000232662	27	13
ENSG00000232671	31	15
ENSG00000232672	1	2
ENSG00000232676	0	1
ENSG00000232677	4924	2497
ENSG00000232678	0	0
ENSG00000232679	48	15
ENSG00000232684	147	407
ENSG00000232685	0	1
ENSG00000232688	14	0
ENSG00000232695	0	0
ENSG00000232707	0	1
ENSG00000232712	493	235
ENSG00000232714	0	0
ENSG00000232717	0	1
ENSG00000232723	5	3
ENSG00000232724	9	6
ENSG00000232729	2110	826
ENSG00000232740	0	0
ENSG00000232744	0	0
ENSG00000232746	1	0
ENSG00000232752	26	24
ENSG00000232759	42	145
ENSG00000232764	0	0
ENSG00000232766	0	0
ENSG00000232767	8	0
ENSG00000232772	1	1
ENSG00000232773	0	0
ENSG00000232778	91	69
ENSG00000232780	3	1
ENSG00000232788	280	293
ENSG00000232790	1	0
ENSG00000232792	55	25
ENSG00000232800	0	0
ENSG00000232801	0	0
ENSG00000232803	13	414
ENSG00000232808	0	0
ENSG00000232810	6	79
ENSG00000232812	3	1
ENSG00000232814	29	55
ENSG00000232818	36	207
ENSG00000232825	43	20
ENSG00000232829	0	1
ENSG00000232832	4	6
ENSG00000232837	5	0
ENSG00000232838	229	351
ENSG00000232841	1	2
ENSG00000232842	0	0
ENSG00000232843	52	31
ENSG00000232846	42	57
ENSG00000232858	3	1
ENSG00000232859	450	713
ENSG00000232860	253	209
ENSG00000232864	0	0
ENSG00000232869	0	4
ENSG00000232872	38	4
ENSG00000232878	73	73
ENSG00000232879	0	6
ENSG00000232880	10	12
ENSG00000232881	0	0
ENSG00000232883	1	1
ENSG00000232888	0	0
ENSG00000232892	32	9
ENSG00000232893	19	0
ENSG00000232903	5	6
ENSG00000232907	304	282
ENSG00000232910	0	0
ENSG00000232913	113	83
ENSG00000232922	1	4
ENSG00000232924	0	0
ENSG00000232936	273	131
ENSG00000232940	714	308
ENSG00000232948	0	0
ENSG00000232954	0	1
ENSG00000232956	1211	427
ENSG00000232964	101	67
ENSG00000232965	0	0
ENSG00000232968	0	0
ENSG00000232973	918	1220
ENSG00000232975	0	0
ENSG00000232976	0	0
ENSG00000232977	367	123
ENSG00000232981	2	3
ENSG00000232982	0	0
ENSG00000232990	0	5
ENSG00000232991	3	0
ENSG00000232992	0	0
ENSG00000233006	682	1823
ENSG00000233008	95	178
ENSG00000233009	157	7
ENSG00000233012	78	72
ENSG00000233014	0	0
ENSG00000233015	0	1
ENSG00000233016	4473	1274
ENSG00000233024	4047	1331
ENSG00000233026	7	2
ENSG00000233039	0	2
ENSG00000233041	3	29
ENSG00000233048	1533	873
ENSG00000233050	0	0
ENSG00000233056	466	312
ENSG00000233057	9	4
ENSG00000233061	545	417
ENSG00000233070	4	3
ENSG00000233071	0	0
ENSG00000233072	86	26
ENSG00000233077	24	38
ENSG00000233079	20	18
ENSG00000233083	3	0
ENSG00000233084	4	12
ENSG00000233086	119	67
ENSG00000233087	2	31
ENSG00000233093	2	1
ENSG00000233098	1955	422
ENSG00000233101	100	3
ENSG00000233106	0	0
ENSG00000233107	0	0
ENSG00000233110	564	325
ENSG00000233120	0	0
ENSG00000233121	21	12
ENSG00000233122	153	59
ENSG00000233123	14	3
ENSG00000233124	112	42
ENSG00000233125	0	1
ENSG00000233128	42	36
ENSG00000233131	12	1
ENSG00000233134	6	3
ENSG00000233135	0	0
ENSG00000233136	0	5
ENSG00000233146	0	1
ENSG00000233148	13	65
ENSG00000233153	6	0
ENSG00000233154	70	48
ENSG00000233156	0	0
ENSG00000233158	2	0
ENSG00000233159	0	0
ENSG00000233163	27	38
ENSG00000233167	14	1
ENSG00000233173	3	0
ENSG00000233175	58	71
ENSG00000233176	4	0
ENSG00000233184	1455	346
ENSG00000233186	90	59
ENSG00000233198	31	17
ENSG00000233204	0	1
ENSG00000233206	1	0
ENSG00000233208	310	96
ENSG00000233215	73	23
ENSG00000233221	18	8
ENSG00000233228	0	0
ENSG00000233231	129	92
ENSG00000233232	2267	1489
ENSG00000233237	2706	4971
ENSG00000233238	0	0
ENSG00000233246	65	45
ENSG00000233248	1	0
ENSG00000233252	0	0
ENSG00000233254	13	2
ENSG00000233260	2	1
ENSG00000233266	24	27
ENSG00000233273	2	12
ENSG00000233276	2816	6354
ENSG00000233277	0	0
ENSG00000233285	0	0
ENSG00000233286	29	15
ENSG00000233291	2	1
ENSG00000233296	471	178
ENSG00000233300	0	3
ENSG00000233301	0	0
ENSG00000233303	24	19
ENSG00000233306	2	3
ENSG00000233308	71	35
ENSG00000233309	7	0
ENSG00000233311	11	1
ENSG00000233312	161	3208
ENSG00000233316	0	0
ENSG00000233321	91	92
ENSG00000233324	4	5
ENSG00000233329	0	0
ENSG00000233335	0	0
ENSG00000233337	97	47
ENSG00000233338	1	3
ENSG00000233343	37	9
ENSG00000233353	0	0
ENSG00000233354	9	15
ENSG00000233355	97	100
ENSG00000233360	20	15
ENSG00000233370	33	17
ENSG00000233378	0	0
ENSG00000233380	12	0
ENSG00000233384	1430	768
ENSG00000233385	35	1
ENSG00000233392	19	8
ENSG00000233399	0	0
ENSG00000233401	54	15
ENSG00000233409	7	3
ENSG00000233412	0	0
ENSG00000233416	16	9
ENSG00000233421	32	9
ENSG00000233425	1	1
ENSG00000233426	68	70
ENSG00000233428	2	1
ENSG00000233429	889	74
ENSG00000233431	38	11
ENSG00000233432	0	0
ENSG00000233436	286	495
ENSG00000233441	1	2
ENSG00000233445	0	1
ENSG00000233446	0	0
ENSG00000233449	0	0
ENSG00000233452	347	307
ENSG00000233469	46	31
ENSG00000233471	13	42
ENSG00000233477	0	0
ENSG00000233480	44	25
ENSG00000233485	52	28
ENSG00000233489	1	0
ENSG00000233493	41	18
ENSG00000233496	20	34
ENSG00000233503	34	31
ENSG00000233508	0	0
ENSG00000233515	28	13
ENSG00000233518	0	0
ENSG00000233521	18	25
ENSG00000233523	41	47
ENSG00000233527	971	400
ENSG00000233532	476	200
ENSG00000233533	0	0
ENSG00000233534	19	8
ENSG00000233540	202	8
ENSG00000233544	0	0
ENSG00000233550	0	0
ENSG00000233555	0	0
ENSG00000233560	105	60
ENSG00000233562	0	8
ENSG00000233563	0	0
ENSG00000233570	0	1
ENSG00000233579	111	36
ENSG00000233585	12	16
ENSG00000233587	0	0
ENSG00000233593	709	514
ENSG00000233595	4	14
ENSG00000233602	118	65
ENSG00000233603	43	44
ENSG00000233605	0	0
ENSG00000233606	36	30
ENSG00000233607	6	4
ENSG00000233608	812	426
ENSG00000233610	19	6
ENSG00000233611	285	207
ENSG00000233615	0	1
ENSG00000233620	2	0
ENSG00000233623	35	54
ENSG00000233634	0	0
ENSG00000233639	301	222
ENSG00000233640	0	0
ENSG00000233642	0	0
ENSG00000233646	52	5
ENSG00000233647	24	8
ENSG00000233654	141	101
ENSG00000233655	0	0
ENSG00000233662	1	0
ENSG00000233670	24	15
ENSG00000233671	84	76
ENSG00000233676	0	0
ENSG00000233680	4	0
ENSG00000233681	13	4
ENSG00000233685	18	8
ENSG00000233686	0	0
ENSG00000233688	2	2
ENSG00000233690	15	17
ENSG00000233693	199	104
ENSG00000233694	6	1
ENSG00000233701	35	15
ENSG00000233702	2	0
ENSG00000233709	0	0
ENSG00000233718	307	176
ENSG00000233719	20	14
ENSG00000233723	143	41
ENSG00000233725	24	22
ENSG00000233729	73	37
ENSG00000233730	1	5
ENSG00000233741	0	0
ENSG00000233746	0	1
ENSG00000233750	104	74
ENSG00000233752	0	0
ENSG00000233756	0	0
ENSG00000233762	27	16
ENSG00000233764	1	0
ENSG00000233767	0	0
ENSG00000233774	0	3
ENSG00000233791	50	81
ENSG00000233802	0	0
ENSG00000233803	0	0
ENSG00000233806	1285	406
ENSG00000233814	0	1
ENSG00000233816	0	0
ENSG00000233819	0	0
ENSG00000233822	2844	450
ENSG00000233828	909	577
ENSG00000233837	32	22
ENSG00000233840	48	37
ENSG00000233867	0	0
ENSG00000233869	0	0
ENSG00000233873	1	0
ENSG00000233874	1	0
ENSG00000233882	0	0
ENSG00000233888	14	3
ENSG00000233892	33	36
ENSG00000233893	6	7
ENSG00000233896	5	1
ENSG00000233900	0	0
ENSG00000233901	492	406
ENSG00000233907	665	408
ENSG00000233909	0	0
ENSG00000233910	0	2
ENSG00000233913	48	38
ENSG00000233916	0	0
ENSG00000233917	4	0
ENSG00000233921	5	0
ENSG00000233922	1335	648
ENSG00000233924	23	0
ENSG00000233926	187	39
ENSG00000233927	13657	15390
ENSG00000233930	201	186
ENSG00000233932	1	5
ENSG00000233939	0	0
ENSG00000233940	1	0
ENSG00000233945	0	0
ENSG00000233946	0	0
ENSG00000233947	1	0
ENSG00000233954	246	204
ENSG00000233955	0	0
ENSG00000233956	47	8
ENSG00000233973	19	13
ENSG00000233975	34	35
ENSG00000233984	0	0
ENSG00000233985	37	33
ENSG00000233993	56	93
ENSG00000233994	37	39
ENSG00000233997	26	10
ENSG00000234003	26	33
ENSG00000234005	15	4
ENSG00000234006	69	60
ENSG00000234009	13	7
ENSG00000234015	14	15
ENSG00000234028	374	206
ENSG00000234030	0	1
ENSG00000234031	35	20
ENSG00000234033	0	0
ENSG00000234039	0	0
ENSG00000234040	21	37
ENSG00000234048	22	18
ENSG00000234052	34	27
ENSG00000234056	117	39
ENSG00000234059	1	4
ENSG00000234065	79	28
ENSG00000234066	0	4
ENSG00000234067	2	3
ENSG00000234068	4	0
ENSG00000234069	0	0
ENSG00000234070	4	0
ENSG00000234075	0	1
ENSG00000234081	0	0
ENSG00000234088	1	0
ENSG00000234093	1	1
ENSG00000234106	3	23
ENSG00000234109	3	4
ENSG00000234110	0	0
ENSG00000234111	165	96
ENSG00000234112	0	2
ENSG00000234118	52	61
ENSG00000234123	0	3
ENSG00000234125	3	0
ENSG00000234127	1734	3930
ENSG00000234129	359	103
ENSG00000234130	5	3
ENSG00000234131	0	0
ENSG00000234135	8	2
ENSG00000234143	0	0
ENSG00000234144	11	6
ENSG00000234145	4	2
ENSG00000234146	0	0
ENSG00000234148	2	12
ENSG00000234152	1	0
ENSG00000234155	28	9
ENSG00000234158	0	0
ENSG00000234161	1	5
ENSG00000234163	2	1
ENSG00000234167	37	19
ENSG00000234171	679	493
ENSG00000234176	6	20
ENSG00000234177	0	0
ENSG00000234178	0	0
ENSG00000234179	0	0
ENSG00000234181	1	2
ENSG00000234184	33	1
ENSG00000234187	61	1
ENSG00000234191	0	1
ENSG00000234197	65	25
ENSG00000234199	5	13
ENSG00000234201	0	0
ENSG00000234202	3	13
ENSG00000234213	2	0
ENSG00000234215	74	11
ENSG00000234222	161	139
ENSG00000234224	5	7
ENSG00000234226	0	0
ENSG00000234227	4	2
ENSG00000234230	22	24
ENSG00000234231	0	8
ENSG00000234234	37	0
ENSG00000234239	1	0
ENSG00000234247	11	0
ENSG00000234253	1	0
ENSG00000234256	0	0
ENSG00000234257	0	0
ENSG00000234263	14	59
ENSG00000234264	3	1
ENSG00000234265	9	6
ENSG00000234270	0	0
ENSG00000234276	0	0
ENSG00000234277	1	2
ENSG00000234278	0	0
ENSG00000234284	453	174
ENSG00000234285	1	2
ENSG00000234288	0	0
ENSG00000234289	5	9
ENSG00000234293	35	26
ENSG00000234303	14	16
ENSG00000234308	12	10
ENSG00000234309	0	0
ENSG00000234312	0	0
ENSG00000234319	0	0
ENSG00000234323	434	622
ENSG00000234324	17	10
ENSG00000234325	24	9
ENSG00000234327	225	207
ENSG00000234329	297	115
ENSG00000234333	0	0
ENSG00000234335	0	0
ENSG00000234350	147	151
ENSG00000234358	55	98
ENSG00000234359	0	0
ENSG00000234362	31	8
ENSG00000234363	0	0
ENSG00000234369	300	113
ENSG00000234371	0	0
ENSG00000234376	0	0
ENSG00000234377	64	10
ENSG00000234380	233	124
ENSG00000234385	5	5
ENSG00000234386	17	25
ENSG00000234390	74	73
ENSG00000234399	0	0
ENSG00000234404	0	0
ENSG00000234409	40	71
ENSG00000234413	0	0
ENSG00000234414	0	0
ENSG00000234415	1	0
ENSG00000234422	0	0
ENSG00000234423	134	90
ENSG00000234429	0	0
ENSG00000234432	319	257
ENSG00000234435	0	0
ENSG00000234438	127	990
ENSG00000234439	6	2
ENSG00000234444	3219	1264
ENSG00000234445	0	5
ENSG00000234452	14	29
ENSG00000234456	1761	3972
ENSG00000234458	0	0
ENSG00000234463	5	2
ENSG00000234465	873	407
ENSG00000234469	2	8
ENSG00000234473	99	99
ENSG00000234474	20	8
ENSG00000234478	142	70
ENSG00000234480	0	0
ENSG00000234485	0	0
ENSG00000234488	3	4
ENSG00000234492	206	152
ENSG00000234494	452	291
ENSG00000234497	83	39
ENSG00000234498	20	5
ENSG00000234512	0	0
ENSG00000234523	16	13
ENSG00000234524	0	0
ENSG00000234527	2	0
ENSG00000234541	0	0
ENSG00000234544	0	0
ENSG00000234545	2698	839
ENSG00000234546	32	26
ENSG00000234557	35	29
ENSG00000234559	0	0
ENSG00000234560	1	1
ENSG00000234566	11	4
ENSG00000234572	6	2
ENSG00000234576	0	0
ENSG00000234583	0	0
ENSG00000234587	0	0
ENSG00000234593	108	78
ENSG00000234601	27	0
ENSG00000234602	0	0
ENSG00000234608	803	902
ENSG00000234611	0	0
ENSG00000234612	3	0
ENSG00000234616	3725	2947
ENSG00000234619	81	53
ENSG00000234632	38	17
ENSG00000234634	24	18
ENSG00000234637	2	0
ENSG00000234652	0	0
ENSG00000234653	4	0
ENSG00000234655	0	1
ENSG00000234661	1	21
ENSG00000234667	9	9
ENSG00000234670	0	3
ENSG00000234671	0	0
ENSG00000234676	0	1
ENSG00000234682	10	2
ENSG00000234684	1298	1086
ENSG00000234690	850	619
ENSG00000234693	8	98
ENSG00000234694	13	14
ENSG00000234695	33	32
ENSG00000234696	0	0
ENSG00000234700	100	12
ENSG00000234701	0	0
ENSG00000234707	9	12
ENSG00000234711	2	1
ENSG00000234715	98	60
ENSG00000234719	2766	2024
ENSG00000234720	0	1
ENSG00000234721	1	1
ENSG00000234722	618	253
ENSG00000234731	5	0
ENSG00000234732	0	0
ENSG00000234736	0	4
ENSG00000234737	46	81
ENSG00000234741	17300	1706
ENSG00000234744	0	0
ENSG00000234745	3143	23390
ENSG00000234752	2	0
ENSG00000234753	184	42
ENSG00000234754	430	417
ENSG00000234756	0	0
ENSG00000234765	0	0
ENSG00000234777	2	0
ENSG00000234779	172	49
ENSG00000234781	6	2
ENSG00000234785	14	2
ENSG00000234787	380	175
ENSG00000234788	58	43
ENSG00000234790	0	0
ENSG00000234795	32	17
ENSG00000234797	114	22
ENSG00000234806	22	8
ENSG00000234817	41	70
ENSG00000234825	2	11
ENSG00000234828	255	115
ENSG00000234829	0	0
ENSG00000234839	0	0
ENSG00000234840	215	137
ENSG00000234842	26	12
ENSG00000234850	0	0
ENSG00000234851	14886	7845
ENSG00000234853	1	0
ENSG00000234854	2	5
ENSG00000234855	4	4
ENSG00000234857	774	2022
ENSG00000234861	0	0
ENSG00000234864	349	107
ENSG00000234865	2	0
ENSG00000234869	195	323
ENSG00000234878	0	0
ENSG00000234880	25	22
ENSG00000234882	11	0
ENSG00000234883	133	30
ENSG00000234884	61	12
ENSG00000234889	36	48
ENSG00000234899	818	1190
ENSG00000234901	0	0
ENSG00000234906	53	52
ENSG00000234910	0	0
ENSG00000234912	1435	788
ENSG00000234928	41	42
ENSG00000234933	40	44
ENSG00000234934	0	0
ENSG00000234939	0	0
ENSG00000234942	124	3
ENSG00000234944	58	42
ENSG00000234945	261	192
ENSG00000234948	2469	422
ENSG00000234949	35	41
ENSG00000234950	0	0
ENSG00000234956	2	1
ENSG00000234958	0	0
ENSG00000234965	17	164
ENSG00000234969	193	31
ENSG00000234973	0	0
ENSG00000234975	4	16
ENSG00000234981	5	6
ENSG00000234982	59	33
ENSG00000234988	70	51
ENSG00000234993	0	0
ENSG00000234995	55	54
ENSG00000235001	7	1
ENSG00000235009	2	0
ENSG00000235012	68	63
ENSG00000235016	371	308
ENSG00000235024	22	15
ENSG00000235026	6	0
ENSG00000235029	15	0
ENSG00000235033	426	785
ENSG00000235039	0	1
ENSG00000235049	16	16
ENSG00000235054	14	42
ENSG00000235061	0	0
ENSG00000235065	2	1
ENSG00000235076	0	0
ENSG00000235080	0	0
ENSG00000235086	23	2
ENSG00000235097	62	41
ENSG00000235098	554	223
ENSG00000235106	1396	1580
ENSG00000235109	532	604
ENSG00000235112	37	54
ENSG00000235118	2	22
ENSG00000235123	45	15
ENSG00000235124	0	0
ENSG00000235131	0	0
ENSG00000235133	0	0
ENSG00000235136	0	0
ENSG00000235139	0	0
ENSG00000235142	111	61
ENSG00000235145	104	126
ENSG00000235160	168	523
ENSG00000235163	0	0
ENSG00000235165	0	0
ENSG00000235169	111	405
ENSG00000235170	0	0
ENSG00000235172	82	46
ENSG00000235173	825	1223
ENSG00000235175	2	1
ENSG00000235180	77	21
ENSG00000235183	27	19
ENSG00000235185	8	9
ENSG00000235191	24	39
ENSG00000235194	1437	918
ENSG00000235197	4	3
ENSG00000235199	0	0
ENSG00000235200	29	25
ENSG00000235202	0	0
ENSG00000235203	0	0
ENSG00000235207	0	0
ENSG00000235213	0	0
ENSG00000235214	7	1
ENSG00000235217	1077	619
ENSG00000235221	65	37
ENSG00000235225	2	0
ENSG00000235227	2	0
ENSG00000235235	0	0
ENSG00000235244	6996	6527
ENSG00000235248	14	0
ENSG00000235256	0	0
ENSG00000235257	3228	2261
ENSG00000235258	79	29
ENSG00000235264	1	0
ENSG00000235268	155	7
ENSG00000235269	8	1
ENSG00000235272	429	373
ENSG00000235275	2	0
ENSG00000235284	62	55
ENSG00000235285	86	0
ENSG00000235294	0	3
ENSG00000235295	27	68
ENSG00000235299	42	30
ENSG00000235300	3	2
ENSG00000235301	0	0
ENSG00000235304	20	14
ENSG00000235306	1	1
ENSG00000235310	1	152
ENSG00000235315	0	0
ENSG00000235318	4	11
ENSG00000235334	0	0
ENSG00000235335	29	25
ENSG00000235343	0	0
ENSG00000235358	44	120
ENSG00000235368	0	3
ENSG00000235376	14	0
ENSG00000235378	34	19
ENSG00000235385	16	13
ENSG00000235387	275	1616
ENSG00000235397	287	358
ENSG00000235407	0	0
ENSG00000235412	0	1
ENSG00000235413	62	8
ENSG00000235414	11	4
ENSG00000235430	24	6
ENSG00000235433	11	0
ENSG00000235434	0	0
ENSG00000235437	6924	5769
ENSG00000235440	134	111
ENSG00000235444	0	0
ENSG00000235447	1	2
ENSG00000235448	62	31
ENSG00000235453	836	626
ENSG00000235455	1	0
ENSG00000235459	17	34
ENSG00000235462	0	0
ENSG00000235467	2	1
ENSG00000235470	0	0
ENSG00000235472	11	5
ENSG00000235478	12	16
ENSG00000235481	164	136
ENSG00000235482	31	24
ENSG00000235488	136	78
ENSG00000235492	111	0
ENSG00000235501	35	17
ENSG00000235508	40	15
ENSG00000235521	0	0
ENSG00000235524	0	2
ENSG00000235527	54	45
ENSG00000235529	142	185
ENSG00000235530	406	238
ENSG00000235531	485	835
ENSG00000235532	75	35
ENSG00000235535	3654	7014
ENSG00000235539	0	0
ENSG00000235544	0	0
ENSG00000235545	228	17
ENSG00000235547	0	0
ENSG00000235552	80	22
ENSG00000235560	218	158
ENSG00000235568	139	552
ENSG00000235570	11	5
ENSG00000235590	241	84
ENSG00000235593	39	15
ENSG00000235597	90	74
ENSG00000235598	0	0
ENSG00000235601	59	0
ENSG00000235602	41	17
ENSG00000235608	1	0
ENSG00000235613	138	40
ENSG00000235621	14	2
ENSG00000235623	0	0
ENSG00000235626	0	0
ENSG00000235627	2	0
ENSG00000235631	17	39
ENSG00000235638	0	0
ENSG00000235640	0	0
ENSG00000235642	0	0
ENSG00000235643	128	98
ENSG00000235644	1	0
ENSG00000235646	38	1
ENSG00000235649	30	32
ENSG00000235651	93	22
ENSG00000235652	3895	1608
ENSG00000235661	1	0
ENSG00000235665	124	115
ENSG00000235670	0	1
ENSG00000235678	0	0
ENSG00000235686	5	6
ENSG00000235690	0	0
ENSG00000235700	19	5
ENSG00000235703	2433	1142
ENSG00000235706	1505	1047
ENSG00000235710	0	0
ENSG00000235711	82	214
ENSG00000235716	0	0
ENSG00000235718	14	8
ENSG00000235730	0	0
ENSG00000235731	142	56
ENSG00000235735	0	0
ENSG00000235737	1	0
ENSG00000235740	61	34
ENSG00000235750	480	5607
ENSG00000235760	110	18
ENSG00000235761	0	0
ENSG00000235768	3	0
ENSG00000235770	90	35
ENSG00000235776	16	9
ENSG00000235777	14	25
ENSG00000235780	1	1
ENSG00000235784	13	1
ENSG00000235794	0	0
ENSG00000235803	0	0
ENSG00000235805	2	0
ENSG00000235821	45	44
ENSG00000235823	10561	5840
ENSG00000235824	75	321
ENSG00000235827	0	0
ENSG00000235828	20	0
ENSG00000235830	13	30
ENSG00000235831	332	333
ENSG00000235836	2	0
ENSG00000235838	32	19
ENSG00000235849	9	0
ENSG00000235855	0	0
ENSG00000235863	191	788
ENSG00000235864	1	1
ENSG00000235865	914	976
ENSG00000235875	2	23
ENSG00000235890	427	60
ENSG00000235897	73	31
ENSG00000235899	14	10
ENSG00000235903	452	235
ENSG00000235910	84	99
ENSG00000235914	112	16
ENSG00000235916	0	0
ENSG00000235917	107	42
ENSG00000235919	232	212
ENSG00000235920	19	2
ENSG00000235927	459	1690
ENSG00000235931	154	48
ENSG00000235940	138	316
ENSG00000235942	0	0
ENSG00000235947	128	94
ENSG00000235954	3510	1676
ENSG00000235958	89	86
ENSG00000235961	1474	389
ENSG00000235962	4	2
ENSG00000235963	3	17
ENSG00000235969	0	0
ENSG00000235974	42	3
ENSG00000235976	0	0
ENSG00000235984	3	8
ENSG00000235989	90	46
ENSG00000235990	6	0
ENSG00000235995	0	0
ENSG00000235998	0	0
ENSG00000236007	47	5
ENSG00000236008	748	306
ENSG00000236013	10	747
ENSG00000236024	54	8
ENSG00000236027	47	0
ENSG00000236032	211	91
ENSG00000236036	1	0
ENSG00000236039	366	178
ENSG00000236040	0	0
ENSG00000236041	4	14
ENSG00000236047	141	83
ENSG00000236048	1	2
ENSG00000236049	1	0
ENSG00000236051	209	70
ENSG00000236052	68	93
ENSG00000236058	5	3
ENSG00000236072	0	0
ENSG00000236076	0	0
ENSG00000236077	1	2
ENSG00000236078	64	36
ENSG00000236081	48	31
ENSG00000236083	0	0
ENSG00000236088	3792	1206
ENSG00000236091	17	7
ENSG00000236097	0	0
ENSG00000236101	1	1
ENSG00000236104	1017	1958
ENSG00000236107	837	502
ENSG00000236110	0	5
ENSG00000236111	0	0
ENSG00000236117	2	0
ENSG00000236125	46	6
ENSG00000236126	0	0
ENSG00000236130	371	298
ENSG00000236131	0	0
ENSG00000236137	23	14
ENSG00000236138	18	5
ENSG00000236144	1059	757
ENSG00000236148	1	2
ENSG00000236158	0	0
ENSG00000236167	0	0
ENSG00000236170	0	0
ENSG00000236171	0	0
ENSG00000236172	22	16
ENSG00000236175	1	0
ENSG00000236179	0	0
ENSG00000236185	0	0
ENSG00000236188	29	69
ENSG00000236189	1	0
ENSG00000236191	0	0
ENSG00000236195	0	0
ENSG00000236197	247	235
ENSG00000236202	9	0
ENSG00000236204	350	162
ENSG00000236211	0	0
ENSG00000236232	6	0
ENSG00000236242	2	1
ENSG00000236243	0	0
ENSG00000236254	136	71
ENSG00000236256	340	136
ENSG00000236259	15	11
ENSG00000236264	231	105
ENSG00000236268	512	161
ENSG00000236272	13	1
ENSG00000236276	0	1
ENSG00000236279	10	16
ENSG00000236284	0	0
ENSG00000236287	4933	2443
ENSG00000236289	46	31
ENSG00000236290	36	1
ENSG00000236297	22	7
ENSG00000236300	0	0
ENSG00000236301	0	0
ENSG00000236305	111	18
ENSG00000236306	1	0
ENSG00000236311	0	0
ENSG00000236313	0	0
ENSG00000236316	0	0
ENSG00000236320	200	133
ENSG00000236330	0	3
ENSG00000236334	58	42
ENSG00000236336	1	0
ENSG00000236339	34	14
ENSG00000236340	25	13
ENSG00000236345	37	24
ENSG00000236348	0	0
ENSG00000236357	0	0
ENSG00000236359	9	0
ENSG00000236362	0	0
ENSG00000236371	0	0
ENSG00000236373	1	0
ENSG00000236377	21	13
ENSG00000236383	320	684
ENSG00000236384	0	0
ENSG00000236396	0	0
ENSG00000236398	50	4
ENSG00000236400	0	0
ENSG00000236401	0	0
ENSG00000236404	272	842
ENSG00000236423	65	56
ENSG00000236424	0	0
ENSG00000236432	1124	817
ENSG00000236433	0	0
ENSG00000236435	0	0
ENSG00000236436	0	0
ENSG00000236444	68	25
ENSG00000236446	1	1
ENSG00000236460	21	82
ENSG00000236463	84	7
ENSG00000236467	1038	260
ENSG00000236471	0	4
ENSG00000236475	25	2
ENSG00000236481	0	0
ENSG00000236483	43	57
ENSG00000236484	7	3
ENSG00000236496	1	2
ENSG00000236497	37	8
ENSG00000236499	44	22
ENSG00000236502	77	0
ENSG00000236503	0	0
ENSG00000236509	0	0
ENSG00000236511	60	22
ENSG00000236520	13	10
ENSG00000236521	1	2
ENSG00000236523	26	28
ENSG00000236526	371	156
ENSG00000236530	1	0
ENSG00000236532	850	505
ENSG00000236534	7	0
ENSG00000236541	2	1
ENSG00000236544	9	0
ENSG00000236546	0	5
ENSG00000236548	305	217
ENSG00000236552	90	35
ENSG00000236554	22	4
ENSG00000236564	274	161
ENSG00000236565	4	5
ENSG00000236570	0	1
ENSG00000236577	40	17
ENSG00000236581	1043	790
ENSG00000236582	5	7
ENSG00000236590	0	0
ENSG00000236594	0	0
ENSG00000236595	0	0
ENSG00000236597	0	0
ENSG00000236607	0	0
ENSG00000236608	2	0
ENSG00000236609	892	2568
ENSG00000236610	0	0
ENSG00000236611	53	37
ENSG00000236617	17	7
ENSG00000236618	121	124
ENSG00000236626	2	0
ENSG00000236635	61	33
ENSG00000236637	0	0
ENSG00000236648	0	0
ENSG00000236651	4	0
ENSG00000236655	0	0
ENSG00000236667	1	0
ENSG00000236668	1	2
ENSG00000236670	122	119
ENSG00000236678	129	49
ENSG00000236679	0	0
ENSG00000236682	238	205
ENSG00000236689	1	0
ENSG00000236699	195	82
ENSG00000236700	73	54
ENSG00000236704	0	0
ENSG00000236709	26	30
ENSG00000236714	127	529
ENSG00000236718	1	0
ENSG00000236719	28	76
ENSG00000236720	0	0
ENSG00000236735	2	2
ENSG00000236736	0	0
ENSG00000236745	37	51
ENSG00000236747	0	0
ENSG00000236753	900	794
ENSG00000236756	173	121
ENSG00000236758	43	16
ENSG00000236761	1	2
ENSG00000236769	1	5
ENSG00000236776	71	66
ENSG00000236778	922	334
ENSG00000236780	674	38
ENSG00000236782	62	73
ENSG00000236783	0	0
ENSG00000236785	0	0
ENSG00000236790	385	288
ENSG00000236791	0	0
ENSG00000236794	11	4
ENSG00000236795	38	29
ENSG00000236799	3	2
ENSG00000236801	22	17
ENSG00000236803	16	18
ENSG00000236804	39	7
ENSG00000236806	42	10
ENSG00000236809	30	5
ENSG00000236810	541	309
ENSG00000236819	110	90
ENSG00000236824	568	1045
ENSG00000236830	654	1070
ENSG00000236831	0	0
ENSG00000236832	0	0
ENSG00000236834	0	0
ENSG00000236836	0	0
ENSG00000236849	139	50
ENSG00000236853	0	0
ENSG00000236859	733	413
ENSG00000236863	66	74
ENSG00000236866	0	0
ENSG00000236869	130	82
ENSG00000236870	0	0
ENSG00000236871	190	128
ENSG00000236872	3	2
ENSG00000236878	66	20
ENSG00000236880	0	0
ENSG00000236882	26	22
ENSG00000236893	14	8
ENSG00000236901	1385	768
ENSG00000236909	0	0
ENSG00000236913	5	0
ENSG00000236914	34	40
ENSG00000236915	839	830
ENSG00000236917	0	1
ENSG00000236919	0	0
ENSG00000236929	0	0
ENSG00000236937	1	2
ENSG00000236946	0	0
ENSG00000236950	0	1
ENSG00000236956	1	0
ENSG00000236959	0	0
ENSG00000236965	0	5
ENSG00000236973	40	44
ENSG00000236975	1	0
ENSG00000236976	11	0
ENSG00000236977	284	165
ENSG00000236981	1	0
ENSG00000236991	237	52
ENSG00000236992	46	59
ENSG00000236994	2	0
ENSG00000236999	2	0
ENSG00000237007	13	0
ENSG00000237009	7	14
ENSG00000237013	19	0
ENSG00000237014	0	0
ENSG00000237020	0	0
ENSG00000237023	36	16
ENSG00000237024	3	0
ENSG00000237032	0	0
ENSG00000237033	1	0
ENSG00000237036	1643	687
ENSG00000237037	2258	999
ENSG00000237038	0	0
ENSG00000237040	0	0
ENSG00000237041	36	20
ENSG00000237048	0	1
ENSG00000237049	0	3
ENSG00000237054	174	85
ENSG00000237055	9	2
ENSG00000237064	57	0
ENSG00000237068	0	0
ENSG00000237080	59	24
ENSG00000237088	104	25
ENSG00000237109	1	0
ENSG00000237110	0	0
ENSG00000237111	0	0
ENSG00000237119	0	0
ENSG00000237124	13	11
ENSG00000237125	7155	13819
ENSG00000237128	5	0
ENSG00000237129	1	1
ENSG00000237135	175	31
ENSG00000237149	389	162
ENSG00000237159	234	55
ENSG00000237162	22	5
ENSG00000237172	799	1717
ENSG00000237175	0	2
ENSG00000237178	19	3
ENSG00000237179	253	14
ENSG00000237181	37	52
ENSG00000237183	0	0
ENSG00000237185	0	0
ENSG00000237187	1565	899
ENSG00000237190	1092	2403
ENSG00000237195	0	0
ENSG00000237197	0	0
ENSG00000237207	6	27
ENSG00000237213	0	0
ENSG00000237215	0	0
ENSG00000237222	30	46
ENSG00000237225	149	38
ENSG00000237226	1	0
ENSG00000237230	0	0
ENSG00000237232	167	128
ENSG00000237235	0	0
ENSG00000237238	78	1464
ENSG00000237243	50	61
ENSG00000237247	0	0
ENSG00000237248	63	112
ENSG00000237254	0	0
ENSG00000237256	0	0
ENSG00000237257	9	0
ENSG00000237260	31	9
ENSG00000237266	0	0
ENSG00000237267	24	33
ENSG00000237269	0	1
ENSG00000237272	0	1
ENSG00000237278	2	0
ENSG00000237282	0	0
ENSG00000237286	3	7
ENSG00000237289	13	93
ENSG00000237290	1	1
ENSG00000237292	73	89
ENSG00000237296	10271	14918
ENSG00000237298	10333	9167
ENSG00000237300	54	13
ENSG00000237302	0	0
ENSG00000237303	5	4
ENSG00000237306	1	2
ENSG00000237309	0	0
ENSG00000237310	91	92
ENSG00000237314	0	0
ENSG00000237322	50	38
ENSG00000237328	119	139
ENSG00000237330	52	24
ENSG00000237338	36	4
ENSG00000237339	20	8
ENSG00000237341	4	0
ENSG00000237353	415	81
ENSG00000237354	0	0
ENSG00000237361	1924	30
ENSG00000237381	0	2
ENSG00000237388	0	1
ENSG00000237396	0	0
ENSG00000237399	211	238
ENSG00000237401	98	72
ENSG00000237406	199	86
ENSG00000237408	0	0
ENSG00000237412	5	3
ENSG00000237424	263	45
ENSG00000237425	0	0
ENSG00000237427	0	0
ENSG00000237432	1	0
ENSG00000237433	1	6
ENSG00000237435	6	5
ENSG00000237437	0	0
ENSG00000237440	2113	702
ENSG00000237441	3670	5282
ENSG00000237442	9	4
ENSG00000237443	1	0
ENSG00000237447	0	0
ENSG00000237449	0	0
ENSG00000237450	1	0
ENSG00000237452	8	7
ENSG00000237463	200	150
ENSG00000237466	0	0
ENSG00000237467	0	0
ENSG00000237468	0	0
ENSG00000237469	0	0
ENSG00000237475	1	2
ENSG00000237476	7	11
ENSG00000237483	41	41
ENSG00000237484	662	328
ENSG00000237487	0	0
ENSG00000237491	2583	944
ENSG00000237492	1	0
ENSG00000237499	184	133
ENSG00000237505	225	153
ENSG00000237506	1	0
ENSG00000237512	106	849
ENSG00000237515	313	436
ENSG00000237520	1	1
ENSG00000237521	0	0
ENSG00000237523	91	66
ENSG00000237524	3	0
ENSG00000237541	2	183
ENSG00000237542	12	3
ENSG00000237547	0	0
ENSG00000237549	1	0
ENSG00000237552	0	0
ENSG00000237556	126	168
ENSG00000237558	0	0
ENSG00000237560	131	58
ENSG00000237569	0	0
ENSG00000237571	7	6
ENSG00000237574	110	89
ENSG00000237576	0	0
ENSG00000237579	58	33
ENSG00000237583	3	3
ENSG00000237589	0	0
ENSG00000237594	36	0
ENSG00000237595	46	60
ENSG00000237605	6	9
ENSG00000237610	0	0
ENSG00000237613	216	180
ENSG00000237616	0	0
ENSG00000237618	0	0
ENSG00000237619	0	2
ENSG00000237621	25	3
ENSG00000237622	0	0
ENSG00000237624	31	328
ENSG00000237628	88	8
ENSG00000237630	5	7
ENSG00000237635	0	0
ENSG00000237636	25	1
ENSG00000237638	393	89
ENSG00000237641	33	57
ENSG00000237649	1325	57
ENSG00000237650	0	0
ENSG00000237664	0	0
ENSG00000237665	125	1
ENSG00000237667	1891	229
ENSG00000237671	0	0
ENSG00000237675	22	16
ENSG00000237684	0	0
ENSG00000237686	207	124
ENSG00000237693	52	17
ENSG00000237700	0	0
ENSG00000237702	2	2
ENSG00000237708	6	0
ENSG00000237709	9	0
ENSG00000237711	91	62
ENSG00000237714	3	22
ENSG00000237728	10	4
ENSG00000237730	0	1
ENSG00000237731	13	20
ENSG00000237737	155	104
ENSG00000237738	61	66
ENSG00000237742	42	118
ENSG00000237750	77	0
ENSG00000237751	7	14
ENSG00000237752	1	0
ENSG00000237763	3	4
ENSG00000237765	1439	727
ENSG00000237766	13	41
ENSG00000237770	0	0
ENSG00000237772	11	2
ENSG00000237781	50	183
ENSG00000237787	35	36
ENSG00000237790	203	121
ENSG00000237793	1	2
ENSG00000237797	3	3
ENSG00000237802	0	0
ENSG00000237807	1769	2625
ENSG00000237816	13	3
ENSG00000237818	58	5
ENSG00000237819	52	35
ENSG00000237824	0	0
ENSG00000237827	118	90
ENSG00000237840	32	31
ENSG00000237841	0	0
ENSG00000237853	426	73
ENSG00000237859	20	15
ENSG00000237872	95	78
ENSG00000237879	2	9
ENSG00000237880	17	8
ENSG00000237906	1	0
ENSG00000237910	0	2
ENSG00000237911	108	20
ENSG00000237913	0	0
ENSG00000237914	10	14
ENSG00000237916	111	44
ENSG00000237917	0	2
ENSG00000237923	81	84
ENSG00000237924	0	0
ENSG00000237928	2186	1101
ENSG00000237930	5	1
ENSG00000237937	1	0
ENSG00000237941	8	1
ENSG00000237943	235	168
ENSG00000237945	478	595
ENSG00000237948	2	1
ENSG00000237952	0	0
ENSG00000237957	0	0
ENSG00000237972	170	55
ENSG00000237973	1869	35879
ENSG00000237986	599	688
ENSG00000237988	126	41
ENSG00000237989	58	188
ENSG00000237991	1	2
ENSG00000237992	13	8
ENSG00000237997	0	0
ENSG00000237999	0	1
ENSG00000238000	0	1
ENSG00000238002	2	0
ENSG00000238003	0	0
ENSG00000238005	15	14
ENSG00000238020	59	40
ENSG00000238025	1	9
ENSG00000238032	0	0
ENSG00000238037	0	0
ENSG00000238046	1	0
ENSG00000238047	0	0
ENSG00000238051	2	0
ENSG00000238057	85	197
ENSG00000238062	24	11
ENSG00000238069	0	0
ENSG00000238074	0	0
ENSG00000238075	0	0
ENSG00000238078	16	11
ENSG00000238083	4632	2442
ENSG00000238086	205	253
ENSG00000238087	0	0
ENSG00000238088	4	3
ENSG00000238097	155	122
ENSG00000238099	62	22
ENSG00000238103	11	10
ENSG00000238109	104	73
ENSG00000238111	27	27
ENSG00000238113	1122	199
ENSG00000238116	1	0
ENSG00000238118	0	0
ENSG00000238120	108	135
ENSG00000238121	299	231
ENSG00000238125	0	0
ENSG00000238131	36	20
ENSG00000238133	240	319
ENSG00000238135	4	6
ENSG00000238141	41	4
ENSG00000238145	0	23
ENSG00000238152	0	0
ENSG00000238160	109	247
ENSG00000238161	19	5
ENSG00000238169	0	0
ENSG00000238172	17	9
ENSG00000238180	3	2
ENSG00000238181	3	9
ENSG00000238183	0	0
ENSG00000238184	100	76
ENSG00000238193	0	10
ENSG00000238194	142	50
ENSG00000238197	2476	796
ENSG00000238198	1361	574
ENSG00000238205	276	0
ENSG00000238210	24	7
ENSG00000238211	0	0
ENSG00000238212	1	0
ENSG00000238213	8	0
ENSG00000238217	268	175
ENSG00000238227	1436	2571
ENSG00000238228	140	54
ENSG00000238230	71	40
ENSG00000238235	0	0
ENSG00000238236	10	4
ENSG00000238241	124	52
ENSG00000238243	42	18
ENSG00000238245	10	1
ENSG00000238247	0	2
ENSG00000238256	6	1
ENSG00000238263	5	0
ENSG00000238265	1	0
ENSG00000238266	394	310
ENSG00000238269	1	1
ENSG00000238271	0	0
ENSG00000238276	189	186
ENSG00000238283	15	1
ENSG00000238284	45	21
ENSG00000238288	41	12
ENSG00000238300	8	1
ENSG00000238302	1	0
ENSG00000238304	7	14
ENSG00000238311	61	26
ENSG00000238317	54	18
ENSG00000238357	0	0
ENSG00000238363	15	1
ENSG00000238364	5	15
ENSG00000238365	51	33
ENSG00000238367	0	0
ENSG00000238370	5	10
ENSG00000238374	5	11
ENSG00000238379	1	1
ENSG00000238380	2	0
ENSG00000238382	0	0
ENSG00000238386	29	8
ENSG00000238391	37	37
ENSG00000238399	0	0
ENSG00000238405	9	13
ENSG00000238406	30	0
ENSG00000238417	2	1
ENSG00000238419	9	4
ENSG00000238420	6	1
ENSG00000238423	0	0
ENSG00000238427	1	0
ENSG00000238431	0	1
ENSG00000238441	1	1
ENSG00000238444	22	22
ENSG00000238446	6	12
ENSG00000238447	5	0
ENSG00000238452	6	0
ENSG00000238456	0	0
ENSG00000238457	8	32
ENSG00000238468	8	0
ENSG00000238478	0	2
ENSG00000238482	42	89
ENSG00000238489	0	0
ENSG00000238493	0	0
ENSG00000238498	4	4
ENSG00000238500	3	7
ENSG00000238509	0	0
ENSG00000238517	0	0
ENSG00000238523	5	5
ENSG00000238529	0	0
ENSG00000238531	29	8
ENSG00000238540	0	0
ENSG00000238542	0	0
ENSG00000238551	0	0
ENSG00000238554	74	0
ENSG00000238558	0	0
ENSG00000238561	0	0
ENSG00000238562	0	0
ENSG00000238578	0	0
ENSG00000238584	0	0
ENSG00000238590	0	0
ENSG00000238597	0	0
ENSG00000238606	1	2
ENSG00000238609	0	0
ENSG00000238610	6	0
ENSG00000238616	0	0
ENSG00000238619	1	0
ENSG00000238622	883	200
ENSG00000238627	0	0
ENSG00000238632	0	0
ENSG00000238649	0	0
ENSG00000238650	0	0
ENSG00000238658	5	2
ENSG00000238669	0	0
ENSG00000238680	0	0
ENSG00000238697	0	0
ENSG00000238698	0	0
ENSG00000238704	6	2
ENSG00000238705	0	0
ENSG00000238709	0	0
ENSG00000238711	69	50
ENSG00000238719	23	14
ENSG00000238721	5	0
ENSG00000238728	4	2
ENSG00000238730	0	0
ENSG00000238731	8	0
ENSG00000238735	4	0
ENSG00000238741	3264	5378
ENSG00000238750	0	0
ENSG00000238754	19	5
ENSG00000238759	0	0
ENSG00000238765	0	0
ENSG00000238777	4	1
ENSG00000238778	21	12
ENSG00000238785	0	0
ENSG00000238788	0	0
ENSG00000238789	0	0
ENSG00000238793	5	6
ENSG00000238795	2399	1312
ENSG00000238808	0	0
ENSG00000238812	18	3
ENSG00000238825	23	3
ENSG00000238829	20	46
ENSG00000238830	1	0
ENSG00000238833	3	0
ENSG00000238835	29	9
ENSG00000238862	0	0
ENSG00000238875	0	0
ENSG00000238880	6	3
ENSG00000238882	0	0
ENSG00000238886	26	6
ENSG00000238898	1	0
ENSG00000238904	2	2
ENSG00000238908	0	0
ENSG00000238913	9	1
ENSG00000238917	794	79
ENSG00000238923	0	0
ENSG00000238924	1	0
ENSG00000238936	0	0
ENSG00000238941	0	0
ENSG00000238942	0	0
ENSG00000238949	0	0
ENSG00000238950	0	0
ENSG00000238959	41	32
ENSG00000238961	215	152
ENSG00000238962	0	0
ENSG00000238964	1	0
ENSG00000238965	0	0
ENSG00000238987	5	0
ENSG00000238998	30	5
ENSG00000239001	0	0
ENSG00000239002	43298	2259
ENSG00000239003	0	0
ENSG00000239007	5	3
ENSG00000239010	0	0
ENSG00000239014	0	0
ENSG00000239021	2	0
ENSG00000239023	1	0
ENSG00000239030	0	0
ENSG00000239035	40	13
ENSG00000239039	400	462
ENSG00000239043	29	3
ENSG00000239053	1	0
ENSG00000239057	2	0
ENSG00000239075	0	0
ENSG00000239078	8	2
ENSG00000239081	1	0
ENSG00000239082	10	16
ENSG00000239099	6	2
ENSG00000239102	1	0
ENSG00000239105	70	39
ENSG00000239108	0	0
ENSG00000239115	13	4
ENSG00000239118	4	2
ENSG00000239119	82	46
ENSG00000239122	8	1
ENSG00000239127	0	0
ENSG00000239128	0	2
ENSG00000239149	421	269
ENSG00000239151	4	21
ENSG00000239152	10	4
ENSG00000239168	1	0
ENSG00000239169	0	0
ENSG00000239175	0	0
ENSG00000239183	60	16
ENSG00000239184	0	0
ENSG00000239185	0	0
ENSG00000239189	3	1
ENSG00000239190	0	0
ENSG00000239194	2	0
ENSG00000239195	0	0
ENSG00000239198	0	0
ENSG00000239199	0	0
ENSG00000239200	0	0
ENSG00000239201	1	1
ENSG00000239202	11	6
ENSG00000239211	17	9
ENSG00000239212	0	7
ENSG00000239215	4	16
ENSG00000239221	35	37
ENSG00000239223	1	0
ENSG00000239224	56	86
ENSG00000239225	0	0
ENSG00000239226	0	0
ENSG00000239228	10	5
ENSG00000239247	18	9
ENSG00000239249	32	3
ENSG00000239250	29	10
ENSG00000239257	18	20
ENSG00000239261	0	0
ENSG00000239264	6290	7947
ENSG00000239269	3	2
ENSG00000239272	27	34
ENSG00000239279	1	4
ENSG00000239282	387	435
ENSG00000239305	3917	8281
ENSG00000239306	5373	6733
ENSG00000239314	0	0
ENSG00000239315	0	0
ENSG00000239316	6	2
ENSG00000239317	46	15
ENSG00000239319	53	58
ENSG00000239320	0	0
ENSG00000239322	12	14
ENSG00000239332	56	58
ENSG00000239333	9	5
ENSG00000239335	19	71
ENSG00000239354	0	0
ENSG00000239356	0	2
ENSG00000239365	2	4
ENSG00000239367	62	34
ENSG00000239382	780	513
ENSG00000239388	652	749
ENSG00000239389	162	13
ENSG00000239390	3	0
ENSG00000239396	35	15
ENSG00000239398	35	56
ENSG00000239412	0	0
ENSG00000239419	54	62
ENSG00000239426	0	0
ENSG00000239428	0	0
ENSG00000239437	36	68
ENSG00000239438	0	0
ENSG00000239440	161	96
ENSG00000239454	16	6
ENSG00000239464	0	0
ENSG00000239466	36	10
ENSG00000239468	36	6
ENSG00000239471	0	1
ENSG00000239472	15	4
ENSG00000239473	0	0
ENSG00000239474	559	5334
ENSG00000239481	0	0
ENSG00000239483	50	36
ENSG00000239490	10	1
ENSG00000239494	51	12
ENSG00000239504	7	8
ENSG00000239508	0	3
ENSG00000239513	0	0
ENSG00000239516	1	2
ENSG00000239523	877	397
ENSG00000239525	0	0
ENSG00000239542	2	2
ENSG00000239545	0	0
ENSG00000239547	0	0
ENSG00000239553	25	9
ENSG00000239555	34	18
ENSG00000239557	13	12
ENSG00000239560	1	1
ENSG00000239570	192	5
ENSG00000239571	0	0
ENSG00000239576	16	50
ENSG00000239577	21	14
ENSG00000239579	14	8
ENSG00000239580	1	0
ENSG00000239586	32	10
ENSG00000239589	10	7
ENSG00000239590	10	0
ENSG00000239595	1	1
ENSG00000239605	47	65
ENSG00000239608	29	27
ENSG00000239617	32	4
ENSG00000239620	0	0
ENSG00000239625	0	0
ENSG00000239627	50	107
ENSG00000239632	4	5
ENSG00000239636	58	37
ENSG00000239640	5	5
ENSG00000239642	1	5
ENSG00000239648	62	1
ENSG00000239653	583	114
ENSG00000239672	2004	1137
ENSG00000239679	0	2
ENSG00000239683	0	0
ENSG00000239689	0	0
ENSG00000239690	10	5
ENSG00000239694	6	13
ENSG00000239697	692	3180
ENSG00000239699	0	0
ENSG00000239702	20	13
ENSG00000239703	5	4
ENSG00000239704	342	293
ENSG00000239705	7	6
ENSG00000239708	0	0
ENSG00000239710	0	0
ENSG00000239713	557	628
ENSG00000239718	2	14
ENSG00000239722	1	3
ENSG00000239726	9	8
ENSG00000239731	61	72
ENSG00000239732	38	85
ENSG00000239742	8	14
ENSG00000239744	6	0
ENSG00000239745	12	8
ENSG00000239748	12	19
ENSG00000239779	2765	3253
ENSG00000239780	0	0
ENSG00000239789	817	1388
ENSG00000239794	134	86
ENSG00000239797	4	0
ENSG00000239799	0	11
ENSG00000239808	13	5
ENSG00000239810	0	0
ENSG00000239819	0	6
ENSG00000239820	8	4
ENSG00000239821	7	4
ENSG00000239822	41	32
ENSG00000239825	0	0
ENSG00000239829	0	0
ENSG00000239830	8	12
ENSG00000239839	7	38
ENSG00000239840	6	0
ENSG00000239855	0	26
ENSG00000239856	74	19
ENSG00000239857	1418	2130
ENSG00000239862	0	0
ENSG00000239868	2	16
ENSG00000239877	14	12
ENSG00000239880	1	7
ENSG00000239884	109	87
ENSG00000239886	0	0
ENSG00000239888	6	7
ENSG00000239900	4286	4644
ENSG00000239908	25	8
ENSG00000239910	25	6
ENSG00000239921	5	8
ENSG00000239923	23	4
ENSG00000239930	0	0
ENSG00000239932	16	19
ENSG00000239939	0	0
ENSG00000239942	3	3
ENSG00000239946	161	59
ENSG00000239948	4	7
ENSG00000239951	4	214
ENSG00000239953	10	8
ENSG00000239958	1	0
ENSG00000239959	22	8
ENSG00000239961	2	5
ENSG00000239964	31	34
ENSG00000239975	0	0
ENSG00000239981	0	1
ENSG00000239984	2	0
ENSG00000239988	11	2
ENSG00000239992	0	0
ENSG00000239997	13	11
ENSG00000239998	138	242
ENSG00000240003	31	6
ENSG00000240006	13	13
ENSG00000240012	58	11
ENSG00000240014	58	25
ENSG00000240021	419	218
ENSG00000240023	0	2
ENSG00000240031	27	3
ENSG00000240032	111	43
ENSG00000240034	3	2
ENSG00000240038	1244	1541
ENSG00000240041	3	42
ENSG00000240043	1	0
ENSG00000240045	91	84
ENSG00000240047	0	8
ENSG00000240051	0	0
ENSG00000240053	806	632
ENSG00000240057	362	108
ENSG00000240065	595	851
ENSG00000240068	1	0
ENSG00000240069	0	4
ENSG00000240074	55	36
ENSG00000240083	25	4
ENSG00000240084	0	0
ENSG00000240087	5	0
ENSG00000240089	4	19
ENSG00000240098	74	46
ENSG00000240106	35	15
ENSG00000240116	7	5
ENSG00000240125	2	0
ENSG00000240128	1	0
ENSG00000240135	0	2
ENSG00000240137	880	293
ENSG00000240138	6	4
ENSG00000240151	18	12
ENSG00000240152	34	19
ENSG00000240159	0	1
ENSG00000240160	22	57
ENSG00000240167	16	12
ENSG00000240173	10	6
ENSG00000240175	265	281
ENSG00000240179	2	0
ENSG00000240183	25	19
ENSG00000240184	7233	7150
ENSG00000240186	0	0
ENSG00000240189	0	2
ENSG00000240194	0	0
ENSG00000240198	18	12
ENSG00000240199	11	8
ENSG00000240202	1	1
ENSG00000240203	7	6
ENSG00000240204	7	2
ENSG00000240205	59	69
ENSG00000240210	11	2
ENSG00000240215	0	0
ENSG00000240230	1783	1198
ENSG00000240233	47	34
ENSG00000240235	1	1
ENSG00000240236	0	0
ENSG00000240247	4	26
ENSG00000240250	42	19
ENSG00000240253	151	103
ENSG00000240254	27	13
ENSG00000240255	0	0
ENSG00000240268	0	0
ENSG00000240270	4	0
ENSG00000240288	809	648
ENSG00000240294	7	1
ENSG00000240299	26	19
ENSG00000240302	8	13
ENSG00000240303	2766	2063
ENSG00000240305	28	16
ENSG00000240306	26	29
ENSG00000240309	1	0
ENSG00000240317	10	44
ENSG00000240320	0	0
ENSG00000240322	74	68
ENSG00000240327	0	0
ENSG00000240342	6795	3656
ENSG00000240344	1384	747
ENSG00000240347	5	2
ENSG00000240361	6	0
ENSG00000240364	0	0
ENSG00000240366	9	3
ENSG00000240370	98	144
ENSG00000240371	1	1
ENSG00000240374	8	16
ENSG00000240382	0	14
ENSG00000240385	4	7
ENSG00000240386	0	0
ENSG00000240392	29	8
ENSG00000240395	44	33
ENSG00000240403	0	2
ENSG00000240405	238	143
ENSG00000240409	4	13
ENSG00000240411	1	0
ENSG00000240423	1	2
ENSG00000240432	0	0
ENSG00000240436	48	20
ENSG00000240438	0	0
ENSG00000240439	59	44
ENSG00000240443	0	0
ENSG00000240445	1582	391
ENSG00000240450	0	0
ENSG00000240452	9	5
ENSG00000240457	41	23
ENSG00000240470	13	6
ENSG00000240474	16	40
ENSG00000240481	10	24
ENSG00000240486	0	0
ENSG00000240494	0	0
ENSG00000240498	677	454
ENSG00000240502	0	2
ENSG00000240505	183	36
ENSG00000240509	4	19
ENSG00000240511	0	0
ENSG00000240522	75	64
ENSG00000240531	64	85
ENSG00000240533	20	149
ENSG00000240534	0	0
ENSG00000240540	0	2
ENSG00000240541	1	6
ENSG00000240542	0	0
ENSG00000240545	43	18
ENSG00000240549	127	42
ENSG00000240554	2	0
ENSG00000240563	32	23
ENSG00000240567	147	14
ENSG00000240577	17	7
ENSG00000240578	0	0
ENSG00000240583	9203	40113
ENSG00000240584	2	0
ENSG00000240589	34	24
ENSG00000240590	23	10
ENSG00000240596	22	4
ENSG00000240601	0	0
ENSG00000240606	7	20
ENSG00000240611	0	0
ENSG00000240613	30	63
ENSG00000240616	69	31
ENSG00000240625	26	18
ENSG00000240626	3	0
ENSG00000240631	0	0
ENSG00000240637	0	0
ENSG00000240639	26	13
ENSG00000240641	19	9
ENSG00000240647	0	1
ENSG00000240651	0	0
ENSG00000240654	273	159
ENSG00000240663	13	25
ENSG00000240665	0	0
ENSG00000240668	8	21
ENSG00000240671	0	8
ENSG00000240680	45	4
ENSG00000240682	1210	1348
ENSG00000240692	11	7
ENSG00000240694	3625	760
ENSG00000240698	20	12
ENSG00000240707	9	10
ENSG00000240713	1	0
ENSG00000240718	29	20
ENSG00000240720	208	27
ENSG00000240721	0	0
ENSG00000240723	31	36
ENSG00000240724	13	0
ENSG00000240733	21	35
ENSG00000240738	2	1
ENSG00000240747	65	64
ENSG00000240750	63	51
ENSG00000240760	0	0
ENSG00000240764	615	1507
ENSG00000240767	38	41
ENSG00000240771	1924	1459
ENSG00000240772	66	28
ENSG00000240785	0	1
ENSG00000240790	63	9
ENSG00000240791	9	5
ENSG00000240796	21	5
ENSG00000240803	8	14
ENSG00000240809	16	38
ENSG00000240821	0	0
ENSG00000240823	30	27
ENSG00000240824	0	0
ENSG00000240828	4	2
ENSG00000240837	1	2
ENSG00000240846	0	0
ENSG00000240847	0	0
ENSG00000240849	2470	4785
ENSG00000240853	63	79
ENSG00000240854	2	0
ENSG00000240857	1359	2654
ENSG00000240859	45	184
ENSG00000240863	4	1
ENSG00000240864	0	16
ENSG00000240870	8	37
ENSG00000240871	0	0
ENSG00000240873	36	20
ENSG00000240875	272	411
ENSG00000240877	14	11
ENSG00000240889	103	66
ENSG00000240891	113	280
ENSG00000240893	91	68
ENSG00000240902	0	0
ENSG00000240905	20	23
ENSG00000240912	2	0
ENSG00000240922	25	17
ENSG00000240925	27	110
ENSG00000240927	0	0
ENSG00000240936	3	5
ENSG00000240940	3	4
ENSG00000240951	0	0
ENSG00000240954	1	0
ENSG00000240961	4	6
ENSG00000240964	133	20
ENSG00000240966	38	4
ENSG00000240972	8841	10421
ENSG00000240977	19	10
ENSG00000240990	6	0
ENSG00000240991	32	8
ENSG00000240993	37	55
ENSG00000240997	12	23
ENSG00000241002	133	188
ENSG00000241007	128	130
ENSG00000241008	0	0
ENSG00000241018	0	0
ENSG00000241020	0	0
ENSG00000241032	23	18
ENSG00000241037	0	1
ENSG00000241045	3	0
ENSG00000241052	18	13
ENSG00000241058	1282	776
ENSG00000241061	74	33
ENSG00000241064	49	28
ENSG00000241074	26	27
ENSG00000241081	4	0
ENSG00000241082	5	0
ENSG00000241088	0	0
ENSG00000241098	0	0
ENSG00000241104	16	15
ENSG00000241106	19	41
ENSG00000241111	0	0
ENSG00000241119	0	3
ENSG00000241120	91	33
ENSG00000241123	0	0
ENSG00000241127	767	454
ENSG00000241128	91	0
ENSG00000241130	1	8
ENSG00000241131	0	1
ENSG00000241144	15	8
ENSG00000241149	17	21
ENSG00000241152	2	4
ENSG00000241155	127	142
ENSG00000241156	25	18
ENSG00000241157	32	5
ENSG00000241158	1171	1547
ENSG00000241159	36	16
ENSG00000241163	491	218
ENSG00000241170	528	175
ENSG00000241172	0	3
ENSG00000241174	15	6
ENSG00000241175	8	7
ENSG00000241188	13	13
ENSG00000241198	22	18
ENSG00000241203	0	0
ENSG00000241213	14	3
ENSG00000241216	0	0
ENSG00000241217	59	42
ENSG00000241218	39	14
ENSG00000241221	2	1
ENSG00000241223	0	0
ENSG00000241225	0	0
ENSG00000241226	5	8
ENSG00000241227	45	26
ENSG00000241229	6	2
ENSG00000241230	138	55
ENSG00000241233	3	1
ENSG00000241241	156	38
ENSG00000241243	43	47
ENSG00000241244	0	4
ENSG00000241246	13	8
ENSG00000241248	2	0
ENSG00000241250	1	1
ENSG00000241258	1945	2909
ENSG00000241261	23	6
ENSG00000241278	115	30
ENSG00000241288	2269	694
ENSG00000241291	15	45
ENSG00000241293	1	1
ENSG00000241294	0	32
ENSG00000241307	9	8
ENSG00000241313	116	109
ENSG00000241316	2597	1224
ENSG00000241319	25	28
ENSG00000241322	640	354
ENSG00000241328	0	0
ENSG00000241333	9	0
ENSG00000241336	0	0
ENSG00000241343	3257	741
ENSG00000241344	61	22
ENSG00000241346	18	1
ENSG00000241347	1	2
ENSG00000241351	4	116
ENSG00000241356	0	0
ENSG00000241359	0	0
ENSG00000241360	1184	2071
ENSG00000241369	293	162
ENSG00000241370	490	720
ENSG00000241388	180	140
ENSG00000241391	19	29
ENSG00000241392	6	14
ENSG00000241395	33	34
ENSG00000241399	3254	2587
ENSG00000241404	914	463
ENSG00000241406	49	76
ENSG00000241413	64	57
ENSG00000241420	74	33
ENSG00000241423	0	1
ENSG00000241429	26	94
ENSG00000241451	0	0
ENSG00000241457	0	0
ENSG00000241458	3	0
ENSG00000241461	4	10
ENSG00000241468	3455	11181
ENSG00000241469	495	212
ENSG00000241472	917	289
ENSG00000241476	340	5
ENSG00000241479	15	8
ENSG00000241484	78	148
ENSG00000241487	3	1
ENSG00000241506	0	227
ENSG00000241511	1	5
ENSG00000241524	8	7
ENSG00000241527	23	16
ENSG00000241542	11	7
ENSG00000241544	6	9
ENSG00000241550	3	0
ENSG00000241552	48	15
ENSG00000241553	3565	7350
ENSG00000241560	823	438
ENSG00000241562	0	0
ENSG00000241563	50	23
ENSG00000241566	0	0
ENSG00000241568	16	91
ENSG00000241570	159	154
ENSG00000241571	0	0
ENSG00000241582	4	2
ENSG00000241587	28	28
ENSG00000241588	0	0
ENSG00000241590	0	0
ENSG00000241595	0	0
ENSG00000241598	2	7
ENSG00000241604	4	2
ENSG00000241613	12	11
ENSG00000241625	61	53
ENSG00000241631	39	7
ENSG00000241635	339	183
ENSG00000241644	810	4977
ENSG00000241648	33	23
ENSG00000241652	6	3
ENSG00000241654	1	1
ENSG00000241657	0	0
ENSG00000241665	69	63
ENSG00000241668	0	0
ENSG00000241669	19	10
ENSG00000241680	9	5
ENSG00000241684	1841	1335
ENSG00000241685	2753	7143
ENSG00000241693	14	23
ENSG00000241696	1	2
ENSG00000241697	198	35
ENSG00000241709	15	14
ENSG00000241717	9	335
ENSG00000241741	59	106
ENSG00000241745	34	19
ENSG00000241755	0	30
ENSG00000241756	2	0
ENSG00000241757	11	15
ENSG00000241764	58	62
ENSG00000241765	8	4
ENSG00000241767	2	1
ENSG00000241769	657	392
ENSG00000241785	11	18
ENSG00000241787	49	43
ENSG00000241789	13	14
ENSG00000241791	32	20
ENSG00000241794	2	3
ENSG00000241807	0	0
ENSG00000241808	7	20
ENSG00000241818	30	0
ENSG00000241821	7	4
ENSG00000241829	5	2
ENSG00000241832	11	21
ENSG00000241834	50	24
ENSG00000241837	4735	18251
ENSG00000241839	1190	4213
ENSG00000241861	0	0
ENSG00000241866	0	1
ENSG00000241868	59	39
ENSG00000241869	2	2
ENSG00000241874	0	0
ENSG00000241878	1401	2508
ENSG00000241890	59	36
ENSG00000241891	0	0
ENSG00000241899	0	1
ENSG00000241905	3	0
ENSG00000241911	0	0
ENSG00000241923	6	5
ENSG00000241926	44	3
ENSG00000241933	76	66
ENSG00000241935	430	1460
ENSG00000241939	83	37
ENSG00000241941	0	3
ENSG00000241942	4	1
ENSG00000241943	34	21
ENSG00000241945	1762	2160
ENSG00000241959	48	32
ENSG00000241963	108	44
ENSG00000241964	12	10
ENSG00000241973	7247	11800
ENSG00000241983	60	39
ENSG00000241992	1	0
ENSG00000241997	6	5
ENSG00000242014	15	7
ENSG00000242019	0	1
ENSG00000242020	82	162
ENSG00000242028	1433	1185
ENSG00000242042	58	21
ENSG00000242048	76	65
ENSG00000242049	1	4
ENSG00000242052	9	64
ENSG00000242058	1	1
ENSG00000242060	1	0
ENSG00000242065	26	51
ENSG00000242066	0	0
ENSG00000242067	4	3
ENSG00000242070	3	1
ENSG00000242071	20	35
ENSG00000242076	2	72
ENSG00000242079	0	4
ENSG00000242082	489	133
ENSG00000242083	34	6
ENSG00000242085	49	44
ENSG00000242086	0	0
ENSG00000242087	13	25
ENSG00000242100	68	57
ENSG00000242101	24	21
ENSG00000242102	2	8
ENSG00000242109	0	0
ENSG00000242110	634	539
ENSG00000242113	9	18
ENSG00000242114	261	734
ENSG00000242118	0	1
ENSG00000242120	41	2
ENSG00000242121	6	14
ENSG00000242125	4533	1237
ENSG00000242134	17	11
ENSG00000242135	1	0
ENSG00000242137	1	0
ENSG00000242147	96	41
ENSG00000242153	0	11
ENSG00000242158	29	15
ENSG00000242159	27	3
ENSG00000242165	11	9
ENSG00000242169	2	2
ENSG00000242170	56	28
ENSG00000242173	53	231
ENSG00000242175	70	51
ENSG00000242182	23	17
ENSG00000242201	1	6
ENSG00000242207	0	3
ENSG00000242208	2	0
ENSG00000242214	18	8
ENSG00000242216	4	1
ENSG00000242220	633	323
ENSG00000242221	24	17
ENSG00000242229	32	1
ENSG00000242236	27	13
ENSG00000242241	20	6
ENSG00000242247	1641	2490
ENSG00000242248	1	0
ENSG00000242251	25	22
ENSG00000242252	101	82
ENSG00000242256	29	26
ENSG00000242258	81	59
ENSG00000242265	2451	722
ENSG00000242266	1	0
ENSG00000242268	231	50
ENSG00000242276	6	30
ENSG00000242278	24	0
ENSG00000242279	0	0
ENSG00000242280	0	0
ENSG00000242281	30	21
ENSG00000242288	137	256
ENSG00000242290	252	158
ENSG00000242291	1	0
ENSG00000242315	14	18
ENSG00000242320	0	0
ENSG00000242321	22	27
ENSG00000242325	25	26
ENSG00000242330	77	29
ENSG00000242339	32	16
ENSG00000242341	51	40
ENSG00000242348	21	20
ENSG00000242360	0	3
ENSG00000242362	0	0
ENSG00000242366	0	1
ENSG00000242370	7	0
ENSG00000242371	0	0
ENSG00000242372	1629	1859
ENSG00000242381	0	0
ENSG00000242385	5	0
ENSG00000242389	0	0
ENSG00000242398	78	73
ENSG00000242399	0	0
ENSG00000242417	0	0
ENSG00000242419	690	966
ENSG00000242423	5	8
ENSG00000242428	126	23
ENSG00000242430	44	20
ENSG00000242435	21	1
ENSG00000242436	10	19
ENSG00000242441	61	9
ENSG00000242445	38	5
ENSG00000242456	1	4
ENSG00000242457	84	47
ENSG00000242461	0	0
ENSG00000242472	4	34
ENSG00000242473	0	1
ENSG00000242482	42	36
ENSG00000242483	32	16
ENSG00000242485	1709	3307
ENSG00000242493	79	47
ENSG00000242498	4326	4314
ENSG00000242509	30	14
ENSG00000242510	43	9
ENSG00000242512	1560	632
ENSG00000242515	0	0
ENSG00000242516	1317	489
ENSG00000242522	175	62
ENSG00000242524	0	0
ENSG00000242525	2	5
ENSG00000242534	0	0
ENSG00000242547	5	10
ENSG00000242550	47	40
ENSG00000242551	66	24
ENSG00000242559	39	15
ENSG00000242560	25	17
ENSG00000242562	0	3
ENSG00000242565	0	0
ENSG00000242571	7	4
ENSG00000242574	249	837
ENSG00000242575	0	0
ENSG00000242580	0	0
ENSG00000242583	0	4
ENSG00000242595	43	35
ENSG00000242607	89	14
ENSG00000242608	0	0
ENSG00000242610	0	1
ENSG00000242612	765	1051
ENSG00000242614	10	10
ENSG00000242616	1238	1919
ENSG00000242635	0	0
ENSG00000242636	3	10
ENSG00000242638	35	23
ENSG00000242641	26	22
ENSG00000242650	2	4
ENSG00000242651	35	28
ENSG00000242653	115	58
ENSG00000242654	0	0
ENSG00000242657	4	4
ENSG00000242661	4	1
ENSG00000242668	67	68
ENSG00000242670	1	0
ENSG00000242671	26	12
ENSG00000242673	12	3
ENSG00000242688	13	2
ENSG00000242689	59	102
ENSG00000242692	1	0
ENSG00000242696	11	9
ENSG00000242697	0	2
ENSG00000242699	34	5
ENSG00000242705	1	0
ENSG00000242706	16	3
ENSG00000242707	27	11
ENSG00000242709	0	0
ENSG00000242715	1716	670
ENSG00000242719	38	36
ENSG00000242728	0	0
ENSG00000242731	0	0
ENSG00000242732	1093	836
ENSG00000242748	53	30
ENSG00000242752	7	1
ENSG00000242764	11	7
ENSG00000242766	26	8
ENSG00000242767	90	98
ENSG00000242769	1	1
ENSG00000242781	1	1
ENSG00000242794	8	5
ENSG00000242802	1712	2182
ENSG00000242807	0	0
ENSG00000242808	1687	1178
ENSG00000242810	20	2
ENSG00000242811	23	35
ENSG00000242818	21	11
ENSG00000242829	86	131
ENSG00000242834	0	0
ENSG00000242836	27	14
ENSG00000242837	0	0
ENSG00000242841	0	0
ENSG00000242852	487	345
ENSG00000242853	81	101
ENSG00000242855	21	12
ENSG00000242856	0	0
ENSG00000242860	25	31
ENSG00000242863	82	3
ENSG00000242865	0	0
ENSG00000242866	153	66
ENSG00000242875	0	0
ENSG00000242876	27	32
ENSG00000242882	31	14
ENSG00000242887	0	8
ENSG00000242889	36	36
ENSG00000242893	10	15
ENSG00000242894	1	4
ENSG00000242899	4	4
ENSG00000242902	47	187
ENSG00000242912	1	2
ENSG00000242922	13	1
ENSG00000242925	2	0
ENSG00000242928	0	2
ENSG00000242931	73	71
ENSG00000242936	0	0
ENSG00000242941	24	6
ENSG00000242950	5855	3295
ENSG00000242952	2	7
ENSG00000242971	14	2
ENSG00000242973	6	5
ENSG00000242976	16	20
ENSG00000242978	4	1
ENSG00000242979	7	1
ENSG00000242983	0	0
ENSG00000242985	62	60
ENSG00000242986	77	84
ENSG00000242989	8	12
ENSG00000242991	0	0
ENSG00000242993	4	1
ENSG00000242998	1	1
ENSG00000242999	107	49
ENSG00000243005	139	53
ENSG00000243011	1	5
ENSG00000243015	0	23
ENSG00000243020	105	1
ENSG00000243029	56	28
ENSG00000243033	35	15
ENSG00000243035	13	8
ENSG00000243049	29	28
ENSG00000243050	0	0
ENSG00000243051	47	39
ENSG00000243053	40	44
ENSG00000243056	569	752
ENSG00000243059	0	0
ENSG00000243063	0	2
ENSG00000243066	32	23
ENSG00000243069	806	260
ENSG00000243073	0	0
ENSG00000243075	53	51
ENSG00000243083	145	60
ENSG00000243101	67	44
ENSG00000243103	9	4
ENSG00000243115	5	2
ENSG00000243124	1	0
ENSG00000243125	7	12
ENSG00000243130	6	13
ENSG00000243136	7	2
ENSG00000243137	10	18
ENSG00000243141	12	0
ENSG00000243144	1895	92
ENSG00000243147	677	2643
ENSG00000243149	1	4
ENSG00000243150	9	0
ENSG00000243154	0	0
ENSG00000243156	17817	21562
ENSG00000243160	0	0
ENSG00000243173	63	25
ENSG00000243175	297	125
ENSG00000243187	1	2
ENSG00000243188	0	0
ENSG00000243195	0	0
ENSG00000243197	29	8
ENSG00000243199	73	29
ENSG00000243207	424	416
ENSG00000243224	77	16
ENSG00000243227	23	15
ENSG00000243232	385	166
ENSG00000243236	2	8
ENSG00000243238	0	32
ENSG00000243244	853	2341
ENSG00000243250	8	13
ENSG00000243254	4	5
ENSG00000243257	3	3
ENSG00000243260	122	110
ENSG00000243264	0	4
ENSG00000243265	2	6
ENSG00000243267	51	66
ENSG00000243274	103	15
ENSG00000243279	1689	1538
ENSG00000243284	2	10
ENSG00000243290	0	44
ENSG00000243297	14	5
ENSG00000243312	1	6
ENSG00000243313	44	50
ENSG00000243316	0	1
ENSG00000243317	2254	3814
ENSG00000243319	10	31
ENSG00000243321	24	16
ENSG00000243333	18	22
ENSG00000243335	2369	1809
ENSG00000243338	11	8
ENSG00000243339	19	22
ENSG00000243346	1	0
ENSG00000243353	11	3
ENSG00000243359	29	27
ENSG00000243364	570	195
ENSG00000243365	14	23
ENSG00000243366	19	16
ENSG00000243370	31	50
ENSG00000243373	127	45
ENSG00000243374	25	16
ENSG00000243383	21	15
ENSG00000243396	4	9
ENSG00000243398	30	30
ENSG00000243414	95	137
ENSG00000243417	8	1
ENSG00000243420	27	16
ENSG00000243422	23	79
ENSG00000243424	2	17
ENSG00000243426	4	6
ENSG00000243429	4	0
ENSG00000243431	131	80
ENSG00000243437	38	66
ENSG00000243438	0	0
ENSG00000243439	2	1
ENSG00000243446	108	72
ENSG00000243455	1	3
ENSG00000243466	4	198
ENSG00000243469	1	0
ENSG00000243477	538	529
ENSG00000243478	46	18
ENSG00000243479	12	0
ENSG00000243480	4	151
ENSG00000243488	1	1
ENSG00000243489	0	8
ENSG00000243499	0	1
ENSG00000243504	7	9
ENSG00000243505	11	13
ENSG00000243508	288	216
ENSG00000243509	42	21
ENSG00000243510	26	23
ENSG00000243516	0	1
ENSG00000243519	0	0
ENSG00000243521	0	1
ENSG00000243532	45	15
ENSG00000243537	1	0
ENSG00000243539	3	6
ENSG00000243541	1	0
ENSG00000243543	0	0
ENSG00000243544	29	22
ENSG00000243546	8	3
ENSG00000243547	6	6
ENSG00000243548	1	1
ENSG00000243549	2	2
ENSG00000243554	9	23
ENSG00000243560	14	9
ENSG00000243562	1	5
ENSG00000243566	224	1097
ENSG00000243572	0	0
ENSG00000243581	0	0
ENSG00000243591	43	20
ENSG00000243592	6	1
ENSG00000243593	0	0
ENSG00000243601	33	34
ENSG00000243607	5	7
ENSG00000243627	29	20
ENSG00000243629	126	68
ENSG00000243633	13	20
ENSG00000243641	1	6
ENSG00000243642	74	22
ENSG00000243646	1419	1254
ENSG00000243649	203	1821
ENSG00000243650	58	38
ENSG00000243658	47	24
ENSG00000243660	530	397
ENSG00000243661	0	0
ENSG00000243663	46	74
ENSG00000243667	1157	703
ENSG00000243669	0	0
ENSG00000243671	0	0
ENSG00000243672	0	0
ENSG00000243678	12221	6714
ENSG00000243687	58	2
ENSG00000243697	4	6
ENSG00000243700	11	5
ENSG00000243701	2164	952
ENSG00000243702	7	6
ENSG00000243704	6	18
ENSG00000243708	324	315
ENSG00000243709	14	19
ENSG00000243710	9	30
ENSG00000243711	3	3
ENSG00000243715	105	47
ENSG00000243716	15973	15521
ENSG00000243720	0	1
ENSG00000243723	8	0
ENSG00000243725	1353	1463
ENSG00000243729	0	0
ENSG00000243738	57	90
ENSG00000243746	15	22
ENSG00000243749	583	496
ENSG00000243758	0	0
ENSG00000243759	54	10
ENSG00000243761	0	1
ENSG00000243770	39	32
ENSG00000243772	0	4
ENSG00000243782	34	24
ENSG00000243789	262	753
ENSG00000243794	2	0
ENSG00000243795	76	12
ENSG00000243801	29	22
ENSG00000243806	5	4
ENSG00000243811	520	163
ENSG00000243817	2	2
ENSG00000243819	105	58
ENSG00000243824	1	2
ENSG00000243832	0	0
ENSG00000243836	194	386
ENSG00000243838	6	4
ENSG00000243844	8	8
ENSG00000243845	31	21
ENSG00000243847	20	41
ENSG00000243849	129	9
ENSG00000243854	57	112
ENSG00000243855	0	0
ENSG00000243856	12	2
ENSG00000243859	0	0
ENSG00000243870	27	17
ENSG00000243871	21	20
ENSG00000243872	28	29
ENSG00000243873	0	0
ENSG00000243883	19	5
ENSG00000243889	0	0
ENSG00000243894	7	2
ENSG00000243896	66	89
ENSG00000243900	0	4
ENSG00000243904	2	1
ENSG00000243905	26	10
ENSG00000243910	3	5
ENSG00000243911	24	21
ENSG00000243914	64	177
ENSG00000243918	1	1
ENSG00000243920	0	0
ENSG00000243927	1923	2110
ENSG00000243943	5032	2561
ENSG00000243951	116	59
ENSG00000243954	47	13
ENSG00000243955	0	5
ENSG00000243957	7	10
ENSG00000243959	11	12
ENSG00000243964	4	2
ENSG00000243968	17	45
ENSG00000243976	16	7
ENSG00000243977	44	23
ENSG00000243978	197	119
ENSG00000243980	1	6
ENSG00000243986	38	157
ENSG00000243988	1	0
ENSG00000243989	1082	1092
ENSG00000243991	0	0
ENSG00000244002	1	2
ENSG00000244003	6	8
ENSG00000244004	14	2
ENSG00000244005	1397	3895
ENSG00000244006	32	16
ENSG00000244018	63	27
ENSG00000244019	1	1
ENSG00000244020	1	33
ENSG00000244024	14	12
ENSG00000244025	0	0
ENSG00000244033	2	1
ENSG00000244034	19	24
ENSG00000244038	7068	10568
ENSG00000244040	328	267
ENSG00000244041	315	184
ENSG00000244043	1	0
ENSG00000244044	18	16
ENSG00000244045	917	1587
ENSG00000244048	1	0
ENSG00000244052	47	20
ENSG00000244053	3	0
ENSG00000244056	19	48
ENSG00000244057	0	0
ENSG00000244066	18	12
ENSG00000244067	0	1
ENSG00000244071	1	2
ENSG00000244073	44	41
ENSG00000244080	18	51
ENSG00000244089	2	0
ENSG00000244091	21	23
ENSG00000244094	1	0
ENSG00000244097	0	0
ENSG00000244099	0	0
ENSG00000244101	83	22
ENSG00000244104	0	0
ENSG00000244107	9	17
ENSG00000244112	2	0
ENSG00000244115	604	661
ENSG00000244116	0	92
ENSG00000244122	119	56
ENSG00000244128	628	503
ENSG00000244130	0	0
ENSG00000244131	32	28
ENSG00000244134	31	60
ENSG00000244139	39	20
ENSG00000244161	195	217
ENSG00000244165	534	399
ENSG00000244169	0	0
ENSG00000244184	9	11
ENSG00000244187	758	1640
ENSG00000244194	0	2
ENSG00000244197	18	11
ENSG00000244203	314	64
ENSG00000244215	69	59
ENSG00000244217	8	4
ENSG00000244218	97	61
ENSG00000244219	92	42
ENSG00000244222	0	0
ENSG00000244226	154	129
ENSG00000244229	43	22
ENSG00000244231	0	0
ENSG00000244232	59	75
ENSG00000244234	5	1
ENSG00000244236	27	26
ENSG00000244242	65	119
ENSG00000244244	2	0
ENSG00000244247	0	0
ENSG00000244253	0	0
ENSG00000244256	43	40
ENSG00000244257	7782	5566
ENSG00000244264	36	33
ENSG00000244267	0	0
ENSG00000244270	129	38
ENSG00000244274	805	24477
ENSG00000244289	0	0
ENSG00000244294	34	15
ENSG00000244296	32	29
ENSG00000244297	96	76
ENSG00000244302	0	1
ENSG00000244307	63	79
ENSG00000244308	7	6
ENSG00000244314	23	15
ENSG00000244318	3	9
ENSG00000244326	78	82
ENSG00000244328	21	20
ENSG00000244329	0	0
ENSG00000244335	21	24
ENSG00000244342	19	5
ENSG00000244355	0	0
ENSG00000244356	191	126
ENSG00000244357	71	57
ENSG00000244362	0	0
ENSG00000244363	25	14
ENSG00000244372	3	8
ENSG00000244376	18	12
ENSG00000244378	127	108
ENSG00000244383	172	166
ENSG00000244384	3	34
ENSG00000244389	26	9
ENSG00000244390	20	0
ENSG00000244391	135	108
ENSG00000244392	0	0
ENSG00000244395	0	0
ENSG00000244399	9	9
ENSG00000244400	0	0
ENSG00000244402	0	1
ENSG00000244404	2	3
ENSG00000244405	3190	2074
ENSG00000244411	5	3
ENSG00000244413	1	0
ENSG00000244414	21	14
ENSG00000244425	22	32
ENSG00000244427	5	0
ENSG00000244432	0	1
ENSG00000244437	4	118
ENSG00000244451	38	41
ENSG00000244456	3	0
ENSG00000244457	0	0
ENSG00000244462	10325	9407
ENSG00000244470	0	0
ENSG00000244474	0	0
ENSG00000244476	404	224
ENSG00000244482	117	562
ENSG00000244485	0	0
ENSG00000244486	2322	1114
ENSG00000244501	17	11
ENSG00000244502	1	4
ENSG00000244509	847	3890
ENSG00000244512	7	9
ENSG00000244514	21	13
ENSG00000244515	19	33
ENSG00000244521	10	4
ENSG00000244532	46	7
ENSG00000244534	1	1
ENSG00000244537	0	0
ENSG00000244540	30	23
ENSG00000244541	2	0
ENSG00000244544	2	2
ENSG00000244551	0	0
ENSG00000244563	35	30
ENSG00000244564	0	0
ENSG00000244565	0	0
ENSG00000244568	7	8
ENSG00000244575	4	28
ENSG00000244578	0	2
ENSG00000244582	3	3
ENSG00000244586	945	67
ENSG00000244588	10	10
ENSG00000244607	176	57
ENSG00000244610	6	51
ENSG00000244615	0	0
ENSG00000244617	39	43
ENSG00000244618	10	7
ENSG00000244621	0	0
ENSG00000244623	1	8
ENSG00000244624	0	0
ENSG00000244632	87	24
ENSG00000244640	0	0
ENSG00000244661	0	0
ENSG00000244671	68	40
ENSG00000244674	4	4
ENSG00000244677	27	4
ENSG00000244687	6739	12031
ENSG00000244691	63	146
ENSG00000244692	7	5
ENSG00000244694	195	213
ENSG00000244699	0	4
ENSG00000244703	1	2
ENSG00000244705	0	0
ENSG00000244708	2	0
ENSG00000244710	94	80
ENSG00000244722	2	2
ENSG00000244731	818	12252
ENSG00000244732	17	6
ENSG00000244734	2	18
ENSG00000244748	44	13
ENSG00000244752	2	3
ENSG00000244754	21029	13130
ENSG00000244921	101	74
ENSG00000244926	254	60
ENSG00000244945	160	176
ENSG00000244968	563	410
ENSG00000245017	70	45
ENSG00000245060	770	1024
ENSG00000245067	59	98
ENSG00000245080	81	41
ENSG00000245105	563	559
ENSG00000245112	501	925
ENSG00000245148	241	438
ENSG00000245149	368	168
ENSG00000245164	36	91
ENSG00000245205	43	76
ENSG00000245213	1755	620
ENSG00000245275	2070	1032
ENSG00000245281	262	290
ENSG00000245293	171	633
ENSG00000245317	126	110
ENSG00000245384	121	88
ENSG00000245466	9	11
ENSG00000245479	98	66
ENSG00000245498	1961	1052
ENSG00000245522	50	55
ENSG00000245532	107931	407918
ENSG00000245534	294	57
ENSG00000245552	1219	344
ENSG00000245556	660	225
ENSG00000245571	510	146
ENSG00000245573	677	730
ENSG00000245598	112	68
ENSG00000245614	695	55
ENSG00000245648	1127	1031
ENSG00000245680	3304	1714
ENSG00000245685	5977	834
ENSG00000245694	4704	1987
ENSG00000245711	201	162
ENSG00000245729	0	4
ENSG00000245750	2468	149
ENSG00000245812	73	162
ENSG00000245832	117	93
ENSG00000245848	407	1841
ENSG00000245849	2045	674
ENSG00000245864	98	114
ENSG00000245870	17	15
ENSG00000245888	392	150
ENSG00000245928	85	48
ENSG00000245937	4624	2259
ENSG00000245954	77	78
ENSG00000245975	159	116
ENSG00000246022	40	317
ENSG00000246084	26	13
ENSG00000246089	447	271
ENSG00000246145	80	62
ENSG00000246174	481	195
ENSG00000246211	101	35
ENSG00000246214	56	169
ENSG00000246223	276	335
ENSG00000246228	3	0
ENSG00000246273	2134	1348
ENSG00000246339	684	526
ENSG00000246350	0	0
ENSG00000246363	28	9
ENSG00000246366	434	423
ENSG00000246375	62	352
ENSG00000246379	1353	657
ENSG00000246394	13	8
ENSG00000246422	164	367
ENSG00000246430	37	57
ENSG00000246523	64	191
ENSG00000246526	34	62
ENSG00000246528	55	88
ENSG00000246541	8	4
ENSG00000246548	125	123
ENSG00000246582	35	69
ENSG00000246627	234	270
ENSG00000246640	44	96
ENSG00000246662	750	61
ENSG00000246705	1438	1628
ENSG00000246740	35	28
ENSG00000246763	74	105
ENSG00000246774	25	1
ENSG00000246777	283	158
ENSG00000246790	91	81
ENSG00000246859	5400	564
ENSG00000246863	177	100
ENSG00000246876	172	107
ENSG00000246922	1393	1006
ENSG00000246985	433	239
ENSG00000247077	1728	3560
ENSG00000247092	758	277
ENSG00000247095	347	368
ENSG00000247137	918	533
ENSG00000247151	150	74
ENSG00000247157	174	96
ENSG00000247199	7693	3867
ENSG00000247213	55	31
ENSG00000247240	225	143
ENSG00000247271	445	925
ENSG00000247287	1775	339
ENSG00000247315	3784	2359
ENSG00000247400	402	186
ENSG00000247473	48	97
ENSG00000247498	117	138
ENSG00000247516	213	714
ENSG00000247556	18959	14535
ENSG00000247572	1742	1610
ENSG00000247596	1306	7973
ENSG00000247624	142	78
ENSG00000247626	562	1275
ENSG00000247627	279	159
ENSG00000247675	71	95
ENSG00000247708	5057	2154
ENSG00000247746	727	229
ENSG00000247763	3	4
ENSG00000247774	540	446
ENSG00000247775	1	1
ENSG00000247796	728	548
ENSG00000247809	13505	714
ENSG00000247828	14157	4470
ENSG00000247867	23	34
ENSG00000247877	197	57
ENSG00000247911	36	20
ENSG00000247950	631	182
ENSG00000247982	205	80
ENSG00000248008	1095	875
ENSG00000248019	1320	1702
ENSG00000248027	7	19
ENSG00000248049	4450	860
ENSG00000248098	2972	9069
ENSG00000248099	33	29
ENSG00000248104	0	0
ENSG00000248107	13	32
ENSG00000248109	30	7
ENSG00000248118	0	0
ENSG00000248132	145	48
ENSG00000248133	1	2
ENSG00000248136	0	0
ENSG00000248143	0	0
ENSG00000248144	10	193
ENSG00000248150	11	18
ENSG00000248152	944	573
ENSG00000248167	0	0
ENSG00000248174	933	392
ENSG00000248182	0	0
ENSG00000248191	0	0
ENSG00000248197	2	0
ENSG00000248202	54	56
ENSG00000248210	5	7
ENSG00000248211	0	2
ENSG00000248221	47	21
ENSG00000248227	0	1
ENSG00000248228	23	6
ENSG00000248256	99	58
ENSG00000248259	0	0
ENSG00000248271	0	0
ENSG00000248275	476	975
ENSG00000248279	2	1
ENSG00000248282	1	0
ENSG00000248287	1	1
ENSG00000248300	22	7
ENSG00000248307	68	29
ENSG00000248309	295	273
ENSG00000248313	0	0
ENSG00000248315	3	0
ENSG00000248319	859	331
ENSG00000248323	1137	960
ENSG00000248327	1	4
ENSG00000248328	0	0
ENSG00000248329	151	62
ENSG00000248330	0	0
ENSG00000248332	2	106
ENSG00000248333	1352	2685
ENSG00000248338	81	69
ENSG00000248339	46	29
ENSG00000248355	0	0
ENSG00000248360	1904	1025
ENSG00000248364	4	0
ENSG00000248366	1	0
ENSG00000248370	0	0
ENSG00000248377	0	0
ENSG00000248383	225	50
ENSG00000248385	12	8
ENSG00000248391	269	113
ENSG00000248396	0	0
ENSG00000248400	0	0
ENSG00000248403	0	0
ENSG00000248405	11	35
ENSG00000248418	0	0
ENSG00000248420	0	0
ENSG00000248424	17	0
ENSG00000248429	456	925
ENSG00000248430	0	0
ENSG00000248439	1	0
ENSG00000248441	1368	393
ENSG00000248442	0	0
ENSG00000248445	1124	152
ENSG00000248455	158	140
ENSG00000248461	91	73
ENSG00000248462	0	0
ENSG00000248464	13	6
ENSG00000248473	163	110
ENSG00000248477	268	75
ENSG00000248483	2524	1058
ENSG00000248485	109	89
ENSG00000248487	1061	1990
ENSG00000248488	0	0
ENSG00000248489	1052	425
ENSG00000248492	11	2
ENSG00000248505	3	5
ENSG00000248506	5	1
ENSG00000248507	0	0
ENSG00000248508	480	812
ENSG00000248522	19	40
ENSG00000248527	13660	107359
ENSG00000248530	20	1
ENSG00000248548	1	0
ENSG00000248550	403	246
ENSG00000248553	55	12
ENSG00000248555	3	1
ENSG00000248565	8	1
ENSG00000248572	130	100
ENSG00000248592	370	562
ENSG00000248610	19	7
ENSG00000248618	1	0
ENSG00000248633	0	0
ENSG00000248642	0	1
ENSG00000248643	1048	1388
ENSG00000248654	0	3
ENSG00000248668	100	501
ENSG00000248672	297	86
ENSG00000248673	4	2
ENSG00000248677	68	32
ENSG00000248684	46	2
ENSG00000248697	16	4
ENSG00000248703	0	1
ENSG00000248704	39	0
ENSG00000248720	0	0
ENSG00000248722	1	0
ENSG00000248724	82	37
ENSG00000248727	125	73
ENSG00000248729	5	7
ENSG00000248730	72	35
ENSG00000248735	9	1
ENSG00000248746	292	19
ENSG00000248748	0	0
ENSG00000248757	13	6
ENSG00000248765	4	4
ENSG00000248767	3	0
ENSG00000248771	111	82
ENSG00000248781	2	1
ENSG00000248789	0	0
ENSG00000248809	25	15
ENSG00000248810	677	321
ENSG00000248820	2	1
ENSG00000248822	0	0
ENSG00000248826	1	0
ENSG00000248834	1	0
ENSG00000248838	0	0
ENSG00000248843	9	11
ENSG00000248844	7	23
ENSG00000248859	0	0
ENSG00000248866	606	718
ENSG00000248869	150	117
ENSG00000248871	11	37
ENSG00000248872	16	21
ENSG00000248874	427	184
ENSG00000248877	0	0
ENSG00000248883	0	0
ENSG00000248885	103	61
ENSG00000248886	3	27
ENSG00000248890	227	15
ENSG00000248893	6	0
ENSG00000248901	0	4
ENSG00000248905	586	1307
ENSG00000248907	0	2
ENSG00000248908	0	2
ENSG00000248913	0	0
ENSG00000248915	0	1
ENSG00000248919	415	771
ENSG00000248920	0	0
ENSG00000248923	93	116
ENSG00000248931	30	6
ENSG00000248932	1343	930
ENSG00000248933	8	2
ENSG00000248946	160	40
ENSG00000248950	0	0
ENSG00000248951	0	0
ENSG00000248956	0	0
ENSG00000248971	303	1404
ENSG00000248980	5	0
ENSG00000248988	1	0
ENSG00000248995	29	0
ENSG00000248998	0	0
ENSG00000249018	0	0
ENSG00000249025	1	0
ENSG00000249035	153	259
ENSG00000249038	0	0
ENSG00000249048	0	0
ENSG00000249054	27	6
ENSG00000249064	2	0
ENSG00000249066	0	0
ENSG00000249069	49	54
ENSG00000249073	0	0
ENSG00000249074	0	0
ENSG00000249082	2	0
ENSG00000249087	333	335
ENSG00000249089	32	64
ENSG00000249104	0	0
ENSG00000249106	1	0
ENSG00000249115	1531	790
ENSG00000249119	9	47
ENSG00000249128	0	2
ENSG00000249139	0	0
ENSG00000249145	111	366
ENSG00000249156	0	0
ENSG00000249158	188	5
ENSG00000249160	4	1
ENSG00000249162	0	0
ENSG00000249163	1	2
ENSG00000249167	209	98
ENSG00000249173	211	179
ENSG00000249177	30	5
ENSG00000249188	114	57
ENSG00000249191	0	0
ENSG00000249192	10	7
ENSG00000249193	41	25
ENSG00000249196	15	12
ENSG00000249197	0	0
ENSG00000249201	48	35
ENSG00000249222	107	59
ENSG00000249229	7	1
ENSG00000249230	14	0
ENSG00000249231	0	1
ENSG00000249239	7	2
ENSG00000249241	1	1
ENSG00000249242	233	1626
ENSG00000249247	0	1
ENSG00000249252	24	61
ENSG00000249256	0	0
ENSG00000249263	1	4
ENSG00000249267	607	302
ENSG00000249272	0	0
ENSG00000249274	97	268
ENSG00000249277	0	0
ENSG00000249279	275	68
ENSG00000249297	52	97
ENSG00000249306	39	65
ENSG00000249307	2574	1193
ENSG00000249310	54	48
ENSG00000249321	0	0
ENSG00000249343	0	1
ENSG00000249345	104	50
ENSG00000249346	572	172
ENSG00000249348	3839	1859
ENSG00000249362	119	43
ENSG00000249364	25	3
ENSG00000249375	60	50
ENSG00000249378	91	93
ENSG00000249382	73	44
ENSG00000249383	62	32
ENSG00000249386	6	6
ENSG00000249395	268	165
ENSG00000249396	2	0
ENSG00000249421	40	12
ENSG00000249436	0	0
ENSG00000249437	4779	2612
ENSG00000249438	0	0
ENSG00000249439	45	26
ENSG00000249446	0	3
ENSG00000249448	0	17
ENSG00000249449	0	0
ENSG00000249454	0	0
ENSG00000249462	0	3
ENSG00000249464	533	431
ENSG00000249471	728	649
ENSG00000249481	20	56
ENSG00000249482	4	0
ENSG00000249484	28	44
ENSG00000249487	262	95
ENSG00000249488	0	0
ENSG00000249493	37	0
ENSG00000249497	52	45
ENSG00000249500	25	11
ENSG00000249501	1	2
ENSG00000249502	194	260
ENSG00000249503	1	0
ENSG00000249504	0	0
ENSG00000249506	50	36
ENSG00000249510	0	1
ENSG00000249521	0	0
ENSG00000249532	119	18
ENSG00000249534	241	132
ENSG00000249542	0	0
ENSG00000249550	631	358
ENSG00000249553	0	0
ENSG00000249555	0	0
ENSG00000249558	42	33
ENSG00000249563	0	0
ENSG00000249580	29	7
ENSG00000249581	0	0
ENSG00000249584	210	103
ENSG00000249592	2061	1449
ENSG00000249599	0	0
ENSG00000249607	0	0
ENSG00000249613	0	0
ENSG00000249614	1511	916
ENSG00000249616	132	69
ENSG00000249618	42	38
ENSG00000249619	5	0
ENSG00000249620	0	0
ENSG00000249628	119	31
ENSG00000249633	27	18
ENSG00000249634	0	0
ENSG00000249637	45	41
ENSG00000249641	0	0
ENSG00000249646	66	35
ENSG00000249647	9	3
ENSG00000249654	0	0
ENSG00000249662	0	0
ENSG00000249667	12	8
ENSG00000249668	0	0
ENSG00000249680	0	0
ENSG00000249681	0	0
ENSG00000249698	9	0
ENSG00000249699	56	46
ENSG00000249700	412	345
ENSG00000249709	1136	1212
ENSG00000249710	2	0
ENSG00000249715	342	221
ENSG00000249717	175	86
ENSG00000249730	0	0
ENSG00000249736	7	6
ENSG00000249751	330	1424
ENSG00000249754	3	0
ENSG00000249767	46	12
ENSG00000249770	0	1
ENSG00000249777	6	0
ENSG00000249778	3	0
ENSG00000249781	150	154
ENSG00000249784	40	11
ENSG00000249785	0	0
ENSG00000249811	0	0
ENSG00000249815	177	71
ENSG00000249816	870	623
ENSG00000249825	211	211
ENSG00000249830	1	0
ENSG00000249833	0	0
ENSG00000249835	44	38
ENSG00000249846	615	321
ENSG00000249850	323	199
ENSG00000249851	1	1
ENSG00000249853	44	17
ENSG00000249854	860	7
ENSG00000249855	169	36
ENSG00000249858	13	6
ENSG00000249859	11349	1287
ENSG00000249861	0	0
ENSG00000249866	0	0
ENSG00000249867	734	397
ENSG00000249873	0	0
ENSG00000249882	52	32
ENSG00000249884	203	303
ENSG00000249885	0	0
ENSG00000249889	9	11
ENSG00000249891	0	0
ENSG00000249893	0	0
ENSG00000249899	149	80
ENSG00000249906	209	33
ENSG00000249908	1	3
ENSG00000249909	0	0
ENSG00000249910	0	0
ENSG00000249912	2	0
ENSG00000249915	2999	2706
ENSG00000249917	259	42
ENSG00000249919	5	3
ENSG00000249921	35	27
ENSG00000249923	41	24
ENSG00000249928	0	1
ENSG00000249931	97	57
ENSG00000249948	5	3
ENSG00000249958	0	0
ENSG00000249961	54	46
ENSG00000249963	1	0
ENSG00000249975	0	0
ENSG00000249978	3	14
ENSG00000249987	1	0
ENSG00000249990	0	0
ENSG00000249992	233	83
ENSG00000249993	90	47
ENSG00000249995	8	4
ENSG00000249997	0	0
ENSG00000250007	1215	1196
ENSG00000250012	3	7
ENSG00000250013	0	0
ENSG00000250021	784	2671
ENSG00000250026	80	57
ENSG00000250033	247	636
ENSG00000250036	0	0
ENSG00000250040	3	2
ENSG00000250042	3	4
ENSG00000250050	3	3
ENSG00000250056	276	500
ENSG00000250062	13	10
ENSG00000250067	665	296
ENSG00000250072	331	238
ENSG00000250073	184	314
ENSG00000250095	12	2
ENSG00000250102	22	33
ENSG00000250103	65	73
ENSG00000250107	538	18
ENSG00000250116	528	578
ENSG00000250120	2646	183
ENSG00000250125	40	34
ENSG00000250127	45	36
ENSG00000250131	413	212
ENSG00000250133	15	0
ENSG00000250144	12	1
ENSG00000250148	2	1
ENSG00000250151	266	178
ENSG00000250156	13	3
ENSG00000250161	0	0
ENSG00000250170	62	43
ENSG00000250174	11	21
ENSG00000250185	0	0
ENSG00000250197	9	0
ENSG00000250205	0	0
ENSG00000250208	1754	231
ENSG00000250215	0	0
ENSG00000250219	18	51
ENSG00000250221	1	0
ENSG00000250223	0	0
ENSG00000250227	36	11
ENSG00000250241	135	89
ENSG00000250251	5308	4068
ENSG00000250252	0	0
ENSG00000250254	11	36
ENSG00000250263	0	0
ENSG00000250266	35	33
ENSG00000250273	0	2
ENSG00000250289	1	0
ENSG00000250295	309	366
ENSG00000250298	1	0
ENSG00000250302	152	92
ENSG00000250303	1481	2200
ENSG00000250305	1957	3309
ENSG00000250307	1	1
ENSG00000250308	0	2
ENSG00000250312	1950	880
ENSG00000250317	716	1024
ENSG00000250320	791	617
ENSG00000250324	2	0
ENSG00000250327	10	81
ENSG00000250331	148	36
ENSG00000250334	312	252
ENSG00000250337	311	186
ENSG00000250340	0	0
ENSG00000250342	18	0
ENSG00000250351	0	0
ENSG00000250358	265	186
ENSG00000250361	355	39
ENSG00000250363	0	0
ENSG00000250365	632	240
ENSG00000250366	83	27
ENSG00000250372	25	6
ENSG00000250374	1	3
ENSG00000250386	0	0
ENSG00000250389	0	0
ENSG00000250392	146	469
ENSG00000250412	33	39
ENSG00000250416	0	0
ENSG00000250417	1	0
ENSG00000250423	65	62
ENSG00000250425	0	0
ENSG00000250427	21	66
ENSG00000250428	6	1
ENSG00000250433	74	31
ENSG00000250436	0	0
ENSG00000250442	0	0
ENSG00000250444	19	33
ENSG00000250447	2	3
ENSG00000250451	5	0
ENSG00000250456	257	188
ENSG00000250464	0	0
ENSG00000250471	6	0
ENSG00000250473	106	80
ENSG00000250475	2	0
ENSG00000250476	5	0
ENSG00000250479	2602	29699
ENSG00000250483	14	3
ENSG00000250484	5	5
ENSG00000250486	39	31
ENSG00000250490	95	45
ENSG00000250492	2	0
ENSG00000250504	0	0
ENSG00000250506	383	18
ENSG00000250510	1599	532
ENSG00000250514	38	9
ENSG00000250526	1	1
ENSG00000250529	0	0
ENSG00000250539	257	115
ENSG00000250546	57	22
ENSG00000250548	195	75
ENSG00000250556	0	1
ENSG00000250561	40	19
ENSG00000250564	36	19
ENSG00000250565	454	295
ENSG00000250569	196	56
ENSG00000250571	1048	1246
ENSG00000250579	113	111
ENSG00000250580	0	0
ENSG00000250582	83	59
ENSG00000250584	28	31
ENSG00000250585	6	5
ENSG00000250590	1	0
ENSG00000250591	0	0
ENSG00000250594	0	0
ENSG00000250608	839	656
ENSG00000250616	1607	126
ENSG00000250624	96	12
ENSG00000250627	0	0
ENSG00000250630	1	1
ENSG00000250632	0	0
ENSG00000250634	528	237
ENSG00000250635	70	88
ENSG00000250641	0	0
ENSG00000250666	0	0
ENSG00000250668	0	0
ENSG00000250673	37	34
ENSG00000250682	419	231
ENSG00000250687	391	139
ENSG00000250688	0	1
ENSG00000250693	0	0
ENSG00000250708	210	307
ENSG00000250709	5	10
ENSG00000250710	0	11
ENSG00000250716	0	0
ENSG00000250719	0	0
ENSG00000250722	2035	11612
ENSG00000250730	0	5
ENSG00000250732	58	1
ENSG00000250739	1	0
ENSG00000250741	0	0
ENSG00000250742	87	213
ENSG00000250745	0	1
ENSG00000250754	87	53
ENSG00000250772	0	0
ENSG00000250782	0	0
ENSG00000250786	274	492
ENSG00000250787	1	0
ENSG00000250788	0	0
ENSG00000250799	0	0
ENSG00000250802	3886	1054
ENSG00000250804	1	0
ENSG00000250808	6	2
ENSG00000250813	0	1
ENSG00000250819	18	5
ENSG00000250821	0	1
ENSG00000250822	3	0
ENSG00000250827	23	10
ENSG00000250830	0	0
ENSG00000250834	0	0
ENSG00000250844	0	0
ENSG00000250846	18	24
ENSG00000250858	0	0
ENSG00000250859	3	1
ENSG00000250878	65	284
ENSG00000250884	0	0
ENSG00000250888	0	1
ENSG00000250894	0	0
ENSG00000250895	0	0
ENSG00000250897	0	0
ENSG00000250902	34	34
ENSG00000250903	5895	2869
ENSG00000250910	84	90
ENSG00000250919	0	1
ENSG00000250927	5	1
ENSG00000250930	60	37
ENSG00000250942	10	3
ENSG00000250947	0	0
ENSG00000250958	0	0
ENSG00000250968	0	0
ENSG00000250981	247	72
ENSG00000250988	144	45
ENSG00000251005	0	0
ENSG00000251008	7	2
ENSG00000251013	52	7
ENSG00000251015	29	110
ENSG00000251019	0	0
ENSG00000251022	2390	773
ENSG00000251025	75	9
ENSG00000251027	6	4
ENSG00000251039	0	0
ENSG00000251040	4	0
ENSG00000251045	0	0
ENSG00000251046	144	98
ENSG00000251051	0	0
ENSG00000251056	21	12
ENSG00000251059	1	1
ENSG00000251072	11	1
ENSG00000251073	29	7
ENSG00000251087	0	0
ENSG00000251090	0	0
ENSG00000251102	8	20
ENSG00000251122	0	0
ENSG00000251128	48	16
ENSG00000251138	654	197
ENSG00000251147	0	0
ENSG00000251149	0	0
ENSG00000251151	1	0
ENSG00000251154	2	6
ENSG00000251163	1	0
ENSG00000251165	158	96
ENSG00000251166	0	0
ENSG00000251169	51	49
ENSG00000251173	79	39
ENSG00000251175	96	9
ENSG00000251178	0	1
ENSG00000251179	6	25
ENSG00000251183	1	1
ENSG00000251191	0	1
ENSG00000251192	799	502
ENSG00000251201	313	598
ENSG00000251206	8	1
ENSG00000251209	9981	1514
ENSG00000251210	21	17
ENSG00000251212	0	0
ENSG00000251219	0	1
ENSG00000251220	1	0
ENSG00000251221	34	4
ENSG00000251223	0	3
ENSG00000251224	57	35
ENSG00000251226	7	22
ENSG00000251230	45	75
ENSG00000251237	3	9
ENSG00000251247	1090	414
ENSG00000251252	1	1
ENSG00000251258	71	3
ENSG00000251260	35	15
ENSG00000251266	92	38
ENSG00000251287	284	155
ENSG00000251297	0	0
ENSG00000251303	13	1
ENSG00000251306	2	3
ENSG00000251307	70	17
ENSG00000251321	3	2
ENSG00000251322	5196	13760
ENSG00000251323	294	203
ENSG00000251324	0	0
ENSG00000251329	0	0
ENSG00000251332	14	87
ENSG00000251340	24	17
ENSG00000251347	553	12
ENSG00000251349	221	188
ENSG00000251350	175	57
ENSG00000251353	0	1
ENSG00000251359	114	118
ENSG00000251364	638	420
ENSG00000251365	21	16
ENSG00000251369	2019	1175
ENSG00000251370	243	86
ENSG00000251372	896	408
ENSG00000251380	0	1
ENSG00000251381	256	109
ENSG00000251383	23	13
ENSG00000251385	2	2
ENSG00000251389	4	1
ENSG00000251395	0	0
ENSG00000251398	0	0
ENSG00000251400	50	36
ENSG00000251407	0	3
ENSG00000251429	81	93
ENSG00000251430	0	0
ENSG00000251432	884	316
ENSG00000251441	159	132
ENSG00000251443	18	37
ENSG00000251449	1	0
ENSG00000251450	106	87
ENSG00000251451	13	3
ENSG00000251470	0	0
ENSG00000251476	9	5
ENSG00000251491	0	0
ENSG00000251493	489	18
ENSG00000251497	80	309
ENSG00000251503	23	16
ENSG00000251504	45	34
ENSG00000251515	0	1
ENSG00000251518	1	0
ENSG00000251525	0	0
ENSG00000251533	77	46
ENSG00000251538	14	16
ENSG00000251542	0	0
ENSG00000251544	30	5
ENSG00000251546	6	192
ENSG00000251562	318857	237351
ENSG00000251563	63	78
ENSG00000251566	0	0
ENSG00000251568	5	12
ENSG00000251573	0	1
ENSG00000251576	244	122
ENSG00000251577	0	0
ENSG00000251578	0	0
ENSG00000251580	313	215
ENSG00000251590	0	0
ENSG00000251596	19	69
ENSG00000251597	0	0
ENSG00000251600	149	37
ENSG00000251602	295	226
ENSG00000251610	0	0
ENSG00000251619	0	0
ENSG00000251620	352	227
ENSG00000251629	1065	87
ENSG00000251632	18	43
ENSG00000251633	2	4
ENSG00000251649	2	0
ENSG00000251655	16	4
ENSG00000251656	1	3
ENSG00000251663	4	0
ENSG00000251664	157	4
ENSG00000251667	89	6
ENSG00000251676	147	58
ENSG00000251686	0	0
ENSG00000251688	276	13
ENSG00000251692	22	10
ENSG00000251694	11	5
ENSG00000251697	0	0
ENSG00000251698	0	0
ENSG00000251702	0	0
ENSG00000251703	25	17
ENSG00000251705	21	118
ENSG00000251706	32	5
ENSG00000251711	37	23
ENSG00000251712	5	0
ENSG00000251714	25	1
ENSG00000251717	0	0
ENSG00000251718	5	4
ENSG00000251719	0	0
ENSG00000251720	6	2
ENSG00000251722	13	0
ENSG00000251724	16	12
ENSG00000251726	15	19
ENSG00000251727	0	0
ENSG00000251729	8	1
ENSG00000251732	0	0
ENSG00000251733	42	6
ENSG00000251739	29	11
ENSG00000251741	0	0
ENSG00000251742	0	0
ENSG00000251745	20	36
ENSG00000251746	1	0
ENSG00000251747	0	0
ENSG00000251748	87	109
ENSG00000251750	0	0
ENSG00000251751	0	0
ENSG00000251752	10	17
ENSG00000251753	0	0
ENSG00000251754	16	14
ENSG00000251756	8	1
ENSG00000251757	0	0
ENSG00000251759	0	0
ENSG00000251760	0	0
ENSG00000251761	0	0
ENSG00000251763	0	0
ENSG00000251764	1	0
ENSG00000251766	0	0
ENSG00000251767	0	1
ENSG00000251768	26	1
ENSG00000251770	0	0
ENSG00000251773	0	0
ENSG00000251774	70	19
ENSG00000251776	2	0
ENSG00000251781	0	0
ENSG00000251783	48	10
ENSG00000251785	24	24
ENSG00000251787	16	3
ENSG00000251788	2	6
ENSG00000251789	0	0
ENSG00000251791	1184	164
ENSG00000251794	3	0
ENSG00000251798	0	0
ENSG00000251804	10	1
ENSG00000251807	12	5
ENSG00000251809	0	0
ENSG00000251810	16	0
ENSG00000251813	0	0
ENSG00000251814	0	0
ENSG00000251815	3	0
ENSG00000251816	0	0
ENSG00000251819	7	3
ENSG00000251821	12	0
ENSG00000251825	0	0
ENSG00000251829	0	3
ENSG00000251831	0	0
ENSG00000251834	34	5
ENSG00000251835	1	5
ENSG00000251839	4	4
ENSG00000251840	1	0
ENSG00000251841	0	0
ENSG00000251842	0	0
ENSG00000251843	0	0
ENSG00000251850	7	1
ENSG00000251851	0	0
ENSG00000251854	0	0
ENSG00000251856	0	0
ENSG00000251857	0	0
ENSG00000251859	1	0
ENSG00000251862	14	17
ENSG00000251865	2	0
ENSG00000251866	18	7
ENSG00000251868	0	0
ENSG00000251869	18	5
ENSG00000251870	28	15
ENSG00000251873	0	0
ENSG00000251874	0	0
ENSG00000251875	0	0
ENSG00000251877	26	22
ENSG00000251880	43	10
ENSG00000251882	0	0
ENSG00000251883	1	0
ENSG00000251884	5	2
ENSG00000251886	0	0
ENSG00000251887	19	41
ENSG00000251888	0	0
ENSG00000251889	15	6
ENSG00000251890	0	0
ENSG00000251891	41	64
ENSG00000251892	30	13
ENSG00000251895	0	0
ENSG00000251896	0	0
ENSG00000251897	0	0
ENSG00000251898	19	6
ENSG00000251900	0	5
ENSG00000251904	1	0
ENSG00000251905	0	0
ENSG00000251906	0	0
ENSG00000251907	2	4
ENSG00000251908	0	0
ENSG00000251913	1	0
ENSG00000251914	25	4
ENSG00000251915	0	0
ENSG00000251916	0	0
ENSG00000251917	0	0
ENSG00000251919	1	3
ENSG00000251920	0	0
ENSG00000251923	0	0
ENSG00000251924	0	0
ENSG00000251929	0	1
ENSG00000251931	0	0
ENSG00000251934	28	16
ENSG00000251935	3	4
ENSG00000251936	0	0
ENSG00000251937	0	0
ENSG00000251939	19	8
ENSG00000251941	0	0
ENSG00000251943	16	0
ENSG00000251946	1	0
ENSG00000251947	0	0
ENSG00000251951	0	0
ENSG00000251952	1	3
ENSG00000251955	1	0
ENSG00000251956	0	0
ENSG00000251957	2	0
ENSG00000251958	0	0
ENSG00000251960	0	0
ENSG00000251961	0	0
ENSG00000251965	0	0
ENSG00000251970	0	0
ENSG00000251971	22	24
ENSG00000251972	48	12
ENSG00000251973	0	0
ENSG00000251975	0	0
ENSG00000251976	0	0
ENSG00000251977	0	0
ENSG00000251978	0	0
ENSG00000251980	22	0
ENSG00000251981	0	0
ENSG00000251982	1	1
ENSG00000251983	0	0
ENSG00000251985	1	1
ENSG00000251988	31	5
ENSG00000251990	21	4
ENSG00000251991	22	8
ENSG00000251993	11	0
ENSG00000251994	0	0
ENSG00000251997	0	0
ENSG00000251998	0	0
ENSG00000252001	3	0
ENSG00000252002	1	0
ENSG00000252003	3	4
ENSG00000252005	0	0
ENSG00000252008	0	0
ENSG00000252010	5504	432
ENSG00000252012	0	4
ENSG00000252013	0	0
ENSG00000252015	0	0
ENSG00000252017	1	7
ENSG00000252018	5	10
ENSG00000252019	0	6
ENSG00000252023	0	1
ENSG00000252025	0	0
ENSG00000252026	61	163
ENSG00000252027	7	0
ENSG00000252028	1	0
ENSG00000252029	0	0
ENSG00000252030	14	9
ENSG00000252031	0	0
ENSG00000252032	2	3
ENSG00000252033	0	0
ENSG00000252034	7	3
ENSG00000252035	0	0
ENSG00000252036	105	205
ENSG00000252037	0	0
ENSG00000252039	0	0
ENSG00000252041	0	0
ENSG00000252046	9	4
ENSG00000252051	0	5
ENSG00000252053	0	0
ENSG00000252057	0	0
ENSG00000252060	3	2
ENSG00000252061	95	59
ENSG00000252062	18	5
ENSG00000252063	0	0
ENSG00000252065	0	1
ENSG00000252066	0	0
ENSG00000252067	0	0
ENSG00000252068	0	0
ENSG00000252070	7	2
ENSG00000252072	10	8
ENSG00000252073	0	0
ENSG00000252074	0	0
ENSG00000252076	1	0
ENSG00000252079	0	0
ENSG00000252080	0	0
ENSG00000252081	1	0
ENSG00000252082	2	21
ENSG00000252084	0	0
ENSG00000252086	2	0
ENSG00000252087	0	2
ENSG00000252089	0	0
ENSG00000252091	0	0
ENSG00000252094	0	0
ENSG00000252097	1	0
ENSG00000252101	1	2
ENSG00000252103	0	0
ENSG00000252104	17	13
ENSG00000252105	2	4
ENSG00000252106	0	0
ENSG00000252107	0	0
ENSG00000252108	0	0
ENSG00000252113	0	0
ENSG00000252116	0	0
ENSG00000252117	0	0
ENSG00000252118	7	24
ENSG00000252121	0	0
ENSG00000252125	0	0
ENSG00000252126	9	5
ENSG00000252130	34	28
ENSG00000252132	28	12
ENSG00000252135	4	0
ENSG00000252137	2	0
ENSG00000252141	0	0
ENSG00000252145	2	0
ENSG00000252147	9	4
ENSG00000252148	10	5
ENSG00000252149	40	16
ENSG00000252151	3	2
ENSG00000252153	22	13
ENSG00000252155	0	0
ENSG00000252156	0	2
ENSG00000252157	15	13
ENSG00000252161	0	0
ENSG00000252162	0	0
ENSG00000252163	0	0
ENSG00000252164	16	16
ENSG00000252166	0	0
ENSG00000252167	0	0
ENSG00000252169	3	9
ENSG00000252172	47	18
ENSG00000252173	0	0
ENSG00000252174	18	25
ENSG00000252178	0	0
ENSG00000252179	0	0
ENSG00000252182	0	0
ENSG00000252183	0	1
ENSG00000252184	64	45
ENSG00000252185	0	0
ENSG00000252186	2	0
ENSG00000252191	0	0
ENSG00000252205	0	0
ENSG00000252206	1	1
ENSG00000252207	0	0
ENSG00000252212	49	26
ENSG00000252213	61	24
ENSG00000252214	8	1
ENSG00000252219	0	0
ENSG00000252220	2	1
ENSG00000252222	12	45
ENSG00000252223	0	0
ENSG00000252224	0	0
ENSG00000252231	1	0
ENSG00000252233	40	5
ENSG00000252237	28	7
ENSG00000252242	2	0
ENSG00000252243	0	0
ENSG00000252244	17	4
ENSG00000252246	13	17
ENSG00000252247	0	0
ENSG00000252252	0	0
ENSG00000252255	55	11
ENSG00000252257	0	0
ENSG00000252259	0	0
ENSG00000252260	0	0
ENSG00000252261	1	0
ENSG00000252262	19	2
ENSG00000252263	20	9
ENSG00000252264	0	0
ENSG00000252267	0	0
ENSG00000252268	0	0
ENSG00000252269	79	31
ENSG00000252271	1	1
ENSG00000252272	0	0
ENSG00000252273	0	0
ENSG00000252275	0	0
ENSG00000252277	0	0
ENSG00000252279	0	0
ENSG00000252282	22	9
ENSG00000252287	5	12
ENSG00000252288	1	0
ENSG00000252289	0	0
ENSG00000252292	8	1
ENSG00000252294	18	9
ENSG00000252297	12	1
ENSG00000252301	0	0
ENSG00000252302	0	0
ENSG00000252307	5	0
ENSG00000252311	20	17
ENSG00000252312	0	0
ENSG00000252313	78	22
ENSG00000252315	0	0
ENSG00000252316	138	94
ENSG00000252320	0	0
ENSG00000252321	1	2
ENSG00000252322	7	7
ENSG00000252323	0	0
ENSG00000252325	0	0
ENSG00000252326	5	4
ENSG00000252332	0	0
ENSG00000252333	5	6
ENSG00000252334	32	6
ENSG00000252335	2	0
ENSG00000252336	0	0
ENSG00000252338	4	0
ENSG00000252339	1	0
ENSG00000252342	0	0
ENSG00000252343	66	4
ENSG00000252346	0	0
ENSG00000252347	1	1
ENSG00000252348	1	0
ENSG00000252350	0	0
ENSG00000252351	0	1
ENSG00000252353	8	14
ENSG00000252355	98	16
ENSG00000252358	0	0
ENSG00000252361	45	56
ENSG00000252362	1	0
ENSG00000252363	9	2
ENSG00000252364	0	1
ENSG00000252366	0	0
ENSG00000252368	0	0
ENSG00000252369	0	0
ENSG00000252370	0	0
ENSG00000252371	0	0
ENSG00000252373	13	34
ENSG00000252376	16	12
ENSG00000252377	48	10
ENSG00000252383	23	13
ENSG00000252385	14	0
ENSG00000252386	0	0
ENSG00000252390	0	0
ENSG00000252391	56	77
ENSG00000252393	8	2
ENSG00000252395	1	0
ENSG00000252396	350	1021
ENSG00000252397	10	0
ENSG00000252400	0	0
ENSG00000252401	0	0
ENSG00000252407	1	0
ENSG00000252411	0	0
ENSG00000252413	0	0
ENSG00000252414	11	14
ENSG00000252415	0	0
ENSG00000252416	0	0
ENSG00000252417	1	1
ENSG00000252421	1	1
ENSG00000252422	1	1
ENSG00000252423	0	0
ENSG00000252424	0	1
ENSG00000252426	0	0
ENSG00000252428	0	0
ENSG00000252431	19	23
ENSG00000252437	0	0
ENSG00000252444	20	2
ENSG00000252446	0	0
ENSG00000252449	2	5
ENSG00000252451	24	18
ENSG00000252452	62	23
ENSG00000252454	0	0
ENSG00000252456	23	25
ENSG00000252457	0	0
ENSG00000252460	0	0
ENSG00000252462	0	0
ENSG00000252464	89	75
ENSG00000252466	2	0
ENSG00000252467	0	0
ENSG00000252468	0	0
ENSG00000252469	14	40
ENSG00000252470	0	0
ENSG00000252472	1	0
ENSG00000252474	29	26
ENSG00000252475	0	0
ENSG00000252479	19	1
ENSG00000252480	1	0
ENSG00000252481	4866	4325
ENSG00000252482	0	7
ENSG00000252483	0	0
ENSG00000252484	1	0
ENSG00000252487	4	4
ENSG00000252489	0	1
ENSG00000252490	0	0
ENSG00000252491	0	0
ENSG00000252494	32	22
ENSG00000252496	80	31
ENSG00000252497	0	0
ENSG00000252498	267	39
ENSG00000252499	16	14
ENSG00000252501	0	0
ENSG00000252503	46	31
ENSG00000252506	0	0
ENSG00000252507	0	0
ENSG00000252508	0	0
ENSG00000252509	0	0
ENSG00000252510	7	9
ENSG00000252512	1	1
ENSG00000252513	0	0
ENSG00000252514	0	0
ENSG00000252515	0	0
ENSG00000252516	2	1
ENSG00000252519	0	0
ENSG00000252521	0	0
ENSG00000252523	0	0
ENSG00000252530	0	0
ENSG00000252532	0	1
ENSG00000252533	0	0
ENSG00000252535	0	0
ENSG00000252539	20	23
ENSG00000252540	0	0
ENSG00000252542	2	4
ENSG00000252544	8	34
ENSG00000252545	0	0
ENSG00000252546	18	8
ENSG00000252548	0	0
ENSG00000252549	66	23
ENSG00000252552	3	1
ENSG00000252553	0	0
ENSG00000252554	9	23
ENSG00000252555	0	0
ENSG00000252556	43	0
ENSG00000252558	0	0
ENSG00000252560	0	0
ENSG00000252561	0	0
ENSG00000252562	1	0
ENSG00000252563	0	0
ENSG00000252568	8	6
ENSG00000252577	19	9
ENSG00000252578	24	22
ENSG00000252581	30	19
ENSG00000252583	0	0
ENSG00000252587	0	0
ENSG00000252590	2	0
ENSG00000252591	0	0
ENSG00000252593	1	0
ENSG00000252594	0	0
ENSG00000252595	0	0
ENSG00000252597	0	0
ENSG00000252598	0	0
ENSG00000252599	0	0
ENSG00000252603	0	0
ENSG00000252604	13	1
ENSG00000252606	0	0
ENSG00000252608	1	2
ENSG00000252611	5	4
ENSG00000252614	11	4
ENSG00000252618	1	0
ENSG00000252619	1	0
ENSG00000252620	13	10
ENSG00000252622	0	1
ENSG00000252623	0	1
ENSG00000252624	0	0
ENSG00000252625	0	0
ENSG00000252626	1	1
ENSG00000252627	35	34
ENSG00000252628	0	0
ENSG00000252633	8	15
ENSG00000252634	33	35
ENSG00000252635	0	0
ENSG00000252636	4	0
ENSG00000252637	0	0
ENSG00000252639	39	17
ENSG00000252641	8	1
ENSG00000252642	0	0
ENSG00000252643	26	2
ENSG00000252644	3	1
ENSG00000252645	0	0
ENSG00000252647	0	0
ENSG00000252649	0	0
ENSG00000252650	0	0
ENSG00000252651	7	6
ENSG00000252653	0	0
ENSG00000252654	1	2
ENSG00000252656	7	0
ENSG00000252658	19	4
ENSG00000252659	1	2
ENSG00000252661	0	0
ENSG00000252673	0	0
ENSG00000252674	0	0
ENSG00000252680	2	5
ENSG00000252681	0	0
ENSG00000252684	0	0
ENSG00000252685	4	1
ENSG00000252686	4	4
ENSG00000252688	2	1
ENSG00000252695	5	11
ENSG00000252696	0	0
ENSG00000252697	0	0
ENSG00000252699	15	14
ENSG00000252700	21	7
ENSG00000252704	0	0
ENSG00000252705	1	2
ENSG00000252707	80	23
ENSG00000252710	0	0
ENSG00000252711	0	0
ENSG00000252712	12	1
ENSG00000252713	0	1
ENSG00000252714	0	0
ENSG00000252716	0	0
ENSG00000252717	0	0
ENSG00000252718	0	0
ENSG00000252720	0	0
ENSG00000252721	5	0
ENSG00000252723	39	3
ENSG00000252725	0	0
ENSG00000252726	0	0
ENSG00000252729	0	0
ENSG00000252734	0	0
ENSG00000252735	0	0
ENSG00000252739	17	0
ENSG00000252743	3	1
ENSG00000252745	0	0
ENSG00000252746	0	0
ENSG00000252747	3	1
ENSG00000252749	0	0
ENSG00000252750	29	17
ENSG00000252751	6	6
ENSG00000252752	0	0
ENSG00000252755	4	0
ENSG00000252756	22	7
ENSG00000252757	5	1
ENSG00000252758	0	0
ENSG00000252760	0	0
ENSG00000252763	28	56
ENSG00000252764	0	0
ENSG00000252766	14	79
ENSG00000252767	0	0
ENSG00000252768	25	15
ENSG00000252769	0	0
ENSG00000252770	1	0
ENSG00000252772	0	0
ENSG00000252776	12	0
ENSG00000252779	15	24
ENSG00000252780	0	0
ENSG00000252782	54	43
ENSG00000252783	0	0
ENSG00000252794	2	0
ENSG00000252795	0	0
ENSG00000252796	13	12
ENSG00000252797	3	1
ENSG00000252806	0	0
ENSG00000252807	0	0
ENSG00000252810	4	1
ENSG00000252812	10	1
ENSG00000252814	0	0
ENSG00000252815	0	0
ENSG00000252816	4	0
ENSG00000252821	16	14
ENSG00000252823	3	0
ENSG00000252826	0	0
ENSG00000252827	1	0
ENSG00000252828	0	0
ENSG00000252830	0	0
ENSG00000252832	9	0
ENSG00000252833	3	0
ENSG00000252835	11106	1347
ENSG00000252837	0	0
ENSG00000252845	3	0
ENSG00000252847	19	0
ENSG00000252848	0	0
ENSG00000252854	5	0
ENSG00000252856	0	0
ENSG00000252857	0	0
ENSG00000252858	0	0
ENSG00000252859	16	12
ENSG00000252860	79	4
ENSG00000252861	0	0
ENSG00000252863	0	0
ENSG00000252864	13	7
ENSG00000252866	0	0
ENSG00000252867	0	0
ENSG00000252872	0	0
ENSG00000252877	20	8
ENSG00000252879	0	1
ENSG00000252881	0	0
ENSG00000252882	0	0
ENSG00000252884	0	0
ENSG00000252886	1	6
ENSG00000252887	11	25
ENSG00000252889	0	0
ENSG00000252890	0	0
ENSG00000252892	37	8
ENSG00000252897	13	7
ENSG00000252898	2	0
ENSG00000252900	0	1
ENSG00000252902	0	0
ENSG00000252903	3	2
ENSG00000252905	14	3
ENSG00000252906	82	21
ENSG00000252908	92	2
ENSG00000252909	0	0
ENSG00000252913	0	0
ENSG00000252914	71	60
ENSG00000252916	22	7
ENSG00000252922	0	0
ENSG00000252927	0	0
ENSG00000252928	6	6
ENSG00000252929	3	2
ENSG00000252930	0	0
ENSG00000252931	0	0
ENSG00000252933	3	2
ENSG00000252934	15	22
ENSG00000252935	0	0
ENSG00000252936	0	0
ENSG00000252937	0	0
ENSG00000252941	12	6
ENSG00000252942	1	2
ENSG00000252943	8	2
ENSG00000252944	21	3
ENSG00000252947	152	7
ENSG00000252948	0	0
ENSG00000252950	26	8
ENSG00000252951	11	15
ENSG00000252953	0	0
ENSG00000252955	0	0
ENSG00000252956	0	0
ENSG00000252957	2	1
ENSG00000252959	0	2
ENSG00000252960	123	4
ENSG00000252962	0	0
ENSG00000252963	0	0
ENSG00000252964	0	0
ENSG00000252970	9	5
ENSG00000252971	1	1
ENSG00000252973	0	0
ENSG00000252977	9	2
ENSG00000252978	0	0
ENSG00000252979	0	0
ENSG00000252980	0	0
ENSG00000252982	17	4
ENSG00000252983	0	0
ENSG00000252984	13	6
ENSG00000252987	0	0
ENSG00000252988	0	0
ENSG00000252990	0	0
ENSG00000252991	0	0
ENSG00000252994	6	6
ENSG00000252995	1	1
ENSG00000252996	9	1
ENSG00000252998	0	0
ENSG00000252999	0	0
ENSG00000253000	0	0
ENSG00000253001	0	0
ENSG00000253003	0	0
ENSG00000253005	0	0
ENSG00000253006	175	28
ENSG00000253007	0	0
ENSG00000253008	22	15
ENSG00000253010	1	0
ENSG00000253015	36	26
ENSG00000253019	2	2
ENSG00000253020	9	1
ENSG00000253021	1	1
ENSG00000253022	7	4
ENSG00000253023	0	0
ENSG00000253024	2	1
ENSG00000253025	0	12
ENSG00000253026	0	0
ENSG00000253030	12	5
ENSG00000253031	0	0
ENSG00000253032	0	0
ENSG00000253035	9	1
ENSG00000253038	0	0
ENSG00000253039	10	14
ENSG00000253040	1	0
ENSG00000253043	9	23
ENSG00000253048	15	11
ENSG00000253053	0	0
ENSG00000253054	11	17
ENSG00000253055	0	0
ENSG00000253056	1	2
ENSG00000253057	49	1
ENSG00000253058	10	16
ENSG00000253063	3	17
ENSG00000253064	3	7
ENSG00000253066	2	1
ENSG00000253070	5	0
ENSG00000253073	0	0
ENSG00000253074	0	0
ENSG00000253075	4	9
ENSG00000253077	0	0
ENSG00000253078	3	0
ENSG00000253080	8	0
ENSG00000253081	0	0
ENSG00000253083	0	0
ENSG00000253084	0	27
ENSG00000253087	2	1
ENSG00000253089	1	0
ENSG00000253093	5	5
ENSG00000253097	0	2
ENSG00000253098	7	4
ENSG00000253099	11	0
ENSG00000253103	1257	513
ENSG00000253109	0	4
ENSG00000253117	0	0
ENSG00000253119	44	22
ENSG00000253127	0	0
ENSG00000253131	0	0
ENSG00000253132	0	2
ENSG00000253137	0	10
ENSG00000253138	132	65
ENSG00000253140	15	9
ENSG00000253146	21	0
ENSG00000253147	4	3
ENSG00000253148	135	1
ENSG00000253149	0	0
ENSG00000253152	0	0
ENSG00000253156	1	5
ENSG00000253159	1287	3441
ENSG00000253167	57	32
ENSG00000253169	0	0
ENSG00000253179	0	0
ENSG00000253187	9	3
ENSG00000253188	2	0
ENSG00000253191	0	0
ENSG00000253199	4	1
ENSG00000253208	21	1
ENSG00000253209	0	0
ENSG00000253210	210	286
ENSG00000253219	4	11
ENSG00000253229	2	0
ENSG00000253230	5	3
ENSG00000253231	0	0
ENSG00000253239	0	0
ENSG00000253240	0	0
ENSG00000253241	0	0
ENSG00000253245	88	8
ENSG00000253247	0	0
ENSG00000253251	228	102
ENSG00000253267	0	0
ENSG00000253274	0	0
ENSG00000253276	600	1746
ENSG00000253278	0	0
ENSG00000253279	160	71
ENSG00000253291	0	0
ENSG00000253292	1	13
ENSG00000253293	21	8
ENSG00000253298	23	9
ENSG00000253301	1768	220
ENSG00000253302	64	47
ENSG00000253303	0	0
ENSG00000253304	309	427
ENSG00000253305	2062	3565
ENSG00000253309	57	30
ENSG00000253310	0	0
ENSG00000253311	61	47
ENSG00000253314	6	5
ENSG00000253315	22	17
ENSG00000253325	0	0
ENSG00000253327	562	460
ENSG00000253328	18	7
ENSG00000253332	0	0
ENSG00000253345	0	0
ENSG00000253349	1	1
ENSG00000253351	4	2
ENSG00000253352	18993	10186
ENSG00000253359	0	0
ENSG00000253365	0	0
ENSG00000253367	0	0
ENSG00000253368	332	1820
ENSG00000253386	0	0
ENSG00000253387	0	0
ENSG00000253393	1	1
ENSG00000253404	10	5
ENSG00000253405	3	2
ENSG00000253408	98	42
ENSG00000253409	0	0
ENSG00000253412	0	0
ENSG00000253414	15	10
ENSG00000253417	28	16
ENSG00000253418	0	0
ENSG00000253425	0	0
ENSG00000253428	0	0
ENSG00000253431	2	0
ENSG00000253434	7	27
ENSG00000253435	0	0
ENSG00000253437	8	5
ENSG00000253438	354	221
ENSG00000253440	0	0
ENSG00000253441	0	0
ENSG00000253448	0	0
ENSG00000253451	0	0
ENSG00000253457	53	44
ENSG00000253458	0	0
ENSG00000253462	0	0
ENSG00000253463	36	7
ENSG00000253479	0	0
ENSG00000253482	0	0
ENSG00000253485	2043	2986
ENSG00000253487	0	0
ENSG00000253488	22	10
ENSG00000253490	228	128
ENSG00000253491	0	1
ENSG00000253492	0	0
ENSG00000253495	0	3
ENSG00000253497	0	0
ENSG00000253502	0	0
ENSG00000253504	24	3
ENSG00000253505	1016	304
ENSG00000253506	7	3
ENSG00000253513	3	3
ENSG00000253517	0	1
ENSG00000253521	85	42
ENSG00000253522	8	20
ENSG00000253534	0	0
ENSG00000253537	1346	2377
ENSG00000253544	1	2
ENSG00000253545	0	2
ENSG00000253547	1	3
ENSG00000253548	87	0
ENSG00000253554	197	156
ENSG00000253556	1	1
ENSG00000253563	0	0
ENSG00000253578	0	0
ENSG00000253579	16	4
ENSG00000253587	0	0
ENSG00000253591	140	44
ENSG00000253592	0	0
ENSG00000253595	2	15
ENSG00000253598	54	14
ENSG00000253602	1	1
ENSG00000253603	1	8
ENSG00000253611	8	0
ENSG00000253618	9	10
ENSG00000253621	1	0
ENSG00000253626	295	225
ENSG00000253635	0	0
ENSG00000253637	0	0
ENSG00000253641	81	51
ENSG00000253643	0	0
ENSG00000253644	0	0
ENSG00000253646	1	2
ENSG00000253647	55	32
ENSG00000253649	79	45
ENSG00000253658	3	4
ENSG00000253661	30387	0
ENSG00000253663	4	1
ENSG00000253671	7	67
ENSG00000253674	1	1
ENSG00000253679	16	8
ENSG00000253684	0	0
ENSG00000253685	0	0
ENSG00000253686	86	75
ENSG00000253692	0	0
ENSG00000253696	8	4
ENSG00000253703	0	0
ENSG00000253704	269	75
ENSG00000253709	0	0
ENSG00000253710	5622	3103
ENSG00000253714	0	0
ENSG00000253716	144	163
ENSG00000253719	6992	9529
ENSG00000253729	40942	25395
ENSG00000253731	2265	4375
ENSG00000253732	0	0
ENSG00000253733	14	37
ENSG00000253734	14	18
ENSG00000253738	1199	1151
ENSG00000253739	6	3
ENSG00000253741	88	77
ENSG00000253742	0	0
ENSG00000253743	0	0
ENSG00000253747	0	0
ENSG00000253748	0	0
ENSG00000253752	0	0
ENSG00000253756	0	0
ENSG00000253759	0	0
ENSG00000253763	0	0
ENSG00000253764	135	43
ENSG00000253765	0	0
ENSG00000253767	1921	4097
ENSG00000253770	15	34
ENSG00000253773	191	68
ENSG00000253780	0	0
ENSG00000253781	45	0
ENSG00000253786	0	0
ENSG00000253787	1	1
ENSG00000253789	2	1
ENSG00000253795	0	0
ENSG00000253797	0	0
ENSG00000253799	5	0
ENSG00000253802	3	0
ENSG00000253814	0	0
ENSG00000253818	0	0
ENSG00000253828	0	0
ENSG00000253831	1	1
ENSG00000253833	5	2
ENSG00000253846	1967	3108
ENSG00000253848	8	15
ENSG00000253860	0	0
ENSG00000253862	0	0
ENSG00000253868	4	20
ENSG00000253873	1333	2815
ENSG00000253877	1960	909
ENSG00000253883	0	4
ENSG00000253895	0	0
ENSG00000253898	6	7
ENSG00000253900	0	0
ENSG00000253910	1794	2672
ENSG00000253916	0	0
ENSG00000253934	0	0
ENSG00000253935	0	0
ENSG00000253936	0	0
ENSG00000253941	0	0
ENSG00000253943	0	0
ENSG00000253948	252	136
ENSG00000253951	0	0
ENSG00000253953	1506	3052
ENSG00000253955	28	69
ENSG00000253957	0	0
ENSG00000253958	12	86
ENSG00000253959	0	0
ENSG00000253967	189	135
ENSG00000253970	0	0
ENSG00000253972	0	4
ENSG00000253973	138	64
ENSG00000253974	8	0
ENSG00000253977	0	0
ENSG00000253978	57	111
ENSG00000253982	298	1001
ENSG00000253989	0	0
ENSG00000253994	1	4
ENSG00000253995	0	1
ENSG00000253998	0	0
ENSG00000254003	17	10
ENSG00000254004	2538	719
ENSG00000254008	164	120
ENSG00000254009	0	0
ENSG00000254012	1	1
ENSG00000254015	0	0
ENSG00000254016	3	1
ENSG00000254017	72	92
ENSG00000254025	40	71
ENSG00000254029	0	0
ENSG00000254030	1	0
ENSG00000254036	0	0
ENSG00000254046	0	0
ENSG00000254049	1	0
ENSG00000254052	0	0
ENSG00000254053	0	0
ENSG00000254056	0	0
ENSG00000254064	102	68
ENSG00000254075	0	0
ENSG00000254077	0	0
ENSG00000254081	130	198
ENSG00000254083	0	0
ENSG00000254087	469	1810
ENSG00000254090	31	11
ENSG00000254093	583	761
ENSG00000254098	0	0
ENSG00000254101	523	149
ENSG00000254102	0	3
ENSG00000254109	92	466
ENSG00000254118	0	0
ENSG00000254120	0	2
ENSG00000254122	1508	3920
ENSG00000254123	26	20
ENSG00000254126	86	40
ENSG00000254130	2	1
ENSG00000254132	3	8
ENSG00000254139	19	26
ENSG00000254146	0	0
ENSG00000254152	2	0
ENSG00000254153	748	376
ENSG00000254156	0	0
ENSG00000254157	0	0
ENSG00000254161	0	0
ENSG00000254167	0	0
ENSG00000254172	6	6
ENSG00000254174	0	0
ENSG00000254175	0	0
ENSG00000254176	0	4
ENSG00000254200	6	5
ENSG00000254203	0	0
ENSG00000254206	1910	779
ENSG00000254209	0	0
ENSG00000254211	312	269
ENSG00000254220	0	0
ENSG00000254221	3445	2027
ENSG00000254224	7	36
ENSG00000254226	237	109
ENSG00000254228	0	0
ENSG00000254231	500	410
ENSG00000254233	25	6
ENSG00000254241	0	1
ENSG00000254245	161	3826
ENSG00000254252	3	0
ENSG00000254253	0	0
ENSG00000254254	1426	761
ENSG00000254256	0	0
ENSG00000254264	0	0
ENSG00000254266	2562	110
ENSG00000254285	5	29
ENSG00000254289	0	0
ENSG00000254299	9	1
ENSG00000254300	31	9
ENSG00000254311	4	0
ENSG00000254312	4	4
ENSG00000254319	1970	58
ENSG00000254324	10	8
ENSG00000254326	0	2
ENSG00000254329	0	0
ENSG00000254333	5	1
ENSG00000254335	0	0
ENSG00000254341	0	0
ENSG00000254346	14	2
ENSG00000254349	63	47
ENSG00000254351	0	1
ENSG00000254355	0	0
ENSG00000254357	0	0
ENSG00000254369	824	6
ENSG00000254377	16	30
ENSG00000254381	0	0
ENSG00000254384	3	0
ENSG00000254389	203	119
ENSG00000254395	0	6
ENSG00000254401	3	2
ENSG00000254402	186	59
ENSG00000254403	1	0
ENSG00000254407	0	0
ENSG00000254408	0	0
ENSG00000254413	526	3503
ENSG00000254415	623	886
ENSG00000254427	58	8
ENSG00000254430	2	0
ENSG00000254438	0	0
ENSG00000254440	11	21
ENSG00000254453	124	1022
ENSG00000254463	140	10
ENSG00000254464	0	0
ENSG00000254466	0	0
ENSG00000254469	1377	342
ENSG00000254470	834	3446
ENSG00000254472	10	5
ENSG00000254473	125	169
ENSG00000254475	0	0
ENSG00000254480	9	4
ENSG00000254486	166	139
ENSG00000254489	16	16
ENSG00000254490	0	0
ENSG00000254505	538	807
ENSG00000254508	1	0
ENSG00000254515	0	0
ENSG00000254516	0	0
ENSG00000254521	8	46
ENSG00000254524	0	0
ENSG00000254529	0	0
ENSG00000254530	3	7
ENSG00000254534	0	0
ENSG00000254535	1506	226
ENSG00000254541	0	0
ENSG00000254542	29	48
ENSG00000254544	0	0
ENSG00000254546	0	0
ENSG00000254550	5	15
ENSG00000254560	22	21
ENSG00000254562	2	1
ENSG00000254565	94	14
ENSG00000254567	10	11
ENSG00000254576	0	0
ENSG00000254580	0	0
ENSG00000254584	7	10
ENSG00000254585	74	34
ENSG00000254588	21	38
ENSG00000254589	1	0
ENSG00000254598	93	28
ENSG00000254602	452	185
ENSG00000254603	0	0
ENSG00000254612	3	27
ENSG00000254613	203	75
ENSG00000254614	200	279
ENSG00000254622	113	26
ENSG00000254624	0	0
ENSG00000254634	438	213
ENSG00000254636	12	12
ENSG00000254637	0	0
ENSG00000254642	0	2
ENSG00000254646	1	0
ENSG00000254647	0	4
ENSG00000254650	2	0
ENSG00000254654	7	4
ENSG00000254656	1565	160
ENSG00000254658	0	0
ENSG00000254659	0	0
ENSG00000254661	4	5
ENSG00000254663	0	0
ENSG00000254674	0	0
ENSG00000254681	970	854
ENSG00000254683	4	2
ENSG00000254685	1468	826
ENSG00000254689	149	151
ENSG00000254697	0	0
ENSG00000254700	0	0
ENSG00000254703	309	330
ENSG00000254709	8	150
ENSG00000254715	66	15
ENSG00000254717	34	0
ENSG00000254720	0	0
ENSG00000254723	0	0
ENSG00000254724	0	0
ENSG00000254726	5057	92
ENSG00000254736	0	0
ENSG00000254737	55	37
ENSG00000254738	0	0
ENSG00000254743	13	13
ENSG00000254748	4	0
ENSG00000254751	0	0
ENSG00000254752	116	63
ENSG00000254759	22	9
ENSG00000254764	0	0
ENSG00000254768	70	33
ENSG00000254769	0	0
ENSG00000254770	0	0
ENSG00000254772	86779	49762
ENSG00000254781	2	0
ENSG00000254784	0	0
ENSG00000254788	190	12
ENSG00000254793	7	6
ENSG00000254795	0	0
ENSG00000254805	0	0
ENSG00000254806	29	247
ENSG00000254807	0	0
ENSG00000254813	0	0
ENSG00000254815	135	10
ENSG00000254823	7	18
ENSG00000254825	0	0
ENSG00000254827	22	40
ENSG00000254831	1	1
ENSG00000254832	0	0
ENSG00000254834	0	0
ENSG00000254837	845	364
ENSG00000254838	179	256
ENSG00000254841	0	0
ENSG00000254848	0	0
ENSG00000254852	4	13
ENSG00000254854	10	9
ENSG00000254856	111	133
ENSG00000254857	0	0
ENSG00000254858	318	1198
ENSG00000254860	908	789
ENSG00000254862	33	55
ENSG00000254863	30	13
ENSG00000254866	55	8
ENSG00000254870	0	0
ENSG00000254872	24	50
ENSG00000254876	1009	267
ENSG00000254880	0	0
ENSG00000254891	0	0
ENSG00000254895	36	4
ENSG00000254896	74	18
ENSG00000254901	1249	1765
ENSG00000254903	0	0
ENSG00000254911	8890	4379
ENSG00000254925	0	0
ENSG00000254930	0	0
ENSG00000254931	68	11
ENSG00000254934	65	58
ENSG00000254940	0	0
ENSG00000254946	2	4
ENSG00000254947	0	0
ENSG00000254948	2	1
ENSG00000254954	0	0
ENSG00000254959	93	346
ENSG00000254960	136	30
ENSG00000254961	0	0
ENSG00000254965	1	7
ENSG00000254968	147	74
ENSG00000254986	843	1528
ENSG00000254993	0	0
ENSG00000254995	281	409
ENSG00000254996	2259	1415
ENSG00000254997	3	2
ENSG00000254999	3538	6041
ENSG00000255002	2100	859
ENSG00000255004	30	3
ENSG00000255006	0	0
ENSG00000255008	84	15
ENSG00000255009	0	0
ENSG00000255012	0	0
ENSG00000255019	0	0
ENSG00000255020	329	216
ENSG00000255030	11	7
ENSG00000255036	1736	437
ENSG00000255043	360	80
ENSG00000255047	0	1
ENSG00000255048	0	0
ENSG00000255053	0	0
ENSG00000255055	0	0
ENSG00000255058	0	2
ENSG00000255062	183	110
ENSG00000255070	0	0
ENSG00000255071	0	5
ENSG00000255072	766	1334
ENSG00000255077	0	0
ENSG00000255078	0	0
ENSG00000255082	2	4
ENSG00000255083	1	0
ENSG00000255095	1	0
ENSG00000255096	0	0
ENSG00000255100	9	6
ENSG00000255106	0	0
ENSG00000255112	2319	5672
ENSG00000255116	0	0
ENSG00000255117	2	0
ENSG00000255120	1	0
ENSG00000255131	0	1
ENSG00000255133	0	0
ENSG00000255134	0	0
ENSG00000255135	161	217
ENSG00000255140	0	0
ENSG00000255150	256	324
ENSG00000255151	0	0
ENSG00000255152	152	238
ENSG00000255153	49	30
ENSG00000255154	1361	1897
ENSG00000255156	13	19
ENSG00000255169	0	0
ENSG00000255171	151	127
ENSG00000255172	1	0
ENSG00000255175	47	27
ENSG00000255177	1	0
ENSG00000255178	11	0
ENSG00000255181	8	0
ENSG00000255183	1	1
ENSG00000255185	399	565
ENSG00000255189	11	1
ENSG00000255192	155	40
ENSG00000255196	0	0
ENSG00000255199	15	13
ENSG00000255203	35	16
ENSG00000255205	0	0
ENSG00000255217	0	0
ENSG00000255218	0	0
ENSG00000255223	0	0
ENSG00000255225	1	0
ENSG00000255238	1	0
ENSG00000255245	12	21
ENSG00000255247	33	14
ENSG00000255248	10988	3831
ENSG00000255251	3	0
ENSG00000255255	15	12
ENSG00000255258	4	2
ENSG00000255259	0	0
ENSG00000255261	0	0
ENSG00000255262	1	0
ENSG00000255267	101	55
ENSG00000255269	25	28
ENSG00000255274	73	104
ENSG00000255284	494	305
ENSG00000255287	0	0
ENSG00000255295	0	0
ENSG00000255297	0	0
ENSG00000255298	0	1
ENSG00000255302	8110	12625
ENSG00000255303	160	90
ENSG00000255304	0	0
ENSG00000255307	3	3
ENSG00000255312	0	0
ENSG00000255316	0	0
ENSG00000255319	199	78
ENSG00000255323	11	4
ENSG00000255332	109	102
ENSG00000255335	25	14
ENSG00000255337	54	20
ENSG00000255341	0	0
ENSG00000255344	1	0
ENSG00000255349	0	0
ENSG00000255350	90	14
ENSG00000255352	2	0
ENSG00000255353	0	3
ENSG00000255359	14	2
ENSG00000255362	14	77
ENSG00000255374	209	54
ENSG00000255378	0	0
ENSG00000255382	5	2
ENSG00000255385	1	0
ENSG00000255386	0	1
ENSG00000255387	1	0
ENSG00000255388	20	5
ENSG00000255393	0	0
ENSG00000255398	2	35
ENSG00000255399	697	1621
ENSG00000255400	3	5
ENSG00000255406	1	1
ENSG00000255408	184	55
ENSG00000255411	194	91
ENSG00000255416	0	0
ENSG00000255417	52	4
ENSG00000255420	0	0
ENSG00000255423	494	265
ENSG00000255424	0	0
ENSG00000255425	0	0
ENSG00000255431	0	0
ENSG00000255433	14	0
ENSG00000255435	210	167
ENSG00000255458	367	234
ENSG00000255460	0	0
ENSG00000255461	0	0
ENSG00000255466	0	0
ENSG00000255468	536	194
ENSG00000255474	103	51
ENSG00000255481	3	2
ENSG00000255484	6	0
ENSG00000255490	0	0
ENSG00000255492	43	37
ENSG00000255494	0	0
ENSG00000255501	22	17
ENSG00000255503	26	22
ENSG00000255507	12	24
ENSG00000255510	0	0
ENSG00000255512	49	28
ENSG00000255514	0	0
ENSG00000255517	263	285
ENSG00000255521	2	3
ENSG00000255524	18	6
ENSG00000255526	22	38
ENSG00000255529	5837	6655
ENSG00000255531	0	0
ENSG00000255534	0	0
ENSG00000255536	0	0
ENSG00000255538	3	9
ENSG00000255545	101	69
ENSG00000255549	6	9
ENSG00000255553	239	159
ENSG00000255554	0	0
ENSG00000255559	212	194
ENSG00000255561	253	246
ENSG00000255568	82	62
ENSG00000255569	0	1
ENSG00000255571	113	149
ENSG00000255582	0	0
ENSG00000255587	6	28
ENSG00000255618	6	18
ENSG00000255622	266	20
ENSG00000255650	133	67
ENSG00000255652	60	57
ENSG00000255660	7	12
ENSG00000255690	884	1185
ENSG00000255693	401	10
ENSG00000255713	0	0
ENSG00000255717	3820	949
ENSG00000255737	105	226
ENSG00000255760	54	76
ENSG00000255772	4	34
ENSG00000255774	7	6
ENSG00000255794	1064	482
ENSG00000255804	38	34
ENSG00000255814	0	0
ENSG00000255815	0	1
ENSG00000255833	8	4
ENSG00000255837	530	89
ENSG00000255850	1	4
ENSG00000255855	0	0
ENSG00000255857	416	348
ENSG00000255867	125	84
ENSG00000255874	759	473
ENSG00000255903	0	0
ENSG00000255920	404	228
ENSG00000255929	0	16
ENSG00000255964	0	1
ENSG00000255970	43	13
ENSG00000255974	69	159
ENSG00000255976	0	0
ENSG00000255980	16	10
ENSG00000255982	7	3
ENSG00000255988	0	0
ENSG00000255991	0	6
ENSG00000255993	0	2
ENSG00000255998	3	1
ENSG00000256019	56	15
ENSG00000256021	25	13
ENSG00000256022	0	0
ENSG00000256025	1104	1338
ENSG00000256037	2	1
ENSG00000256039	71	53
ENSG00000256040	15	0
ENSG00000256043	2005	2135
ENSG00000256053	964	1790
ENSG00000256060	239	450
ENSG00000256061	183	73
ENSG00000256073	99	360
ENSG00000256079	2	0
ENSG00000256087	1298	573
ENSG00000256091	11	7
ENSG00000256092	168	110
ENSG00000256115	0	1
ENSG00000256120	86	50
ENSG00000256124	51	25
ENSG00000256138	1	0
ENSG00000256162	30	26
ENSG00000256166	0	0
ENSG00000256172	0	0
ENSG00000256188	1382	195
ENSG00000256192	0	1
ENSG00000256193	235	114
ENSG00000256197	60	121
ENSG00000256223	886	453
ENSG00000256229	1118	402
ENSG00000256232	3	0
ENSG00000256235	209	1908
ENSG00000256238	3	97
ENSG00000256243	26	17
ENSG00000256259	5	0
ENSG00000256269	551	1123
ENSG00000256271	84	122
ENSG00000256274	781	150
ENSG00000256285	3	1
ENSG00000256287	7	8
ENSG00000256288	31	8
ENSG00000256294	1393	538
ENSG00000256315	282	90
ENSG00000256331	0	0
ENSG00000256338	1655	970
ENSG00000256355	0	2
ENSG00000256358	0	0
ENSG00000256362	0	0
ENSG00000256394	0	0
ENSG00000256422	1841	500
ENSG00000256436	238	57
ENSG00000256441	0	0
ENSG00000256453	3	7
ENSG00000256463	65	142
ENSG00000256474	0	0
ENSG00000256508	45	32
ENSG00000256525	2105	670
ENSG00000256537	1420	2143
ENSG00000256546	144	286
ENSG00000256551	0	0
ENSG00000256553	0	1
ENSG00000256560	37	13
ENSG00000256563	43	7
ENSG00000256574	4	4
ENSG00000256576	65	42
ENSG00000256577	0	2
ENSG00000256590	1	2
ENSG00000256597	5	8
ENSG00000256614	0	0
ENSG00000256616	2300	227
ENSG00000256628	333	739
ENSG00000256642	18672	17785
ENSG00000256643	1	0
ENSG00000256659	0	0
ENSG00000256660	12	6
ENSG00000256670	0	0
ENSG00000256671	97	147
ENSG00000256683	812	385
ENSG00000256684	0	0
ENSG00000256690	50	29
ENSG00000256699	0	0
ENSG00000256713	2	37
ENSG00000256733	6	12
ENSG00000256746	109	66
ENSG00000256750	0	0
ENSG00000256751	1190	1652
ENSG00000256752	0	0
ENSG00000256762	19	10
ENSG00000256771	1258	388
ENSG00000256777	0	1
ENSG00000256797	0	0
ENSG00000256812	3	4
ENSG00000256849	4	2
ENSG00000256862	167	79
ENSG00000256870	26	11
ENSG00000256888	3	0
ENSG00000256896	0	0
ENSG00000256912	1	2
ENSG00000256940	9	16
ENSG00000256944	10	32
ENSG00000256977	79	252
ENSG00000256980	6	0
ENSG00000256995	549	257
ENSG00000257008	29	7
ENSG00000257016	0	0
ENSG00000257017	200	4799
ENSG00000257038	51	80
ENSG00000257046	0	2
ENSG00000257056	0	0
ENSG00000257075	0	0
ENSG00000257084	0	0
ENSG00000257093	2820	3434
ENSG00000257101	1	0
ENSG00000257103	8018	6803
ENSG00000257108	113	40
ENSG00000257109	0	0
ENSG00000257114	106	30
ENSG00000257115	0	0
ENSG00000257127	146	92
ENSG00000257138	12	0
ENSG00000257164	34	11
ENSG00000257167	300	45
ENSG00000257173	0	0
ENSG00000257185	1	0
ENSG00000257218	3515	2134
ENSG00000257219	25	46
ENSG00000257220	3	0
ENSG00000257242	44	60
ENSG00000257243	99	30
ENSG00000257259	509	378
ENSG00000257285	250	101
ENSG00000257300	0	0
ENSG00000257315	22215	11814
ENSG00000257316	1	2
ENSG00000257319	1	0
ENSG00000257335	172	302
ENSG00000257337	1348	1200
ENSG00000257354	1499	698
ENSG00000257356	0	0
ENSG00000257365	2040	2415
ENSG00000257381	0	0
ENSG00000257446	73	21
ENSG00000257453	195	98
ENSG00000257467	232	78
ENSG00000257476	0	0
ENSG00000257480	27	0
ENSG00000257495	42	103
ENSG00000257504	6	4
ENSG00000257510	60	28
ENSG00000257520	1	3
ENSG00000257528	21	3
ENSG00000257529	1290	592
ENSG00000257530	102	40
ENSG00000257541	0	2
ENSG00000257551	5	9
ENSG00000257572	0	0
ENSG00000257582	1	0
ENSG00000257585	1	0
ENSG00000257588	0	1
ENSG00000257591	452	291
ENSG00000257594	1645	566
ENSG00000257595	3	2
ENSG00000257596	65	42
ENSG00000257599	93	285
ENSG00000257612	72	68
ENSG00000257621	5570	2115
ENSG00000257636	157	83
ENSG00000257660	21	0
ENSG00000257662	0	0
ENSG00000257671	4	8
ENSG00000257675	0	0
ENSG00000257677	1	0
ENSG00000257698	375	595
ENSG00000257702	147	289
ENSG00000257704	647	902
ENSG00000257718	5	19
ENSG00000257725	5	0
ENSG00000257727	2006	1436
ENSG00000257741	0	0
ENSG00000257743	59	9
ENSG00000257747	2	0
ENSG00000257748	9	17
ENSG00000257756	1	1
ENSG00000257757	0	0
ENSG00000257758	0	0
ENSG00000257762	1	1
ENSG00000257771	174	93
ENSG00000257784	2	1
ENSG00000257786	2	3
ENSG00000257790	4	2
ENSG00000257792	13	6
ENSG00000257809	24	10
ENSG00000257815	776	488
ENSG00000257817	52	61
ENSG00000257842	124	32
ENSG00000257845	0	0
ENSG00000257851	6	4
ENSG00000257858	0	0
ENSG00000257859	18	8
ENSG00000257893	37	38
ENSG00000257907	10	0
ENSG00000257913	139	58
ENSG00000257923	17483	34248
ENSG00000257927	1	1
ENSG00000257949	548	457
ENSG00000257950	352	433
ENSG00000257957	309	162
ENSG00000257979	248	80
ENSG00000258001	6	12
ENSG00000258013	1	0
ENSG00000258024	12	1
ENSG00000258038	58	44
ENSG00000258056	366	1073
ENSG00000258057	629	496
ENSG00000258083	33	1
ENSG00000258098	35	59
ENSG00000258099	44	28
ENSG00000258100	539	16
ENSG00000258102	152	81
ENSG00000258112	0	0
ENSG00000258116	0	1
ENSG00000258118	3	0
ENSG00000258123	215	136
ENSG00000258135	5	8
ENSG00000258144	6	4
ENSG00000258169	40	28
ENSG00000258183	240	157
ENSG00000258220	0	1
ENSG00000258223	0	0
ENSG00000258227	147	110
ENSG00000258239	4	0
ENSG00000258245	1	0
ENSG00000258275	5	8
ENSG00000258279	107	57
ENSG00000258289	3073	4135
ENSG00000258292	0	0
ENSG00000258325	233	147
ENSG00000258331	0	2
ENSG00000258334	343	18
ENSG00000258343	1	6
ENSG00000258350	1	0
ENSG00000258360	0	0
ENSG00000258366	1375	1840
ENSG00000258369	0	0
ENSG00000258388	0	0
ENSG00000258390	132	76
ENSG00000258397	0	1
ENSG00000258405	1882	866
ENSG00000258413	38	63
ENSG00000258423	12	0
ENSG00000258429	547	581
ENSG00000258436	0	0
ENSG00000258438	0	0
ENSG00000258441	2519	1637
ENSG00000258451	24	22
ENSG00000258453	1	0
ENSG00000258456	2	0
ENSG00000258468	0	0
ENSG00000258474	15	4
ENSG00000258476	925	227
ENSG00000258483	2	1
ENSG00000258484	56	131
ENSG00000258494	0	0
ENSG00000258498	209	209
ENSG00000258499	0	8
ENSG00000258501	1	1
ENSG00000258502	57	20
ENSG00000258512	2	0
ENSG00000258532	0	0
ENSG00000258537	487	184
ENSG00000258545	336	208
ENSG00000258546	3	4
ENSG00000258548	69	31
ENSG00000258550	1	0
ENSG00000258555	307	161
ENSG00000258556	2	2
ENSG00000258564	0	0
ENSG00000258567	0	0
ENSG00000258583	102	15
ENSG00000258584	64	84
ENSG00000258586	341	97
ENSG00000258588	10	0
ENSG00000258597	0	0
ENSG00000258602	121	258
ENSG00000258609	214	262
ENSG00000258613	0	4
ENSG00000258616	23	11
ENSG00000258618	0	0
ENSG00000258625	0	0
ENSG00000258630	4	11
ENSG00000258640	38	19
ENSG00000258641	0	0
ENSG00000258643	340	621
ENSG00000258644	21	242
ENSG00000258651	18	24
ENSG00000258658	11	1
ENSG00000258659	520	227
ENSG00000258667	2705	1434
ENSG00000258673	3	3
ENSG00000258678	2	0
ENSG00000258684	4	0
ENSG00000258689	38	35
ENSG00000258700	120	60
ENSG00000258708	82	103
ENSG00000258710	63	61
ENSG00000258721	0	0
ENSG00000258725	386	93
ENSG00000258727	1009	239
ENSG00000258730	292	450
ENSG00000258731	22	16
ENSG00000258733	797	374
ENSG00000258735	33	12
ENSG00000258738	210	187
ENSG00000258742	188	120
ENSG00000258743	108	77
ENSG00000258762	0	0
ENSG00000258766	49	28
ENSG00000258770	1	0
ENSG00000258771	0	0
ENSG00000258780	23	13
ENSG00000258783	2	0
ENSG00000258785	48	36
ENSG00000258787	0	0
ENSG00000258791	34	22
ENSG00000258794	13	32
ENSG00000258804	72	50
ENSG00000258812	0	1
ENSG00000258817	0	0
ENSG00000258818	146	1044
ENSG00000258819	94	157
ENSG00000258822	58	48
ENSG00000258834	0	0
ENSG00000258835	0	0
ENSG00000258839	522	429
ENSG00000258841	1	1
ENSG00000258849	0	0
ENSG00000258855	0	0
ENSG00000258869	2	4
ENSG00000258872	5	45
ENSG00000258873	17	21
ENSG00000258877	0	0
ENSG00000258883	0	2
ENSG00000258884	79	35
ENSG00000258890	4375	1391
ENSG00000258899	0	0
ENSG00000258905	0	0
ENSG00000258907	0	4
ENSG00000258912	405	76
ENSG00000258913	59	37
ENSG00000258920	84	172
ENSG00000258940	120	80
ENSG00000258947	805	620
ENSG00000258951	67	89
ENSG00000258955	149	138
ENSG00000258966	39	51
ENSG00000258969	3	0
ENSG00000258972	22	21
ENSG00000258977	13	5
ENSG00000258978	8	2
ENSG00000258979	1	1
ENSG00000258980	27	23
ENSG00000258984	101	240
ENSG00000258986	139	637
ENSG00000258988	5	14
ENSG00000258991	0	0
ENSG00000258992	0	0
ENSG00000259000	8	15
ENSG00000259004	1	6
ENSG00000259009	1	0
ENSG00000259012	0	0
ENSG00000259023	0	1
ENSG00000259024	162	91
ENSG00000259029	0	0
ENSG00000259030	3566	2708
ENSG00000259040	441	328
ENSG00000259043	30	32
ENSG00000259046	1	3
ENSG00000259054	1	5
ENSG00000259056	0	0
ENSG00000259057	0	0
ENSG00000259062	13	11
ENSG00000259070	326	1059
ENSG00000259073	251	187
ENSG00000259075	644	217
ENSG00000259082	0	0
ENSG00000259083	18	16
ENSG00000259089	0	0
ENSG00000259090	70	48
ENSG00000259091	3	19
ENSG00000259092	0	0
ENSG00000259095	0	0
ENSG00000259102	0	0
ENSG00000259104	789	411
ENSG00000259105	2	0
ENSG00000259107	0	1
ENSG00000259110	0	0
ENSG00000259112	46	108
ENSG00000259116	248	68
ENSG00000259120	75	56
ENSG00000259125	37	116
ENSG00000259129	207	218
ENSG00000259134	37	223
ENSG00000259142	0	0
ENSG00000259150	42	24
ENSG00000259151	198	135
ENSG00000259153	520	399
ENSG00000259154	0	1
ENSG00000259165	188	150
ENSG00000259169	0	2
ENSG00000259172	170	287
ENSG00000259183	20	6
ENSG00000259186	7	6
ENSG00000259207	1834	2732
ENSG00000259218	2	0
ENSG00000259224	102	55
ENSG00000259225	69	37
ENSG00000259230	9	0
ENSG00000259234	371	265
ENSG00000259237	6	3
ENSG00000259240	7	7
ENSG00000259245	2	6
ENSG00000259248	1598	499
ENSG00000259256	15	7
ENSG00000259262	3	5
ENSG00000259267	20	21
ENSG00000259271	2	2
ENSG00000259281	20	1
ENSG00000259282	4	1
ENSG00000259284	0	0
ENSG00000259291	1240	8793
ENSG00000259293	32	6
ENSG00000259295	3064	3451
ENSG00000259303	0	0
ENSG00000259324	0	0
ENSG00000259330	968	6007
ENSG00000259332	121	278
ENSG00000259335	172	128
ENSG00000259361	17	2
ENSG00000259379	7	13
ENSG00000259384	10	1
ENSG00000259399	179	53
ENSG00000259411	48	17
ENSG00000259417	255	627
ENSG00000259419	3	24
ENSG00000259426	173	110
ENSG00000259427	0	1
ENSG00000259428	0	0
ENSG00000259431	1216	1533
ENSG00000259435	0	0
ENSG00000259438	25	15
ENSG00000259439	384	20
ENSG00000259446	195	96
ENSG00000259449	3	0
ENSG00000259454	0	0
ENSG00000259456	232	93
ENSG00000259462	84	77
ENSG00000259465	1	6
ENSG00000259470	6	10
ENSG00000259471	16	17
ENSG00000259473	1	0
ENSG00000259482	56	2
ENSG00000259485	1285	44
ENSG00000259488	511	172
ENSG00000259494	1217	3282
ENSG00000259495	186	151
ENSG00000259518	43	21
ENSG00000259520	177	309
ENSG00000259525	0	0
ENSG00000259527	1	2
ENSG00000259535	1	1
ENSG00000259538	0	0
ENSG00000259547	38	29
ENSG00000259571	263	9
ENSG00000259583	879	253
ENSG00000259611	10	12
ENSG00000259612	24	5
ENSG00000259614	165	8
ENSG00000259626	0	0
ENSG00000259651	4	7
ENSG00000259663	1	2
ENSG00000259666	40	13
ENSG00000259671	3	12
ENSG00000259673	1028	720
ENSG00000259674	7	0
ENSG00000259680	0	0
ENSG00000259705	31	20
ENSG00000259706	222	29
ENSG00000259710	37	5
ENSG00000259717	3	6
ENSG00000259719	66	66
ENSG00000259721	26	2
ENSG00000259724	0	1
ENSG00000259736	284	108
ENSG00000259749	0	0
ENSG00000259751	30	6
ENSG00000259764	30	34
ENSG00000259768	1434	392
ENSG00000259779	121	105
ENSG00000259783	14	6
ENSG00000259803	103	28
ENSG00000259804	93	58
ENSG00000259818	1125	599
ENSG00000259823	47	0
ENSG00000259826	130	57
ENSG00000259831	6	2
ENSG00000259836	0	0
ENSG00000259837	0	0
ENSG00000259841	39	22
ENSG00000259847	29	13
ENSG00000259877	501	274
ENSG00000259883	76	268
ENSG00000259884	434	469
ENSG00000259887	4	13
ENSG00000259895	319	108
ENSG00000259904	16	13
ENSG00000259905	698	185
ENSG00000259916	128	2356
ENSG00000259933	122	84
ENSG00000259944	0	0
ENSG00000259947	0	0
ENSG00000259954	27	23
ENSG00000259956	5028	6023
ENSG00000259964	286	344
ENSG00000259974	64	40
ENSG00000259978	20	4
ENSG00000259979	0	1
ENSG00000260001	85	547
ENSG00000260009	0	0
ENSG00000260019	176	81
ENSG00000260024	13	5
ENSG00000260026	0	3
ENSG00000260027	90	55
ENSG00000260032	32044	62820
ENSG00000260034	1120	1006
ENSG00000260047	0	0
ENSG00000260053	9	13
ENSG00000260067	0	0
ENSG00000260083	248	173
ENSG00000260088	18	43
ENSG00000260089	73	27
ENSG00000260094	15	59
ENSG00000260097	272	173
ENSG00000260101	11	12
ENSG00000260102	0	6
ENSG00000260115	21	9
ENSG00000260125	22	22
ENSG00000260133	0	0
ENSG00000260134	0	0
ENSG00000260139	123	241
ENSG00000260147	0	1
ENSG00000260151	13	1
ENSG00000260153	0	0
ENSG00000260161	2	2
ENSG00000260172	0	0
ENSG00000260187	0	0
ENSG00000260192	176	56
ENSG00000260207	0	0
ENSG00000260220	26	6
ENSG00000260224	18	4
ENSG00000260229	70	95
ENSG00000260230	1161	1018
ENSG00000260231	1574	1355
ENSG00000260236	356	136
ENSG00000260238	360	501
ENSG00000260260	249	79
ENSG00000260264	0	0
ENSG00000260266	1094	676
ENSG00000260268	11	6
ENSG00000260278	81	83
ENSG00000260280	365	272
ENSG00000260284	0	0
ENSG00000260286	4	0
ENSG00000260287	0	0
ENSG00000260291	0	0
ENSG00000260298	5	4
ENSG00000260305	56	10
ENSG00000260314	573	5824
ENSG00000260325	13	10
ENSG00000260339	114	129
ENSG00000260343	0	5
ENSG00000260372	132	111
ENSG00000260388	79	118
ENSG00000260394	12	8
ENSG00000260420	45	14
ENSG00000260423	213	30
ENSG00000260427	0	0
ENSG00000260428	1199	417
ENSG00000260433	6	0
ENSG00000260439	69	117
ENSG00000260442	68	43
ENSG00000260452	38	16
ENSG00000260454	27	12
ENSG00000260458	0	0
ENSG00000260468	39	60
ENSG00000260471	3	0
ENSG00000260475	18	8
ENSG00000260477	13	10
ENSG00000260492	41	89
ENSG00000260493	101	24
ENSG00000260516	1	1
ENSG00000260519	2	3
ENSG00000260524	0	0
ENSG00000260528	788	471
ENSG00000260551	27	2
ENSG00000260552	3	5
ENSG00000260577	96	37
ENSG00000260582	81	138
ENSG00000260589	87	23
ENSG00000260595	0	0
ENSG00000260596	35	23
ENSG00000260598	0	0
ENSG00000260625	103	42
ENSG00000260629	1	0
ENSG00000260630	592	787
ENSG00000260631	0	0
ENSG00000260644	438	296
ENSG00000260653	72	798
ENSG00000260675	0	0
ENSG00000260676	138	75
ENSG00000260689	107	22
ENSG00000260691	247	145
ENSG00000260704	0	1
ENSG00000260708	64	88
ENSG00000260720	0	0
ENSG00000260722	2	0
ENSG00000260727	0	0
ENSG00000260731	0	0
ENSG00000260734	0	0
ENSG00000260737	8	14
ENSG00000260738	11	5
ENSG00000260778	47	26
ENSG00000260781	17	42
ENSG00000260785	27	20
ENSG00000260790	79	52
ENSG00000260792	367	199
ENSG00000260793	30	52
ENSG00000260799	134	98
ENSG00000260802	9	0
ENSG00000260804	465	690
ENSG00000260807	1178	296
ENSG00000260809	5	11
ENSG00000260811	0	0
ENSG00000260840	77	98
ENSG00000260852	473	264
ENSG00000260853	830	428
ENSG00000260863	0	2
ENSG00000260868	20	15
ENSG00000260876	227	28
ENSG00000260880	19	30
ENSG00000260883	0	0
ENSG00000260886	6	2
ENSG00000260887	0	0
ENSG00000260896	413	298
ENSG00000260898	287	221
ENSG00000260902	10	12
ENSG00000260903	1	9
ENSG00000260913	115	96
ENSG00000260916	2946	3714
ENSG00000260928	1	0
ENSG00000260930	98	4
ENSG00000260941	288	206
ENSG00000260942	384	192
ENSG00000260962	0	0
ENSG00000260965	0	0
ENSG00000260967	0	0
ENSG00000260969	158	103
ENSG00000260979	16	30
ENSG00000260994	0	0
ENSG00000261008	1011	206
ENSG00000261010	0	0
ENSG00000261014	4	8
ENSG00000261033	2	7
ENSG00000261039	60	32
ENSG00000261052	406	645
ENSG00000261053	0	0
ENSG00000261075	1	0
ENSG00000261083	49	12
ENSG00000261087	356	302
ENSG00000261092	1	0
ENSG00000261097	10	0
ENSG00000261105	672	294
ENSG00000261115	668	12162
ENSG00000261121	239	105
ENSG00000261122	16	8
ENSG00000261126	1376	547
ENSG00000261143	28	54
ENSG00000261150	1412	533
ENSG00000261154	0	0
ENSG00000261156	6	4
ENSG00000261173	156	80
ENSG00000261174	26	8
ENSG00000261175	120	129
ENSG00000261183	27	33
ENSG00000261188	197	102
ENSG00000261189	56	523
ENSG00000261194	0	0
ENSG00000261196	0	2
ENSG00000261202	22	25
ENSG00000261206	0	16
ENSG00000261209	5	0
ENSG00000261210	243	148
ENSG00000261217	0	2
ENSG00000261221	2290	4572
ENSG00000261231	114	42
ENSG00000261236	2328	3164
ENSG00000261241	159	115
ENSG00000261247	72	34
ENSG00000261249	0	0
ENSG00000261268	229	132
ENSG00000261272	0	0
ENSG00000261274	0	0
ENSG00000261282	0	0
ENSG00000261284	0	0
ENSG00000261286	121	70
ENSG00000261290	0	11
ENSG00000261302	443	279
ENSG00000261308	199	152
ENSG00000261316	0	0
ENSG00000261325	1	0
ENSG00000261330	1	7
ENSG00000261336	79	104
ENSG00000261340	24	128
ENSG00000261359	32	4
ENSG00000261360	72	35
ENSG00000261366	182	86
ENSG00000261371	5312	19376
ENSG00000261373	1919	104
ENSG00000261390	195	63
ENSG00000261397	0	0
ENSG00000261399	41	76
ENSG00000261404	413	215
ENSG00000261408	601	241
ENSG00000261418	0	6
ENSG00000261423	269	443
ENSG00000261432	5	1
ENSG00000261437	31	10
ENSG00000261440	0	1
ENSG00000261446	6	7
ENSG00000261455	211	248
ENSG00000261456	16	0
ENSG00000261465	18	3
ENSG00000261481	0	2
ENSG00000261488	124	148
ENSG00000261498	83	40
ENSG00000261501	1618	626
ENSG00000261504	25	16
ENSG00000261509	0	6
ENSG00000261511	1	0
ENSG00000261514	23	2
ENSG00000261515	0	0
ENSG00000261517	6	9
ENSG00000261520	236	80
ENSG00000261524	0	0
ENSG00000261528	122	88
ENSG00000261556	1676	1199
ENSG00000261558	21	8
ENSG00000261587	17	17
ENSG00000261593	0	15
ENSG00000261594	60	37
ENSG00000261599	399	282
ENSG00000261609	3016	5217
ENSG00000261615	44	46
ENSG00000261617	283	165
ENSG00000261623	75	44
ENSG00000261624	9	61
ENSG00000261634	131	67
ENSG00000261636	4	0
ENSG00000261644	144	106
ENSG00000261645	32	23
ENSG00000261649	172	128
ENSG00000261652	65	90
ENSG00000261656	97	46
ENSG00000261663	196	210
ENSG00000261664	5	55
ENSG00000261665	15	1
ENSG00000261667	0	0
ENSG00000261678	40	8
ENSG00000261679	0	0
ENSG00000261683	85	26
ENSG00000261689	0	0
ENSG00000261701	96	2320
ENSG00000261703	0	3
ENSG00000261706	1	7
ENSG00000261713	70	595
ENSG00000261715	2	2
ENSG00000261716	3026	679
ENSG00000261738	119	70
ENSG00000261739	21	19
ENSG00000261740	1060	1097
ENSG00000261742	17	11
ENSG00000261744	59	94
ENSG00000261749	0	0
ENSG00000261752	15	7
ENSG00000261758	92	51
ENSG00000261761	45	16
ENSG00000261764	12	0
ENSG00000261771	0	0
ENSG00000261777	110	103
ENSG00000261780	46	65
ENSG00000261781	1	0
ENSG00000261787	49	285
ENSG00000261794	364	192
ENSG00000261796	445	601
ENSG00000261801	288	483
ENSG00000261803	15	1
ENSG00000261807	123	101
ENSG00000261809	0	0
ENSG00000261812	3	0
ENSG00000261820	0	0
ENSG00000261824	4503	1972
ENSG00000261856	10	1
ENSG00000261857	110	149
ENSG00000261863	25	30
ENSG00000261873	90	65
ENSG00000261879	1191	465
ENSG00000261904	5	4
ENSG00000261914	0	0
ENSG00000261934	6318	2392
ENSG00000261939	4	5
ENSG00000261949	70	0
ENSG00000262061	60	261
ENSG00000262085	0	0
ENSG00000262095	0	0
ENSG00000262099	1	0
ENSG00000262107	1	0
ENSG00000262117	1	5
ENSG00000262118	142	187
ENSG00000262135	0	0
ENSG00000262152	171	165
ENSG00000262154	48	0
ENSG00000262155	1113	1165
ENSG00000262158	5	2
ENSG00000262179	4	71
ENSG00000262185	149	65
ENSG00000262188	76	49
ENSG00000262191	0	0
ENSG00000262209	1609	2736
ENSG00000262246	882	1884
ENSG00000262259	3	2
ENSG00000262315	0	0
ENSG00000262366	0	0
ENSG00000262381	1	3
ENSG00000262406	9	1
ENSG00000262454	983	908
ENSG00000262461	376	120
ENSG00000262480	81	91
ENSG00000262484	29	12
ENSG00000262497	1	19
ENSG00000262500	0	3
ENSG00000262543	2	2
ENSG00000262576	1875	2927
ENSG00000262585	54	26
ENSG00000262609	1	1
ENSG00000262612	68	8
ENSG00000262628	1	0
ENSG00000262648	0	0
ENSG00000262655	1075	3253
ENSG00000262664	285	850
ENSG00000262686	28	74
ENSG00000262693	7	1
ENSG00000262814	1459	7396
ENSG00000262902	2	62
ENSG00000262904	8	1
ENSG00000262919	401	1490
ENSG00000262980	3	1
ENSG00000263001	30851	17158
ENSG00000263002	1606	957
ENSG00000263004	139	153
ENSG00000263069	790	722
ENSG00000263142	89	25
ENSG00000263155	3280	35349
ENSG00000263177	118	156
ENSG00000263196	17	2
ENSG00000263201	0	5
ENSG00000263232	4	8
ENSG00000263241	4	1
ENSG00000263266	125	38
ENSG00000263293	114	47
ENSG00000263317	0	0
ENSG00000263327	1148	232
ENSG00000263353	0	0
ENSG00000263354	0	0
ENSG00000263355	25	8
ENSG00000263360	20	13
ENSG00000263361	77	25
ENSG00000263363	2	2
ENSG00000263372	3	2
ENSG00000263381	2	1
ENSG00000263389	10	5
ENSG00000263390	0	0
ENSG00000263399	1	2
ENSG00000263400	127	52
ENSG00000263403	3	6
ENSG00000263407	2	0
ENSG00000263409	1	0
ENSG00000263410	13	17
ENSG00000263412	150	57
ENSG00000263413	1	0
ENSG00000263414	0	0
ENSG00000263417	0	0
ENSG00000263426	0	22
ENSG00000263429	17	0
ENSG00000263432	57	56
ENSG00000263436	0	0
ENSG00000263438	242	123
ENSG00000263439	1	2
ENSG00000263445	5	1
ENSG00000263456	7	10
ENSG00000263458	0	0
ENSG00000263465	1933	2937
ENSG00000263468	0	0
ENSG00000263476	0	0
ENSG00000263479	4	0
ENSG00000263483	0	0
ENSG00000263490	30	29
ENSG00000263510	0	1
ENSG00000263511	11	16
ENSG00000263512	10	0
ENSG00000263513	89	0
ENSG00000263514	0	0
ENSG00000263515	12	1
ENSG00000263520	0	0
ENSG00000263526	14	5
ENSG00000263527	8	17
ENSG00000263528	685	207
ENSG00000263529	18	12
ENSG00000263533	2	4
ENSG00000263537	23	12
ENSG00000263540	2	1
ENSG00000263556	0	1
ENSG00000263558	35	24
ENSG00000263561	0	0
ENSG00000263572	2	8
ENSG00000263573	4	1
ENSG00000263575	0	0
ENSG00000263581	91	29
ENSG00000263583	1	0
ENSG00000263584	5	20
ENSG00000263586	79	83
ENSG00000263593	1	0
ENSG00000263595	9	8
ENSG00000263597	0	0
ENSG00000263600	4	8
ENSG00000263602	0	0
ENSG00000263608	4	3
ENSG00000263609	7	2
ENSG00000263615	8	7
ENSG00000263616	24	12
ENSG00000263627	2	12
ENSG00000263628	0	1
ENSG00000263629	0	1
ENSG00000263631	0	0
ENSG00000263634	0	0
ENSG00000263639	0	3
ENSG00000263641	7	2
ENSG00000263642	1	4
ENSG00000263643	2	1
ENSG00000263647	82	56
ENSG00000263649	4	0
ENSG00000263652	11	2
ENSG00000263666	8	6
ENSG00000263669	16	8
ENSG00000263670	0	0
ENSG00000263672	27	10
ENSG00000263675	34	27
ENSG00000263676	0	2
ENSG00000263681	3	2
ENSG00000263690	143	49
ENSG00000263693	0	3
ENSG00000263697	0	0
ENSG00000263705	0	1
ENSG00000263711	211	138
ENSG00000263712	1	0
ENSG00000263715	10	4
ENSG00000263716	0	0
ENSG00000263718	18	0
ENSG00000263724	257	117
ENSG00000263725	4	0
ENSG00000263730	0	0
ENSG00000263734	0	0
ENSG00000263735	0	0
ENSG00000263740	15591	33542
ENSG00000263741	0	0
ENSG00000263742	0	0
ENSG00000263744	0	0
ENSG00000263746	0	0
ENSG00000263750	0	0
ENSG00000263752	26	14
ENSG00000263753	3544	4923
ENSG00000263755	38	48
ENSG00000263761	16	5
ENSG00000263762	0	0
ENSG00000263763	0	0
ENSG00000263764	0	1
ENSG00000263766	188	94
ENSG00000263776	0	0
ENSG00000263783	0	0
ENSG00000263785	10	2
ENSG00000263790	24	6
ENSG00000263793	7	1
ENSG00000263794	21	7
ENSG00000263795	0	0
ENSG00000263800	0	1
ENSG00000263811	0	0
ENSG00000263813	52	111
ENSG00000263815	28	17
ENSG00000263816	0	0
ENSG00000263828	0	0
ENSG00000263831	0	3
ENSG00000263834	38	35
ENSG00000263838	0	1
ENSG00000263841	10	12
ENSG00000263843	152	129
ENSG00000263849	8	6
ENSG00000263857	11	34
ENSG00000263858	0	0
ENSG00000263861	0	0
ENSG00000263872	0	0
ENSG00000263881	0	3
ENSG00000263882	97	66
ENSG00000263883	74	121
ENSG00000263885	0	0
ENSG00000263890	0	0
ENSG00000263892	0	0
ENSG00000263894	0	0
ENSG00000263897	0	0
ENSG00000263905	21	12
ENSG00000263908	0	0
ENSG00000263909	7	3
ENSG00000263914	3	0
ENSG00000263918	0	0
ENSG00000263926	0	1
ENSG00000263932	0	0
ENSG00000263935	0	0
ENSG00000263940	109	116
ENSG00000263941	46	40
ENSG00000263944	35	13
ENSG00000263945	19	20
ENSG00000263955	13	36
ENSG00000263956	1747	623
ENSG00000263958	30	19
ENSG00000263961	8	18
ENSG00000263964	0	0
ENSG00000263967	0	0
ENSG00000263968	58	77
ENSG00000263969	16	15
ENSG00000263972	0	0
ENSG00000263973	0	0
ENSG00000263974	45	21
ENSG00000263976	0	0
ENSG00000263978	5	3
ENSG00000263979	0	3
ENSG00000263981	0	0
ENSG00000263987	0	2
ENSG00000263988	11	12
ENSG00000263989	204	67
ENSG00000263993	6	5
ENSG00000263999	2	3
ENSG00000264002	0	0
ENSG00000264004	0	0
ENSG00000264005	0	0
ENSG00000264006	1	87
ENSG00000264010	1	1
ENSG00000264013	0	0
ENSG00000264014	0	0
ENSG00000264017	40	25
ENSG00000264024	0	0
ENSG00000264026	3	5
ENSG00000264028	27	16
ENSG00000264030	22	12
ENSG00000264032	0	0
ENSG00000264036	82	35
ENSG00000264037	6	4
ENSG00000264041	23	11
ENSG00000264047	11	5
ENSG00000264049	0	0
ENSG00000264054	0	1
ENSG00000264056	0	1
ENSG00000264060	1	3
ENSG00000264069	0	0
ENSG00000264071	49	34
ENSG00000264073	0	0
ENSG00000264075	0	1
ENSG00000264084	0	0
ENSG00000264089	0	0
ENSG00000264090	0	0
ENSG00000264092	43	51
ENSG00000264099	10	7
ENSG00000264101	2	5
ENSG00000264102	0	3
ENSG00000264105	1	5
ENSG00000264110	0	0
ENSG00000264113	103	49
ENSG00000264115	0	0
ENSG00000264119	0	0
ENSG00000264127	0	0
ENSG00000264128	10	9
ENSG00000264136	3	0
ENSG00000264139	2	0
ENSG00000264141	0	0
ENSG00000264157	5	3
ENSG00000264158	0	0
ENSG00000264160	11	10
ENSG00000264163	25	1
ENSG00000264168	0	1
ENSG00000264169	9	28
ENSG00000264171	10	2
ENSG00000264172	0	0
ENSG00000264175	0	1
ENSG00000264192	2	0
ENSG00000264200	1	0
ENSG00000264201	5	13
ENSG00000264210	0	0
ENSG00000264211	0	0
ENSG00000264226	0	1
ENSG00000264229	175	79
ENSG00000264230	22	188
ENSG00000264232	0	0
ENSG00000264233	0	0
ENSG00000264235	120	594
ENSG00000264240	0	0
ENSG00000264247	1030	763
ENSG00000264249	0	0
ENSG00000264250	47	61
ENSG00000264251	6	19
ENSG00000264257	0	0
ENSG00000264260	4	15
ENSG00000264265	0	0
ENSG00000264266	11	9
ENSG00000264268	0	0
ENSG00000264269	26	12
ENSG00000264271	64	43
ENSG00000264274	0	3
ENSG00000264275	22	22
ENSG00000264278	64	135
ENSG00000264279	10	17
ENSG00000264292	39	50
ENSG00000264293	0	0
ENSG00000264294	0	0
ENSG00000264295	1	0
ENSG00000264297	0	1
ENSG00000264301	0	0
ENSG00000264309	0	3
ENSG00000264313	15	5
ENSG00000264314	6	5
ENSG00000264316	0	0
ENSG00000264317	7	9
ENSG00000264319	0	0
ENSG00000264322	10	8
ENSG00000264330	0	0
ENSG00000264342	0	0
ENSG00000264343	9278	2721
ENSG00000264345	43	16
ENSG00000264346	40	2
ENSG00000264349	5	3
ENSG00000264352	18	9
ENSG00000264354	11	9
ENSG00000264357	3	4
ENSG00000264358	6	0
ENSG00000264359	1	1
ENSG00000264364	4236	31217
ENSG00000264370	24	26
ENSG00000264371	0	0
ENSG00000264377	0	0
ENSG00000264384	1	0
ENSG00000264386	20	28
ENSG00000264387	0	0
ENSG00000264390	0	0
ENSG00000264391	1	1
ENSG00000264395	1	0
ENSG00000264397	39	6
ENSG00000264399	1	1
ENSG00000264400	46	41
ENSG00000264402	2	1
ENSG00000264405	0	0
ENSG00000264406	3	4
ENSG00000264408	0	2
ENSG00000264419	36	4
ENSG00000264423	93	71
ENSG00000264424	29	121
ENSG00000264425	13	2
ENSG00000264426	0	0
ENSG00000264429	19	33
ENSG00000264438	3	4
ENSG00000264448	7	5
ENSG00000264462	14768	10518
ENSG00000264464	36	27
ENSG00000264468	0	0
ENSG00000264470	2	0
ENSG00000264474	0	0
ENSG00000264477	0	0
ENSG00000264480	7	7
ENSG00000264482	1	1
ENSG00000264483	24	8
ENSG00000264484	18	13
ENSG00000264493	0	0
ENSG00000264494	8	8
ENSG00000264500	7	8
ENSG00000264501	45	121
ENSG00000264511	0	0
ENSG00000264512	0	0
ENSG00000264515	390	147
ENSG00000264519	39	28
ENSG00000264522	4734	7727
ENSG00000264525	51	0
ENSG00000264529	103	5
ENSG00000264530	35	26
ENSG00000264534	3	1
ENSG00000264536	26	18
ENSG00000264539	5	3
ENSG00000264540	88	85
ENSG00000264549	0	0
ENSG00000264553	1	36
ENSG00000264554	0	0
ENSG00000264559	5	8
ENSG00000264563	0	0
ENSG00000264566	8	0
ENSG00000264569	38	30
ENSG00000264571	0	0
ENSG00000264572	48	49
ENSG00000264573	13	33
ENSG00000264580	6	7
ENSG00000264582	10	9
ENSG00000264583	0	0
ENSG00000264585	0	0
ENSG00000264592	55	36
ENSG00000264603	0	0
ENSG00000264607	22	8
ENSG00000264610	6	2
ENSG00000264613	0	1
ENSG00000264614	1	0
ENSG00000264615	96	52
ENSG00000264616	11	8
ENSG00000264618	9	22
ENSG00000264621	0	0
ENSG00000264623	4	2
ENSG00000264633	0	0
ENSG00000264638	11	0
ENSG00000264653	10	37
ENSG00000264657	0	2
ENSG00000264658	2	2
ENSG00000264661	1	0
ENSG00000264672	26	44
ENSG00000264675	1	1
ENSG00000264676	43	29
ENSG00000264678	58	13
ENSG00000264684	0	0
ENSG00000264685	0	0
ENSG00000264698	0	0
ENSG00000264703	0	1
ENSG00000264706	6	7
ENSG00000264707	2187	844
ENSG00000264712	10	5
ENSG00000264717	0	10
ENSG00000264720	10	1
ENSG00000264722	0	0
ENSG00000264725	0	0
ENSG00000264732	0	0
ENSG00000264733	0	3
ENSG00000264737	1	0
ENSG00000264741	8	20
ENSG00000264743	96	57
ENSG00000264744	7	1
ENSG00000264745	15	14
ENSG00000264747	0	0
ENSG00000264755	1	1
ENSG00000264757	0	0
ENSG00000264760	0	0
ENSG00000264763	20	5
ENSG00000264764	0	1
ENSG00000264767	11	10
ENSG00000264773	0	6
ENSG00000264781	2	1
ENSG00000264788	0	0
ENSG00000264792	7	7
ENSG00000264793	6	0
ENSG00000264796	27	20
ENSG00000264800	0	2
ENSG00000264802	8	7
ENSG00000264803	0	0
ENSG00000264810	28	61
ENSG00000264814	3	2
ENSG00000264823	1	0
ENSG00000264824	0	0
ENSG00000264833	28	11
ENSG00000264837	0	0
ENSG00000264840	3	0
ENSG00000264850	0	0
ENSG00000264857	0	0
ENSG00000264859	0	23
ENSG00000264862	58	39
ENSG00000264864	7	0
ENSG00000264879	58	14
ENSG00000264892	0	0
ENSG00000264897	0	1
ENSG00000264901	1	2
ENSG00000264902	0	0
ENSG00000264906	0	0
ENSG00000264910	15	15
ENSG00000264916	96	91
ENSG00000264920	809	1919
ENSG00000264922	0	0
ENSG00000264926	0	0
ENSG00000264931	4	2
ENSG00000264933	14	14
ENSG00000264934	51	37
ENSG00000264941	10	6
ENSG00000264947	1	3
ENSG00000264954	43	19
ENSG00000264961	4	3
ENSG00000264963	45	21
ENSG00000264966	2	2
ENSG00000264974	0	0
ENSG00000264975	1	0
ENSG00000264978	28	44
ENSG00000264979	0	3
ENSG00000264984	0	0
ENSG00000264986	1	1
ENSG00000264994	18	9
ENSG00000264999	0	0
ENSG00000265000	47	35
ENSG00000265003	7	20
ENSG00000265005	46	9
ENSG00000265007	0	0
ENSG00000265014	0	0
ENSG00000265033	30	44
ENSG00000265052	59	42
ENSG00000265056	5	9
ENSG00000265057	0	0
ENSG00000265064	1	0
ENSG00000265075	0	0
ENSG00000265078	11	14
ENSG00000265083	13	4
ENSG00000265089	1	2
ENSG00000265092	9	7
ENSG00000265093	40	21
ENSG00000265095	9	0
ENSG00000265097	0	0
ENSG00000265098	1	0
ENSG00000265102	31	8
ENSG00000265107	2274	2193
ENSG00000265110	5	1
ENSG00000265112	9	1
ENSG00000265123	80	65
ENSG00000265134	0	0
ENSG00000265135	43	100
ENSG00000265137	13	6
ENSG00000265140	0	0
ENSG00000265141	0	0
ENSG00000265142	4455	2296
ENSG00000265144	7	2
ENSG00000265145	47	23
ENSG00000265148	57	86
ENSG00000265154	12	9
ENSG00000265158	33	139
ENSG00000265160	13	67
ENSG00000265164	0	0
ENSG00000265165	0	0
ENSG00000265172	0	0
ENSG00000265176	0	0
ENSG00000265178	27	9
ENSG00000265180	0	0
ENSG00000265181	0	0
ENSG00000265182	0	1
ENSG00000265190	84	396
ENSG00000265193	0	0
ENSG00000265195	47	29
ENSG00000265201	16	12
ENSG00000265203	5	2
ENSG00000265206	30	65
ENSG00000265210	16	0
ENSG00000265213	7	11
ENSG00000265214	0	0
ENSG00000265215	36	57
ENSG00000265226	8	2
ENSG00000265227	0	0
ENSG00000265236	0	0
ENSG00000265237	0	0
ENSG00000265241	4273	5526
ENSG00000265243	0	0
ENSG00000265247	0	0
ENSG00000265251	0	2
ENSG00000265252	4	5
ENSG00000265253	1	0
ENSG00000265258	0	0
ENSG00000265260	16	10
ENSG00000265272	51	46
ENSG00000265273	0	0
ENSG00000265279	8	5
ENSG00000265281	2	3
ENSG00000265284	0	0
ENSG00000265291	0	0
ENSG00000265296	0	3
ENSG00000265301	6	19
ENSG00000265304	0	0
ENSG00000265306	0	0
ENSG00000265315	17	7
ENSG00000265319	13	9
ENSG00000265321	18	9
ENSG00000265322	0	1
ENSG00000265327	57	36
ENSG00000265328	1	0
ENSG00000265331	21	18
ENSG00000265333	14	8
ENSG00000265340	0	0
ENSG00000265345	1	6
ENSG00000265347	0	0
ENSG00000265352	0	0
ENSG00000265354	1547	4231
ENSG00000265355	17	5
ENSG00000265357	0	13
ENSG00000265368	0	0
ENSG00000265369	51	51
ENSG00000265370	0	1
ENSG00000265372	0	0
ENSG00000265373	0	0
ENSG00000265375	0	0
ENSG00000265376	0	0
ENSG00000265386	16	14
ENSG00000265388	21	9
ENSG00000265390	1	2
ENSG00000265392	3	0
ENSG00000265395	2	2
ENSG00000265396	6	7
ENSG00000265407	32	1
ENSG00000265411	17	7
ENSG00000265418	5	0
ENSG00000265420	0	0
ENSG00000265422	1	0
ENSG00000265423	0	0
ENSG00000265429	2	0
ENSG00000265432	0	11
ENSG00000265433	1	0
ENSG00000265435	2	0
ENSG00000265439	33	21
ENSG00000265442	15	4
ENSG00000265444	0	0
ENSG00000265450	27	13
ENSG00000265452	17	16
ENSG00000265456	1	0
ENSG00000265458	332	290
ENSG00000265462	3	14
ENSG00000265465	6	4
ENSG00000265470	76	27
ENSG00000265479	2814	1370
ENSG00000265483	0	0
ENSG00000265485	259	202
ENSG00000265486	9	6
ENSG00000265489	542	256
ENSG00000265491	6537	24240
ENSG00000265499	0	0
ENSG00000265503	15	6
ENSG00000265507	0	0
ENSG00000265510	1	0
ENSG00000265514	79	65
ENSG00000265520	59	65
ENSG00000265521	8	10
ENSG00000265526	5	13
ENSG00000265527	228	42
ENSG00000265531	19	36
ENSG00000265533	11	7
ENSG00000265535	0	0
ENSG00000265537	0	0
ENSG00000265538	1	0
ENSG00000265539	12	19
ENSG00000265541	0	0
ENSG00000265555	12	10
ENSG00000265558	0	0
ENSG00000265559	19	19
ENSG00000265561	0	0
ENSG00000265564	0	0
ENSG00000265565	6	2
ENSG00000265566	6	3
ENSG00000265584	20	50
ENSG00000265588	0	0
ENSG00000265590	2602	1273
ENSG00000265595	0	0
ENSG00000265596	0	0
ENSG00000265598	0	0
ENSG00000265599	0	0
ENSG00000265606	0	0
ENSG00000265612	1	0
ENSG00000265617	8	0
ENSG00000265623	29	30
ENSG00000265631	2	1
ENSG00000265635	47	3
ENSG00000265641	0	0
ENSG00000265646	0	0
ENSG00000265648	28	7
ENSG00000265653	1	0
ENSG00000265657	0	0
ENSG00000265658	1	5
ENSG00000265660	3	6
ENSG00000265666	325	594
ENSG00000265669	17	8
ENSG00000265673	0	0
ENSG00000265675	14	2
ENSG00000265681	27694	5698
ENSG00000265682	0	0
ENSG00000265683	35	14
ENSG00000265684	58	21
ENSG00000265691	0	0
ENSG00000265692	70	93
ENSG00000265694	38	22
ENSG00000265699	1	4
ENSG00000265706	24	9
ENSG00000265719	8	26
ENSG00000265724	3	1
ENSG00000265725	0	0
ENSG00000265727	706	401
ENSG00000265733	35	13
ENSG00000265734	0	0
ENSG00000265740	59	23
ENSG00000265744	5	2
ENSG00000265745	28	8
ENSG00000265753	75	57
ENSG00000265763	98	15
ENSG00000265768	9	55
ENSG00000265776	0	0
ENSG00000265777	26	47
ENSG00000265778	167	93
ENSG00000265786	2	4
ENSG00000265789	0	0
ENSG00000265790	79	0
ENSG00000265793	0	1
ENSG00000265802	57	28
ENSG00000265806	73	62
ENSG00000265808	5296	6051
ENSG00000265810	0	2
ENSG00000265813	37	66
ENSG00000265814	31	36
ENSG00000265817	1213	710
ENSG00000265820	6	11
ENSG00000265822	0	0
ENSG00000265828	8	1
ENSG00000265829	0	0
ENSG00000265831	0	0
ENSG00000265836	0	0
ENSG00000265841	0	0
ENSG00000265843	0	1
ENSG00000265846	0	0
ENSG00000265847	0	4
ENSG00000265848	0	0
ENSG00000265850	0	0
ENSG00000265855	0	4
ENSG00000265859	0	0
ENSG00000265861	0	0
ENSG00000265867	282	134
ENSG00000265871	14	15
ENSG00000265872	4	0
ENSG00000265873	0	0
ENSG00000265874	5	3
ENSG00000265878	5	4
ENSG00000265879	22	29
ENSG00000265881	0	0
ENSG00000265882	32	24
ENSG00000265885	5	7
ENSG00000265892	1	3
ENSG00000265894	19	6
ENSG00000265902	1	1
ENSG00000265905	30	29
ENSG00000265917	31	9
ENSG00000265918	27	33
ENSG00000265919	0	0
ENSG00000265924	0	0
ENSG00000265929	1	1
ENSG00000265932	8	2
ENSG00000265933	405	135
ENSG00000265939	27	1
ENSG00000265942	47	28
ENSG00000265944	0	0
ENSG00000265954	0	0
ENSG00000265956	0	0
ENSG00000265957	25	5
ENSG00000265962	8	9
ENSG00000265965	6	4
ENSG00000265972	32478	189570
ENSG00000265976	6	15
ENSG00000265981	23	3
ENSG00000265986	1	2
ENSG00000265991	0	0
ENSG00000265992	599	1025
ENSG00000265993	0	0
ENSG00000265996	84	34
ENSG00000266006	0	0
ENSG00000266010	1562	1255
ENSG00000266012	4	5
ENSG00000266013	4	12
ENSG00000266015	0	0
ENSG00000266016	170	147
ENSG00000266017	14	4
ENSG00000266019	6	5
ENSG00000266028	7680	4817
ENSG00000266038	20	4
ENSG00000266039	0	0
ENSG00000266041	0	4
ENSG00000266043	0	0
ENSG00000266052	0	0
ENSG00000266053	265	152
ENSG00000266059	4	2
ENSG00000266063	6	0
ENSG00000266066	21	48
ENSG00000266071	0	0
ENSG00000266072	0	1
ENSG00000266074	4735	4759
ENSG00000266075	7	18
ENSG00000266078	1	3
ENSG00000266094	326	1778
ENSG00000266097	8	19
ENSG00000266099	0	0
ENSG00000266104	3	10
ENSG00000266107	2	0
ENSG00000266109	20	40
ENSG00000266110	0	0
ENSG00000266124	29	38
ENSG00000266127	59	17
ENSG00000266128	13	9
ENSG00000266129	0	0
ENSG00000266133	0	0
ENSG00000266139	0	0
ENSG00000266140	6	2
ENSG00000266144	13	4
ENSG00000266145	0	1
ENSG00000266146	12	12
ENSG00000266148	0	0
ENSG00000266150	1	2
ENSG00000266151	0	0
ENSG00000266158	73	42
ENSG00000266160	44	21
ENSG00000266162	0	0
ENSG00000266166	7	2
ENSG00000266168	0	0
ENSG00000266173	3570	2591
ENSG00000266174	0	0
ENSG00000266180	0	0
ENSG00000266185	57	43
ENSG00000266187	6	5
ENSG00000266189	3	6
ENSG00000266192	0	0
ENSG00000266194	0	0
ENSG00000266195	39	42
ENSG00000266200	0	25
ENSG00000266203	0	0
ENSG00000266204	0	0
ENSG00000266206	0	0
ENSG00000266210	63	41
ENSG00000266211	0	0
ENSG00000266215	29	1
ENSG00000266226	1	1
ENSG00000266228	15	13
ENSG00000266232	7	16
ENSG00000266235	37	38
ENSG00000266240	5	1
ENSG00000266242	3	1
ENSG00000266243	0	0
ENSG00000266245	22	26
ENSG00000266255	0	0
ENSG00000266256	628	136
ENSG00000266258	95	133
ENSG00000266262	18	46
ENSG00000266265	422	19
ENSG00000266274	16	56
ENSG00000266276	4	0
ENSG00000266278	135	124
ENSG00000266287	0	1
ENSG00000266290	111	91
ENSG00000266291	0	0
ENSG00000266297	5	6
ENSG00000266299	0	0
ENSG00000266305	0	1
ENSG00000266307	2	2
ENSG00000266308	9	3
ENSG00000266315	8	10
ENSG00000266317	17	22
ENSG00000266318	56	17
ENSG00000266320	13	22
ENSG00000266321	0	0
ENSG00000266324	0	2
ENSG00000266325	0	0
ENSG00000266327	0	0
ENSG00000266328	0	0
ENSG00000266329	0	0
ENSG00000266338	2796	988
ENSG00000266354	0	0
ENSG00000266357	96	47
ENSG00000266370	7	6
ENSG00000266383	4	12
ENSG00000266392	7	12
ENSG00000266396	0	0
ENSG00000266402	182	75
ENSG00000266407	4	0
ENSG00000266412	10246	30825
ENSG00000266415	1	0
ENSG00000266417	0	0
ENSG00000266420	50	39
ENSG00000266421	27	23
ENSG00000266423	1	1
ENSG00000266426	0	0
ENSG00000266431	0	0
ENSG00000266436	0	0
ENSG00000266437	0	0
ENSG00000266439	7	7
ENSG00000266449	6	2
ENSG00000266454	0	0
ENSG00000266458	0	1
ENSG00000266461	0	0
ENSG00000266463	1	0
ENSG00000266467	68	20
ENSG00000266472	2306	3034
ENSG00000266477	6	2
ENSG00000266478	0	0
ENSG00000266494	4	0
ENSG00000266497	60	34
ENSG00000266502	0	0
ENSG00000266503	24	12
ENSG00000266504	30	17
ENSG00000266507	3	4
ENSG00000266508	0	0
ENSG00000266509	0	0
ENSG00000266514	0	0
ENSG00000266515	0	0
ENSG00000266517	0	0
ENSG00000266518	0	0
ENSG00000266524	144	96
ENSG00000266525	8	8
ENSG00000266529	0	0
ENSG00000266530	0	0
ENSG00000266531	12	8
ENSG00000266533	44	55
ENSG00000266545	0	0
ENSG00000266553	18	17
ENSG00000266554	60	24
ENSG00000266555	12	14
ENSG00000266559	3	7
ENSG00000266563	0	0
ENSG00000266564	0	0
ENSG00000266569	144	80
ENSG00000266570	19	2
ENSG00000266580	17	5
ENSG00000266581	0	0
ENSG00000266582	0	0
ENSG00000266583	2	0
ENSG00000266589	4	2
ENSG00000266593	0	0
ENSG00000266594	38	24
ENSG00000266605	0	11
ENSG00000266610	0	0
ENSG00000266611	0	0
ENSG00000266613	3	5
ENSG00000266617	10	4
ENSG00000266618	11	5
ENSG00000266619	0	1
ENSG00000266627	14	8
ENSG00000266634	0	0
ENSG00000266640	2	6
ENSG00000266643	11	3
ENSG00000266645	1	1
ENSG00000266649	21	1
ENSG00000266655	10	21
ENSG00000266663	0	0
ENSG00000266665	0	0
ENSG00000266666	0	0
ENSG00000266668	34	16
ENSG00000266676	28	3
ENSG00000266690	0	1
ENSG00000266693	0	0
ENSG00000266698	0	0
ENSG00000266703	0	0
ENSG00000266704	0	0
ENSG00000266705	0	0
ENSG00000266710	164	191
ENSG00000266712	57	1
ENSG00000266714	6306	6255
ENSG00000266719	0	0
ENSG00000266720	30	19
ENSG00000266721	3	1
ENSG00000266729	0	1
ENSG00000266738	3	1
ENSG00000266740	0	0
ENSG00000266745	34	26
ENSG00000266750	0	1
ENSG00000266751	11	16
ENSG00000266754	8	6
ENSG00000266756	0	0
ENSG00000266758	3	14
ENSG00000266760	0	0
ENSG00000266761	9	8
ENSG00000266770	154	246
ENSG00000266776	3	3
ENSG00000266780	0	0
ENSG00000266782	0	0
ENSG00000266807	0	0
ENSG00000266808	0	0
ENSG00000266809	2	0
ENSG00000266827	0	0
ENSG00000266828	65	36
ENSG00000266835	355	187
ENSG00000266852	11	5
ENSG00000266853	15	21
ENSG00000266855	1	0
ENSG00000266863	28	31
ENSG00000266875	10	5
ENSG00000266887	0	0
ENSG00000266890	0	0
ENSG00000266903	139	151
ENSG00000266909	35	15
ENSG00000266913	76	49
ENSG00000266915	0	0
ENSG00000266916	129	166
ENSG00000266921	155	35
ENSG00000266952	42	14
ENSG00000266962	1405	1946
ENSG00000266964	1430	14860
ENSG00000266967	1080	1457
ENSG00000266970	18	26
ENSG00000266971	0	0
ENSG00000266975	39	5
ENSG00000266979	89	79
ENSG00000266983	132	126
ENSG00000266992	18	16
ENSG00000267013	8	14
ENSG00000267028	255	33
ENSG00000267040	391	181
ENSG00000267041	1399	601
ENSG00000267057	191	125
ENSG00000267060	401	1497
ENSG00000267064	812	534
ENSG00000267065	261	232
ENSG00000267080	1023	1326
ENSG00000267083	70	26
ENSG00000267091	15	2
ENSG00000267100	742	971
ENSG00000267104	0	0
ENSG00000267106	2490	1883
ENSG00000267107	488	1438
ENSG00000267119	5	0
ENSG00000267121	128	258
ENSG00000267123	369	181
ENSG00000267128	73	47
ENSG00000267132	1	1
ENSG00000267134	33	32
ENSG00000267147	144	29
ENSG00000267151	1	0
ENSG00000267169	1448	728
ENSG00000267189	0	0
ENSG00000267190	0	0
ENSG00000267195	1	6
ENSG00000267200	2	0
ENSG00000267201	31	6
ENSG00000267204	6	9
ENSG00000267206	8	469
ENSG00000267213	102	30
ENSG00000267226	7	12
ENSG00000267233	0	1
ENSG00000267235	0	0
ENSG00000267252	34	30
ENSG00000267253	30	17
ENSG00000267254	2051	799
ENSG00000267258	1	0
ENSG00000267270	557	185
ENSG00000267272	438	828
ENSG00000267280	90	177
ENSG00000267281	129	161
ENSG00000267289	2	2
ENSG00000267291	0	0
ENSG00000267296	191	49
ENSG00000267301	2	1
ENSG00000267302	444	264
ENSG00000267309	126	87
ENSG00000267310	5	6
ENSG00000267322	3535	4319
ENSG00000267323	34	10
ENSG00000267337	67	10
ENSG00000267339	244	226
ENSG00000267348	340	158
ENSG00000267361	156	99
ENSG00000267365	188	442
ENSG00000267368	1172	1301
ENSG00000267369	1	6
ENSG00000267374	373	76
ENSG00000267390	145	370
ENSG00000267391	225	144
ENSG00000267395	227	153
ENSG00000267407	0	0
ENSG00000267414	379	115
ENSG00000267416	92	85
ENSG00000267425	0	0
ENSG00000267440	53	46
ENSG00000267444	1	0
ENSG00000267450	4	4
ENSG00000267452	790	259
ENSG00000267454	636	323
ENSG00000267467	11	7
ENSG00000267470	1421	346
ENSG00000267482	0	0
ENSG00000267489	6	7
ENSG00000267493	184	157
ENSG00000267496	88	47
ENSG00000267498	299	141
ENSG00000267508	939	280
ENSG00000267511	2	6
ENSG00000267513	0	0
ENSG00000267517	0	0
ENSG00000267522	137	40
ENSG00000267524	0	0
ENSG00000267532	1822	873
ENSG00000267534	933	2015
ENSG00000267535	153	88
ENSG00000267541	9	62
ENSG00000267544	4	9
ENSG00000267549	358	197
ENSG00000267551	5	14
ENSG00000267573	0	0
ENSG00000267575	1886	614
ENSG00000267586	700	364
ENSG00000267593	25	11
ENSG00000267603	13	6
ENSG00000267607	549	27
ENSG00000267626	1	0
ENSG00000267631	4	4
ENSG00000267641	34	10
ENSG00000267659	139	113
ENSG00000267664	0	0
ENSG00000267669	6	2
ENSG00000267673	227	722
ENSG00000267679	4	4
ENSG00000267680	3077	918
ENSG00000267690	321	216
ENSG00000267704	0	0
ENSG00000267710	543	308
ENSG00000267712	19	0
ENSG00000267719	243	137
ENSG00000267726	0	0
ENSG00000267752	0	0
ENSG00000267757	2	2
ENSG00000267761	7	7
ENSG00000267767	190	82
ENSG00000267772	2	1
ENSG00000267777	137	51
ENSG00000267779	72	57
ENSG00000267781	31	4
ENSG00000267790	0	2
ENSG00000267795	34	104
ENSG00000267796	539	716
ENSG00000267855	917	5086
ENSG00000267858	510	488
ENSG00000267871	311	241
ENSG00000267908	13	19
ENSG00000267909	23	0
ENSG00000267959	0	0
ENSG00000267961	0	1
ENSG00000267978	1347	0
ENSG00000268001	116	172
ENSG00000268006	640	258
ENSG00000268009	5	1
ENSG00000268020	2	0
ENSG00000268038	48	50
ENSG00000268041	60	72
ENSG00000268043	3251	1992
ENSG00000268058	112	57
ENSG00000268062	15	2
ENSG00000268066	125	53
ENSG00000268074	0	0
ENSG00000268079	8	38
ENSG00000268089	101	3
ENSG00000268095	13	5
ENSG00000268101	0	0
ENSG00000268104	28	42
ENSG00000268174	11	6
ENSG00000268182	156	61
ENSG00000268186	65	30
ENSG00000268221	0	0
ENSG00000268223	0	0
ENSG00000268234	0	0
ENSG00000268235	0	0
ENSG00000268238	0	0
ENSG00000268257	114	82
ENSG00000268307	5	2
ENSG00000268318	19	27
ENSG00000268320	4	2
ENSG00000268322	126	94
ENSG00000268324	66	243
ENSG00000268335	0	0
ENSG00000268350	1870	1663
ENSG00000268388	256	70
ENSG00000268391	0	0
ENSG00000268433	0	26
ENSG00000268447	709	5
ENSG00000268469	6	3
ENSG00000268471	478	192
ENSG00000268480	379	307
ENSG00000268483	0	0
ENSG00000268500	28	158
ENSG00000268516	1537	808
ENSG00000268521	173	60
ENSG00000268529	1	5
ENSG00000268532	2	0
ENSG00000268535	2	3
ENSG00000268545	30	9
ENSG00000268564	15	36
ENSG00000268592	18	10
ENSG00000268598	15	8
ENSG00000268606	0	0
ENSG00000268621	196	74
ENSG00000268629	0	0
ENSG00000268651	1887	0
ENSG00000268654	3	2
ENSG00000268658	220	79
ENSG00000268681	0	0
ENSG00000268696	22	8
ENSG00000268705	55	17
ENSG00000268717	3	1
ENSG00000268736	158	44
ENSG00000268738	156	150
ENSG00000268785	1	2
ENSG00000268789	4	1
ENSG00000268794	3	0
ENSG00000268799	0	0
ENSG00000268804	31	46
ENSG00000268812	35	24
ENSG00000268830	0	0
ENSG00000268834	0	0
ENSG00000268894	75	43
ENSG00000268895	678	213
ENSG00000268902	16	2
ENSG00000268908	0	0
ENSG00000268916	5	2
ENSG00000268940	1	3
ENSG00000268941	9	1
ENSG00000268964	128	56
ENSG00000268988	0	0
ENSG00000268993	0	0
ENSG00000268994	0	2
ENSG00000268996	129	174
ENSG00000269037	6	0
ENSG00000269040	28	8
ENSG00000269055	3	0
ENSG00000269058	10	3
ENSG00000269067	86	273
ENSG00000269086	802	338
ENSG00000269096	0	0
ENSG00000269097	0	7
ENSG00000269099	0	0
ENSG00000269113	512	1072
ENSG00000269136	129	102
ENSG00000269186	4	1
ENSG00000269190	3376	542
ENSG00000269220	53	46
ENSG00000269228	19	32
ENSG00000269235	1782	630
ENSG00000269244	0	0
ENSG00000269293	463	678
ENSG00000269313	176	302
ENSG00000269316	0	0
ENSG00000269320	6	18
ENSG00000269335	1095	2156
ENSG00000269343	2719	2592
ENSG00000269345	10	40
ENSG00000269364	2	1
ENSG00000269386	115	269
ENSG00000269404	287	151
ENSG00000269405	0	0
ENSG00000269416	412	315
ENSG00000269420	13	19
ENSG00000269431	35	59
ENSG00000269433	0	0
ENSG00000269437	0	0
ENSG00000269439	777	716
ENSG00000269466	1	0
ENSG00000269502	0	0
ENSG00000269509	1	0
ENSG00000269526	76	5
ENSG00000269556	2092	3179
ENSG00000269575	4	0
ENSG00000269586	18	0
ENSG00000269608	1	0
ENSG00000269615	4	0
ENSG00000269646	8	4
ENSG00000269656	49	35
ENSG00000269662	31	17
ENSG00000269692	0	0
ENSG00000269696	355	156
ENSG00000269699	45	48
ENSG00000269713	14389	7346
ENSG00000269720	305	259
ENSG00000269742	5	1
ENSG00000269743	776	703
ENSG00000269782	0	0
ENSG00000269791	5	1
ENSG00000269821	53261	17349
ENSG00000269834	1708	800
ENSG00000269855	7	2
ENSG00000269858	2874	6691
ENSG00000269891	67	115
ENSG00000269893	2647	1056
ENSG00000269897	197	197
ENSG00000269929	1707	1124
ENSG00000269955	621	1388
ENSG00000269956	133	165
ENSG00000269959	648	348
ENSG00000269964	13	66
ENSG00000269985	237	77
ENSG00000269994	63	23
ENSG00000270011	1515	515
ENSG00000270025	0	0
ENSG00000270049	957	368
ENSG00000270073	0	0
ENSG00000270106	471	274
ENSG00000270112	724	972
ENSG00000270123	24	0
ENSG00000270141	771	299
ENSG00000270164	117	93
ENSG00000270170	483	808
ENSG00000270181	65	66
ENSG00000270187	0	0
ENSG00000270191	0	0
ENSG00000270194	665	909
ENSG00000270196	3	3
ENSG00000270222	0	0
ENSG00000270225	3	1244
ENSG00000270230	1	8
ENSG00000270231	4434	852
ENSG00000270232	0	0
ENSG00000270264	43	27
ENSG00000270268	1	3
ENSG00000270270	63	42
ENSG00000270276	3343	891
ENSG00000270300	57	72
ENSG00000270307	0	8
ENSG00000270325	3	0
ENSG00000270326	0	1
ENSG00000270332	2020	1172
ENSG00000270333	0	0
ENSG00000270339	36	5
ENSG00000270350	1	2
ENSG00000270362	420	357
ENSG00000270379	26	18
ENSG00000270384	0	0
ENSG00000270388	2	7
ENSG00000270390	0	8
ENSG00000270395	0	0
ENSG00000270415	0	1
ENSG00000270419	110	84
ENSG00000270429	213	85
ENSG00000270432	0	0
ENSG00000270444	0	0
ENSG00000270445	2	1
ENSG00000270472	1	0
ENSG00000270474	0	0
ENSG00000270479	59	15
ENSG00000270524	0	0
ENSG00000270526	0	0
ENSG00000270528	77	25
ENSG00000270535	0	0
ENSG00000270547	45	12
ENSG00000270550	4	98
ENSG00000270585	158	16
ENSG00000270601	0	0
ENSG00000270604	25	5
ENSG00000270606	64	14
ENSG00000270615	2	3
ENSG00000270617	33	50
ENSG00000270625	0	0
ENSG00000270629	6731	3382
ENSG00000270639	5	0
ENSG00000270641	6257	3573
ENSG00000270647	9201	6449
ENSG00000270648	0	0
ENSG00000270673	8	21
ENSG00000270677	0	0
ENSG00000270683	0	0
ENSG00000270716	7	0
ENSG00000270722	1364	91
ENSG00000270723	23	5
ENSG00000270741	3	11
ENSG00000270747	4	0
ENSG00000270751	61	74
ENSG00000270757	38	180
ENSG00000270761	17	13
ENSG00000270763	0	0
ENSG00000270765	5	43
ENSG00000270772	109	78
ENSG00000270791	3	0
ENSG00000270793	0	0
ENSG00000270800	1405	3258
ENSG00000270809	77	7
ENSG00000270816	277	195
ENSG00000270820	828	422
ENSG00000270831	0	0
ENSG00000270855	0	0
ENSG00000270863	16	8
ENSG00000270866	3	0
ENSG00000270878	88	16
ENSG00000270882	2444	611
ENSG00000270885	638	4454
ENSG00000270900	44	16
ENSG00000270903	214	86
ENSG00000270904	5	4
ENSG00000270906	27	33
ENSG00000270920	1	0
ENSG00000270923	135	12
ENSG00000270930	0	5
ENSG00000270936	20	12
ENSG00000270946	0	0
ENSG00000270948	24	33
ENSG00000270959	593	801
ENSG00000270964	72	87
ENSG00000270965	2	1
ENSG00000271005	0	0
ENSG00000271024	12	8
ENSG00000271026	1	0
ENSG00000271036	0	0
ENSG00000271045	8	6
ENSG00000271070	12	0
ENSG00000271079	4	0
ENSG00000271081	5	4
ENSG00000271086	109	28
ENSG00000271092	242	223
ENSG00000271095	92	60
ENSG00000271096	133	5
ENSG00000271097	0	0
ENSG00000271098	3	4
ENSG00000271108	2	8
ENSG00000271122	1279	1326
ENSG00000271130	0	2
ENSG00000271131	0	0
ENSG00000271133	1	5
ENSG00000271140	0	0
ENSG00000271142	7	0
ENSG00000271153	0	0
ENSG00000271158	0	0
ENSG00000271164	2	3
ENSG00000271171	184	114
ENSG00000271194	0	0
ENSG00000271207	4	13
ENSG00000271209	0	0
ENSG00000271225	12	33
ENSG00000271227	0	0
ENSG00000271231	0	1
ENSG00000271236	13	10
ENSG00000271237	0	0
ENSG00000271242	0	0
ENSG00000271249	0	9
ENSG00000271270	4247	1002
ENSG00000271271	0	0
ENSG00000271286	7	8
ENSG00000271287	0	0
ENSG00000271296	0	0
ENSG00000271303	881	3520
ENSG00000271304	2	1
ENSG00000271306	0	0
ENSG00000271321	62	0
ENSG00000271328	0	0
ENSG00000271334	15	14
ENSG00000271337	50	30
ENSG00000271356	0	0
ENSG00000271360	43	35
ENSG00000271373	0	0
ENSG00000271383	7676	2641
ENSG00000271386	0	0
ENSG00000271389	0	0
ENSG00000271408	0	0
ENSG00000271415	31	9
ENSG00000271424	58	37
ENSG00000271425	4675	2601
ENSG00000271433	0	0
ENSG00000271435	0	0
ENSG00000271447	171	361
ENSG00000271449	0	0
ENSG00000271461	12	2
ENSG00000271465	0	0
ENSG00000271480	0	0
ENSG00000271488	0	0
ENSG00000271492	0	0
ENSG00000271496	0	0
ENSG00000271503	215	478
ENSG00000271524	77	6
ENSG00000271532	15	46
ENSG00000271550	26	12
ENSG00000271557	20	16
ENSG00000271563	0	0
ENSG00000271564	155	76
ENSG00000271567	0	8
ENSG00000271584	119	15
ENSG00000271585	1	0
ENSG00000271588	0	1
ENSG00000271595	0	0
ENSG00000271601	5811	6820
ENSG00000271602	1	0
ENSG00000271605	92	302
ENSG00000271614	1646	80
ENSG00000271615	33	26
ENSG00000271626	25	22
ENSG00000271635	6	0
ENSG00000271638	2	1
ENSG00000271639	248	140
ENSG00000271642	28	10
ENSG00000271643	329	329
ENSG00000271646	211	273
ENSG00000271647	0	1
ENSG00000271655	0	0
ENSG00000271661	0	10
ENSG00000271679	0	0
ENSG00000271686	0	0
ENSG00000271687	2	79
ENSG00000271704	1	1
ENSG00000271705	3	1
ENSG00000271710	45	10
ENSG00000271723	344	580
ENSG00000271736	16	5
ENSG00000271739	0	0
ENSG00000271765	1	0
ENSG00000271798	24	22
ENSG00000271814	8	9
ENSG00000271816	300	307
ENSG00000271818	19	11
ENSG00000271819	19	9
ENSG00000271824	7	7
ENSG00000271826	194	253
ENSG00000271841	22	5
ENSG00000271848	275	324
ENSG00000271850	93	61
ENSG00000271852	19	9
ENSG00000271856	213	142
ENSG00000271869	34	33
ENSG00000271880	0	0
ENSG00000271886	0	1
ENSG00000271898	0	0
ENSG00000271899	6	3
ENSG00000271907	86	4
ENSG00000271913	2731	1254
ENSG00000271923	0	0
ENSG00000271924	6	5
ENSG00000271931	1	5
ENSG00000271932	35	17
ENSG00000271934	0	0
ENSG00000271952	67	760
ENSG00000271974	100	69
ENSG00000271982	0	0
ENSG00000271986	50	53
ENSG00000272020	3	12
ENSG00000272028	6	11
ENSG00000272031	517	432
ENSG00000272034	40	24
ENSG00000272036	0	0
ENSG00000272047	1692	1161
ENSG00000272055	42	41
ENSG00000272075	20	14
ENSG00000272080	1	0
ENSG00000272096	3	10
ENSG00000272097	158	36
ENSG00000272138	337	317
ENSG00000272143	18	340
ENSG00000272146	64	40
ENSG00000272189	22	29
ENSG00000272192	85	14
ENSG00000272197	9	11
ENSG00000272205	11	2
ENSG00000272230	1	1
ENSG00000272232	8	5
ENSG00000272253	1	1
ENSG00000272259	28	0
ENSG00000272262	11	13
ENSG00000272269	76	57
ENSG00000272273	31	103
ENSG00000272274	5	1
ENSG00000272288	42	199
ENSG00000272296	0	0
ENSG00000272311	0	0
ENSG00000272323	40	32
ENSG00000272325	13764	24286
ENSG00000272333	6548	7717
ENSG00000272337	23	8
ENSG00000272344	67	0
ENSG00000272359	31	44
ENSG00000272380	0	0
ENSG00000272391	6955	8958
ENSG00000272393	0	0
ENSG00000272395	2	1
ENSG00000272398	258	509
ENSG00000272412	91	46
ENSG00000272414	39	252
ENSG00000272435	0	0
ENSG00000272439	29	30
ENSG00000272445	0	0
ENSG00000272458	0	0
ENSG00000272460	0	0
ENSG00000272462	876	1193
ENSG00000272469	26	38
ENSG00000272474	81	0
ENSG00000272480	0	4
ENSG00000272494	0	0
ENSG00000272507	8	11
ENSG00000272514	64	27
ENSG00000272525	25	12
ENSG00000272533	136	111
ENSG00000272536	17	29
ENSG00000272543	0	0
ENSG00000272549	3	0
ENSG00000272559	0	0
ENSG00000272568	201	148
ENSG00000272569	0	0
ENSG00000272573	18	1290
ENSG00000272575	1	1
ENSG00000272589	112	65
ENSG00000272595	122	86
ENSG00000272602	1926	507
ENSG00000272610	911	1044
ENSG00000272620	699	620
ENSG00000272634	0	0
ENSG00000272636	1230	1841
ENSG00000272654	129	83
ENSG00000272664	0	0
ENSG00000272674	421	887
ENSG00000272676	0	1
ENSG00000272677	57	42
ENSG00000272681	29	31
ENSG00000272685	1	0
ENSG00000272686	395	294
ENSG00000272690	1440	616
ENSG00000272695	139	310
ENSG00000272701	109	41
ENSG00000272711	295	89
ENSG00000272716	41	16
ENSG00000272727	43	9
ENSG00000272752	1180	898
ENSG00000272758	524	484
ENSG00000272767	410	324
ENSG00000272795	0	2
ENSG00000272804	0	3
ENSG00000272808	249	83
ENSG00000272837	0	0
ENSG00000272841	93	145
ENSG00000272870	986	443
ENSG00000272882	0	0
ENSG00000272886	4549	5076
ENSG00000272900	0	0
ENSG00000272902	94	93
ENSG00000272937	39	36
ENSG00000272963	53	50
ENSG00000272968	46	32
ENSG00000272975	15	37
ENSG00000272987	0	0
ENSG00000273002	173	220
ENSG00000273003	0	62
ENSG00000273008	156	56
ENSG00000273018	5575	853
ENSG00000273024	97	17
ENSG00000273032	749	270
ENSG00000273033	1422	1430
ENSG00000273036	0	0
ENSG00000273051	0	0
ENSG00000273061	16	23
ENSG00000273079	100	81
ENSG00000273085	0	0
ENSG00000273111	19	14
ENSG00000273125	17	6
ENSG00000273136	4102	2108
ENSG00000273173	692	1081
ENSG00000273213	1627	581
ENSG00000273228	0	0
ENSG00000273238	8	1
ENSG00000273253	29	33
ENSG00000273265	26	28
ENSG00000273274	1205	495
ENSG00000273294	240	57
ENSG00000273311	273	296
ENSG00000273313	6	1
ENSG00000273327	51	19
ENSG00000273330	0	0
ENSG00000273336	19	12
ENSG00000273344	752	370
ENSG00000273377	0	0
ENSG00000273396	28	4
ENSG00000273408	0	0
ENSG00000273409	30	12
ENSG00000273415	5	3
ENSG00000273423	26	20
ENSG00000273434	2	0
ENSG00000273492	336	336
ENSG00000273500	6	1
ENSG00000273513	0	48
ENSG00000273514	20	3
ENSG00000273520	106	0
ENSG00000273540	268	46
ENSG00000273542	12345	946
ENSG00000273544	119	0
ENSG00000273555	0	1
ENSG00000273559	1021	1142
ENSG00000273586	0	0
ENSG00000273587	18	11
ENSG00000273593	7	94
ENSG00000273604	1268	153
ENSG00000273606	0	3
ENSG00000273610	10	15
ENSG00000273611	2680	1398
ENSG00000273613	0	0
ENSG00000273627	0	0
ENSG00000273643	0	0
ENSG00000273648	12	0
ENSG00000273657	0	0
ENSG00000273692	0	0
ENSG00000273696	0	0
ENSG00000273698	0	0
ENSG00000273700	3	1
ENSG00000273703	2184	45
ENSG00000273706	9	0
ENSG00000273717	2	8
ENSG00000273723	94	19
ENSG00000273742	5	15
ENSG00000273745	0	5
ENSG00000273749	6699	8195
ENSG00000273758	0	0
ENSG00000273762	0	0
ENSG00000273769	118	134
ENSG00000273776	0	0
ENSG00000273777	0	3
ENSG00000273778	0	0
ENSG00000273802	356	609
ENSG00000273818	0	0
ENSG00000273819	3	2
ENSG00000273820	211	225
ENSG00000273830	0	0
ENSG00000273835	0	0
ENSG00000273836	0	0
ENSG00000273841	2385	2308
ENSG00000273849	0	0
ENSG00000273874	1	1
ENSG00000273882	7	6
ENSG00000273898	0	0
ENSG00000273899	718	716
ENSG00000273912	2	1
ENSG00000273932	0	0
ENSG00000273940	6	2
ENSG00000273945	0	0
ENSG00000273946	25	14
ENSG00000273962	0	7
ENSG00000273963	25	18
ENSG00000273976	0	0
ENSG00000273981	0	0
ENSG00000273983	698	64
ENSG00000273999	5	83
ENSG00000274010	9	4
ENSG00000274012	894326	1438680
ENSG00000274020	390	289
ENSG00000274025	0	0
ENSG00000274026	365	239
ENSG00000274034	0	1
ENSG00000274044	10	0
ENSG00000274049	26	38
ENSG00000274054	4	0
ENSG00000274056	0	0
ENSG00000274060	8	0
ENSG00000274066	1	2
ENSG00000274067	12	189
ENSG00000274070	4462	11629
ENSG00000274076	4	1
ENSG00000274091	0	1
ENSG00000274097	0	2
ENSG00000274098	0	1
ENSG00000274102	0	0
ENSG00000274111	0	0
ENSG00000274115	37	164
ENSG00000274134	0	6
ENSG00000274164	0	0
ENSG00000274168	0	0
ENSG00000274172	0	0
ENSG00000274178	0	0
ENSG00000274180	1581	4911
ENSG00000274183	2	4
ENSG00000274186	5	3
ENSG00000274209	0	29
ENSG00000274210	18	27
ENSG00000274211	2702	5060
ENSG00000274226	9	0
ENSG00000274228	0	0
ENSG00000274234	0	0
ENSG00000274252	0	1
ENSG00000274258	2	4
ENSG00000274259	43	25
ENSG00000274263	0	0
ENSG00000274266	20504	848
ENSG00000274274	0	0
ENSG00000274280	3	10
ENSG00000274286	154	847
ENSG00000274290	437	330
ENSG00000274300	17	7
ENSG00000274306	0	0
ENSG00000274309	3	0
ENSG00000274314	2	2
ENSG00000274319	1	0
ENSG00000274349	710	392
ENSG00000274350	0	1
ENSG00000274369	0	0
ENSG00000274374	3	0
ENSG00000274376	44	74
ENSG00000274380	11	7
ENSG00000274386	165	93
ENSG00000274390	1	2
ENSG00000274391	67	10
ENSG00000274408	0	1
ENSG00000274417	0	1
ENSG00000274419	0	0
ENSG00000274424	4	1
ENSG00000274461	505	240
ENSG00000274466	6	0
ENSG00000274467	0	0
ENSG00000274475	16	4
ENSG00000274493	0	0
ENSG00000274494	11	8
ENSG00000274512	1343	760
ENSG00000274523	1776	4367
ENSG00000274529	42	85
ENSG00000274536	87	376
ENSG00000274544	0	0
ENSG00000274552	0	0
ENSG00000274568	0	0
ENSG00000274570	2614	911
ENSG00000274572	0	0
ENSG00000274576	1	13
ENSG00000274585	878	78
ENSG00000274588	2	0
ENSG00000274599	0	0
ENSG00000274600	19	24
ENSG00000274605	276	216
ENSG00000274607	5	5
ENSG00000274611	11	0
ENSG00000274618	733	391
ENSG00000274620	20	17
ENSG00000274621	0	5
ENSG00000274632	0	0
ENSG00000274640	0	0
ENSG00000274641	2012	81
ENSG00000274656	59	25
ENSG00000274658	1	0
ENSG00000274659	340	185
ENSG00000274662	20	11
ENSG00000274663	1	1
ENSG00000274675	1151	481
ENSG00000274697	2	3
ENSG00000274705	0	1
ENSG00000274713	8	8
ENSG00000274736	0	14
ENSG00000274747	15	3
ENSG00000274749	0	0
ENSG00000274750	501	1016
ENSG00000274752	0	0
ENSG00000274759	15	16
ENSG00000274764	0	0
ENSG00000274770	0	0
ENSG00000274805	6	0
ENSG00000274808	326	217
ENSG00000274809	0	0
ENSG00000274810	1038	668
ENSG00000274816	4	23
ENSG00000274822	1	0
ENSG00000274824	30	7
ENSG00000274838	0	0
ENSG00000274847	218	94
ENSG00000274852	0	12
ENSG00000274917	294	678
ENSG00000274925	824	334
ENSG00000274927	0	0
ENSG00000274932	7	6
ENSG00000274933	121	81
ENSG00000274940	0	3
ENSG00000274962	0	0
ENSG00000274963	46	69
ENSG00000274969	0	0
ENSG00000274975	0	0
ENSG00000274978	703	251
ENSG00000274986	1	1
ENSG00000274988	1	2
ENSG00000274994	0	0
ENSG00000274997	3118	138
ENSG00000274998	0	0
ENSG00000274999	2	1
ENSG00000275004	1116	301
ENSG00000275014	119	78
ENSG00000275022	2	4
ENSG00000275023	18734	22654
ENSG00000275026	4	113
ENSG00000275030	0	0
ENSG00000275034	1	9
ENSG00000275036	28	25
ENSG00000275043	0	0
ENSG00000275048	6	3
ENSG00000275052	9029	3583
ENSG00000275061	0	0
ENSG00000275066	4454	6321
ENSG00000275067	0	2
ENSG00000275072	0	0
ENSG00000275074	108	216
ENSG00000275090	4	5
ENSG00000275101	6	8
ENSG00000275107	0	0
ENSG00000275109	7	3
ENSG00000275111	674	530
ENSG00000275113	0	0
ENSG00000275126	1786	24
ENSG00000275127	13	8
ENSG00000275128	13	11
ENSG00000275132	17	5
ENSG00000275141	9	5
ENSG00000275143	1295	35
ENSG00000275152	116	73
ENSG00000275158	0	0
ENSG00000275160	151	44
ENSG00000275166	2	1
ENSG00000275167	6	12
ENSG00000275170	0	0
ENSG00000275183	819	348
ENSG00000275207	0	2
ENSG00000275208	0	6
ENSG00000275212	152	58
ENSG00000275215	588	1356
ENSG00000275221	882	120
ENSG00000275226	994	414
ENSG00000275229	2	4
ENSG00000275230	7	4
ENSG00000275238	1	1
ENSG00000275239	89	43
ENSG00000275243	0	0
ENSG00000275256	0	1
ENSG00000275259	0	0
ENSG00000275273	1	1
ENSG00000275291	2	0
ENSG00000275302	112	133
ENSG00000275305	0	0
ENSG00000275325	147	144
ENSG00000275334	0	3
ENSG00000275335	0	0
ENSG00000275337	31	36
ENSG00000275342	525	2282
ENSG00000275344	0	0
ENSG00000275360	0	0
ENSG00000275373	18	12
ENSG00000275377	339	41
ENSG00000275379	3350	122
ENSG00000275385	0	1014
ENSG00000275391	0	0
ENSG00000275395	2714	5889
ENSG00000275410	49	44
ENSG00000275411	0	1
ENSG00000275423	0	1
ENSG00000275429	2	0
ENSG00000275449	2	2
ENSG00000275451	0	0
ENSG00000275453	9	5
ENSG00000275455	0	0
ENSG00000275458	5	39
ENSG00000275469	0	0
ENSG00000275475	0	0
ENSG00000275491	32	22
ENSG00000275506	69	78
ENSG00000275518	0	0
ENSG00000275519	4	6
ENSG00000275520	3	0
ENSG00000275523	4	0
ENSG00000275524	0	0
ENSG00000275529	0	0
ENSG00000275538	8	0
ENSG00000275549	71	11
ENSG00000275558	8	0
ENSG00000275562	110	47
ENSG00000275572	12	23
ENSG00000275588	7	2
ENSG00000275591	576	57
ENSG00000275597	1	2
ENSG00000275610	0	0
ENSG00000275640	0	3
ENSG00000275643	0	0
ENSG00000275651	2	5
ENSG00000275652	6	2
ENSG00000275655	3	3
ENSG00000275662	14	2
ENSG00000275663	0	0
ENSG00000275667	0	0
ENSG00000275669	0	1
ENSG00000275670	16	0
ENSG00000275692	16	0
ENSG00000275695	12	23
ENSG00000275700	1684	1989
ENSG00000275708	14768	10518
ENSG00000275711	0	0
ENSG00000275713	294	97
ENSG00000275714	1850	202
ENSG00000275718	25	12
ENSG00000275722	0	0
ENSG00000275726	3	0
ENSG00000275743	0	4
ENSG00000275747	0	1
ENSG00000275763	281	167
ENSG00000275768	0	0
ENSG00000275770	24	13
ENSG00000275771	0	0
ENSG00000275774	0	0
ENSG00000275776	0	0
ENSG00000275789	4	9
ENSG00000275791	0	2
ENSG00000275793	64	39
ENSG00000275803	5	5
ENSG00000275810	12	9
ENSG00000275816	19	19
ENSG00000275818	0	0
ENSG00000275832	5490	17458
ENSG00000275835	2113	1885
ENSG00000275836	0	0
ENSG00000275842	4	8
ENSG00000275852	0	0
ENSG00000275859	0	0
ENSG00000275862	0	0
ENSG00000275863	0	0
ENSG00000275868	0	0
ENSG00000275874	14	14
ENSG00000275878	10	15
ENSG00000275882	0	0
ENSG00000275896	4	229
ENSG00000275924	0	0
ENSG00000275940	26	23
ENSG00000275950	8	0
ENSG00000275953	0	0
ENSG00000275954	0	0
ENSG00000275961	20	12
ENSG00000275967	12	6
ENSG00000275969	0	0
ENSG00000275976	376	120
ENSG00000275992	0	1
ENSG00000275994	0	0
ENSG00000275996	0	0
ENSG00000276006	0	0
ENSG00000276014	24	12
ENSG00000276023	579	1628
ENSG00000276027	4125	9
ENSG00000276029	14	4
ENSG00000276031	1	2
ENSG00000276036	0	1
ENSG00000276040	35	23
ENSG00000276043	3117	1073
ENSG00000276045	898	1157
ENSG00000276046	0	0
ENSG00000276047	35	34
ENSG00000276070	74	18
ENSG00000276081	0	0
ENSG00000276083	0	0
ENSG00000276088	1	1
ENSG00000276102	0	0
ENSG00000276119	2	1
ENSG00000276124	1	2
ENSG00000276137	3	3
ENSG00000276147	9	1
ENSG00000276158	0	0
ENSG00000276160	1	0
ENSG00000276162	43	13
ENSG00000276164	0	0
ENSG00000276168	401214	255295
ENSG00000276169	2	1
ENSG00000276172	1	1
ENSG00000276175	0	32
ENSG00000276176	1	0
ENSG00000276180	1203	131
ENSG00000276181	0	0
ENSG00000276200	47	32
ENSG00000276221	5	1
ENSG00000276231	224	267
ENSG00000276234	1439	1466
ENSG00000276240	36	54
ENSG00000276255	208	114
ENSG00000276270	0	0
ENSG00000276281	98	67
ENSG00000276290	0	0
ENSG00000276293	11034	9809
ENSG00000276311	0	0
ENSG00000276314	0	0
ENSG00000276316	0	0
ENSG00000276319	0	0
ENSG00000276326	13	2
ENSG00000276350	0	0
ENSG00000276352	15	4
ENSG00000276365	8	9
ENSG00000276368	3506	48
ENSG00000276380	0	0
ENSG00000276397	45	43
ENSG00000276404	0	2
ENSG00000276405	0	0
ENSG00000276409	193	924
ENSG00000276410	1260	39
ENSG00000276430	0	0
ENSG00000276442	0	0
ENSG00000276457	0	0
ENSG00000276462	148	87
ENSG00000276479	53	34
ENSG00000276489	0	0
ENSG00000276522	2	8
ENSG00000276531	38	13
ENSG00000276544	5	3
ENSG00000276545	637	1286
ENSG00000276547	1098	2612
ENSG00000276557	0	3
ENSG00000276562	6	2
ENSG00000276566	0	22
ENSG00000276575	8	5
ENSG00000276577	6	0
ENSG00000276580	0	0
ENSG00000276581	0	0
ENSG00000276584	0	0
ENSG00000276588	33	22
ENSG00000276592	240	86
ENSG00000276597	0	0
ENSG00000276598	0	1
ENSG00000276599	0	0
ENSG00000276600	88	259
ENSG00000276610	0	0
ENSG00000276622	0	0
ENSG00000276639	0	0
ENSG00000276641	9	19
ENSG00000276644	596	723
ENSG00000276653	21	13
ENSG00000276656	0	3
ENSG00000276699	1	1
ENSG00000276700	294	678
ENSG00000276703	0	0
ENSG00000276710	726	2089
ENSG00000276712	54	28
ENSG00000276717	1	1
ENSG00000276725	198	34
ENSG00000276733	0	2
ENSG00000276747	0	0
ENSG00000276753	1	3
ENSG00000276757	52	38
ENSG00000276765	6	10
ENSG00000276769	0	0
ENSG00000276770	5	8
ENSG00000276775	0	16
ENSG00000276778	4	11
ENSG00000276788	0	0
ENSG00000276789	0	0
ENSG00000276819	0	0
ENSG00000276824	0	0
ENSG00000276830	5	7
ENSG00000276835	0	0
ENSG00000276844	0	0
ENSG00000276857	0	0
ENSG00000276866	40	110
ENSG00000276869	1	0
ENSG00000276878	0	0
ENSG00000276891	0	0
ENSG00000276903	1963	85
ENSG00000276904	1	0
ENSG00000276908	0	0
ENSG00000276917	0	0
ENSG00000276926	15	10
ENSG00000276941	0	0
ENSG00000276950	58	29
ENSG00000276953	0	2
ENSG00000276956	36	37
ENSG00000276961	4	9
ENSG00000276964	0	0
ENSG00000276966	1347	4646
ENSG00000277000	9	1
ENSG00000277004	0	0
ENSG00000277008	0	0
ENSG00000277009	0	0
ENSG00000277014	0	0
ENSG00000277027	199251	112222
ENSG00000277029	0	0
ENSG00000277030	0	0
ENSG00000277031	0	0
ENSG00000277043	4	1
ENSG00000277049	0	0
ENSG00000277052	4	1
ENSG00000277057	0	0
ENSG00000277058	0	0
ENSG00000277062	8	4
ENSG00000277063	2	0
ENSG00000277073	0	0
ENSG00000277075	699	855
ENSG00000277084	4	0
ENSG00000277120	1	0
ENSG00000277125	0	0
ENSG00000277138	0	0
ENSG00000277149	504	376
ENSG00000277150	204	167
ENSG00000277157	688	1581
ENSG00000277161	401	511
ENSG00000277172	2	0
ENSG00000277184	13	3
ENSG00000277194	166	2
ENSG00000277200	126	40
ENSG00000277202	17	15
ENSG00000277209	272483	99783
ENSG00000277213	0	0
ENSG00000277215	1225	827
ENSG00000277224	310	267
ENSG00000277232	110	74
ENSG00000277234	0	0
ENSG00000277243	0	1
ENSG00000277249	0	5
ENSG00000277253	1	0
ENSG00000277255	6	9
ENSG00000277258	4861	3141
ENSG00000277264	0	0
ENSG00000277265	22	36
ENSG00000277268	79	14
ENSG00000277274	0	0
ENSG00000277282	0	0
ENSG00000277288	8	22
ENSG00000277295	0	1
ENSG00000277322	14	0
ENSG00000277341	0	0
ENSG00000277344	0	0
ENSG00000277363	2795	414
ENSG00000277370	0	0
ENSG00000277379	16	0
ENSG00000277387	9	17
ENSG00000277388	10	8
ENSG00000277391	0	0
ENSG00000277399	123	73
ENSG00000277402	0	0
ENSG00000277410	0	0
ENSG00000277418	0	0
ENSG00000277443	8377	9132
ENSG00000277448	85	57
ENSG00000277449	1092	634
ENSG00000277452	44	62
ENSG00000277462	221	143
ENSG00000277464	7	3
ENSG00000277467	2	0
ENSG00000277474	0	0
ENSG00000277478	35	4
ENSG00000277481	46	92
ENSG00000277483	77	26
ENSG00000277494	321	1094
ENSG00000277506	8	6
ENSG00000277508	0	0
ENSG00000277512	9	0
ENSG00000277514	0	0
ENSG00000277515	0	0
ENSG00000277521	0	0
ENSG00000277531	64	57
ENSG00000277533	0	0
ENSG00000277556	0	0
ENSG00000277569	0	0
ENSG00000277582	0	0
ENSG00000277586	14	41
ENSG00000277588	2	1
ENSG00000277590	12	15
ENSG00000277591	102	85
ENSG00000277610	7	7
ENSG00000277631	59	91
ENSG00000277632	96	128
ENSG00000277636	0	0
ENSG00000277637	0	0
ENSG00000277656	905	1434
ENSG00000277678	2	4
ENSG00000277681	7	3
ENSG00000277698	0	0
ENSG00000277710	5	0
ENSG00000277713	3	7
ENSG00000277720	0	0
ENSG00000277734	22	601
ENSG00000277745	20	13
ENSG00000277758	2065	1315
ENSG00000277759	4	8
ENSG00000277762	0	4
ENSG00000277768	92	20
ENSG00000277769	79	32
ENSG00000277774	7	4
ENSG00000277775	373	91
ENSG00000277784	0	0
ENSG00000277785	0	0
ENSG00000277791	1288	3988
ENSG00000277817	0	1
ENSG00000277841	0	0
ENSG00000277842	0	0
ENSG00000277846	0	0
ENSG00000277858	20	13
ENSG00000277864	0	0
ENSG00000277865	160	113
ENSG00000277870	23	6
ENSG00000277872	9	2
ENSG00000277880	0	0
ENSG00000277885	0	3
ENSG00000277887	3	0
ENSG00000277888	0	3
ENSG00000277889	0	0
ENSG00000277892	4	7
ENSG00000277893	7	4
ENSG00000277899	0	0
ENSG00000277904	0	1
ENSG00000277912	4	24
ENSG00000277918	454	47
ENSG00000277919	0	0
ENSG00000277932	1	1
ENSG00000277942	89	77
ENSG00000277946	9	16
ENSG00000277972	890	4339
ENSG00000277975	0	0
ENSG00000277985	103	13
ENSG00000278023	160	60
ENSG00000278030	0	2
ENSG00000278034	4	1
ENSG00000278038	0	0
ENSG00000278053	3248	1681
ENSG00000278057	0	0
ENSG00000278069	0	0
ENSG00000278073	0	0
ENSG00000278085	0	0
ENSG00000278089	0	0
ENSG00000278098	0	0
ENSG00000278099	30	2
ENSG00000278103	0	0
ENSG00000278108	4	20
ENSG00000278110	0	0
ENSG00000278123	0	0
ENSG00000278124	10	15
ENSG00000278129	3888	3952
ENSG00000278139	25	0
ENSG00000278156	392	283
ENSG00000278159	0	0
ENSG00000278175	709	1204
ENSG00000278189	588	1356
ENSG00000278195	2	2
ENSG00000278196	3	64
ENSG00000278204	0	0
ENSG00000278214	107	67
ENSG00000278221	0	0
ENSG00000278222	0	0
ENSG00000278223	2	2
ENSG00000278224	161	62
ENSG00000278233	294	678
ENSG00000278238	24	7
ENSG00000278242	0	0
ENSG00000278249	17762	7252
ENSG00000278259	5391	2277
ENSG00000278261	0	0
ENSG00000278264	0	0
ENSG00000278265	0	0
ENSG00000278267	1	1
ENSG00000278274	198	14
ENSG00000278278	2	0
ENSG00000278281	1	0
ENSG00000278289	0	0
ENSG00000278299	0	3
ENSG00000278301	96	37
ENSG00000278311	4078	3193
ENSG00000278317	0	0
ENSG00000278318	1392	683
ENSG00000278328	2	0
ENSG00000278331	0	0
ENSG00000278338	28	21
ENSG00000278340	2	0
ENSG00000278349	0	1
ENSG00000278359	0	0
ENSG00000278412	0	0
ENSG00000278418	2	2
ENSG00000278420	0	0
ENSG00000278422	0	0
ENSG00000278429	0	10
ENSG00000278433	1	0
ENSG00000278438	0	0
ENSG00000278447	1	0
ENSG00000278449	8	2
ENSG00000278455	4	4
ENSG00000278463	1923	66
ENSG00000278465	0	0
ENSG00000278473	0	2
ENSG00000278483	0	0
ENSG00000278486	54	37
ENSG00000278497	0	0
ENSG00000278502	0	0
ENSG00000278517	5	4
ENSG00000278520	11	7
ENSG00000278522	278	263
ENSG00000278524	0	0
ENSG00000278525	11	8
ENSG00000278529	0	0
ENSG00000278535	447	1316
ENSG00000278540	10744	5504
ENSG00000278549	3	1
ENSG00000278551	0	0
ENSG00000278558	6	19
ENSG00000278570	50	39
ENSG00000278571	0	0
ENSG00000278581	0	0
ENSG00000278585	0	0
ENSG00000278588	258	133
ENSG00000278590	49	38
ENSG00000278596	3	0
ENSG00000278598	2	1
ENSG00000278599	0	0
ENSG00000278604	0	1
ENSG00000278611	99	69
ENSG00000278617	0	0
ENSG00000278618	0	1
ENSG00000278619	484	706
ENSG00000278631	9	7
ENSG00000278637	1870	200
ENSG00000278641	1	0
ENSG00000278658	0	3
ENSG00000278661	0	0
ENSG00000278662	121	33
ENSG00000278664	1	0
ENSG00000278672	0	0
ENSG00000278677	2601	116
ENSG00000278685	6	11
ENSG00000278692	0	4
ENSG00000278696	1	0
ENSG00000278705	5209	845
ENSG00000278709	102	194
ENSG00000278715	0	0
ENSG00000278719	72	46
ENSG00000278739	1	1
ENSG00000278746	53	52
ENSG00000278756	0	2
ENSG00000278761	1	0
ENSG00000278771	1481	1621
ENSG00000278783	8	17
ENSG00000278790	0	0
ENSG00000278799	0	0
ENSG00000278803	2	0
ENSG00000278811	685	282
ENSG00000278825	2	8
ENSG00000278828	4062	184
ENSG00000278845	2628	2797
ENSG00000278848	4	2
ENSG00000278851	0	0
ENSG00000278857	1	0
ENSG00000278870	0	0
ENSG00000278889	4	45
ENSG00000278910	1205	446
ENSG00000278916	58	17
ENSG00000278921	126	312
ENSG00000278970	743	1425
ENSG00000279000	348	154
ENSG00000279012	10	2
ENSG00000279051	0	0
ENSG00000279078	440	309
ENSG00000279094	87	60
ENSG00000279111	0	0
ENSG00000279116	0	0
ENSG00000279124	2	2
ENSG00000279169	18	8
ENSG00000279170	2823	1106
ENSG00000279245	29	31
ENSG00000279261	13	20
ENSG00000279263	3	0
ENSG00000279270	0	0
ENSG00000279301	12	4
ENSG00000279307	0	3
ENSG00000279395	0	0
ENSG00000279408	0	0
ENSG00000279418	4	7
ENSG00000279445	0	0
ENSG00000279486	147	70
ENSG00000279514	0	0
ENSG00000279516	262	108
ENSG00000279626	0	0
ENSG00000279685	53	96
ENSG00000279727	54	39
ENSG00000279761	0	0
ENSG00000279782	0	8
ENSG00000279797	0	0
ENSG00000279800	5	5
ENSG00000279804	0	0
ENSG00000279847	7	0
ENSG00000279873	232	42
ENSG00000279920	8	13
ENSG00000279961	0	0
ENSG00000279968	57	23
ENSG00000279980	0	3
ENSG00000280012	0	0
ENSG00000280021	1	0
ENSG00000280055	1043	133
ENSG00000280080	227	192
ENSG00000280090	0	0
ENSG00000280094	9	3
ENSG00000280109	2163	1424
ENSG00000280165	567	872
ENSG00000280204	0	0
ENSG00000280213	519	585
ENSG00000280236	0	0
ENSG00000280267	10	6
ENSG00000280314	0	0
ENSG00000280337	0	0
ENSG00000280350	38	14
ENSG00000280411	1	74
ENSG00000280457	0	0
ENSG00000280496	301	214
ENSG00000280498	24	11
ENSG00000280515	51	31
ENSG00000280543	236	226
ENSG00000280560	14	14
ENSG00000280587	163	244
ENSG00000280594	246	97
ENSG00000280620	78	38
ENSG00000280634	9	33
ENSG00000280639	85	64
ENSG00000280646	0	0
ENSG00000280650	2290	122
ENSG00000280670	217	181
ENSG00000280693	320	242
ENSG00000280704	67	26
ENSG00000280719	51	46
ENSG00000280721	151	197
ENSG00000280725	1	0
ENSG00000280734	21	6
ENSG00000280739	5064	2278
ENSG00000280744	1	0
ENSG00000280752	4	2
ENSG00000280757	0	0
ENSG00000280780	72	61
ENSG00000280789	1670	1351
ENSG00000280798	1072	705
ENSG00000280799	0	0
ENSG00000280809	537	294
ENSG00000280837	105	1
ENSG00000280894	1	1
ENSG00000280913	180	118
ENSG00000280924	1	1
ENSG00000280927	422	456
ENSG00000280953	9	1
ENSG00000280961	0	0
ENSG00000280969	0	1
ENSG00000280989	17	19
ENSG00000280997	6	3
ENSG00000281000	0	0
ENSG00000281005	256	431
ENSG00000281026	2516	2615
ENSG00000281038	0	0
ENSG00000281058	0	0
ENSG00000281097	2	0
ENSG00000281103	466	258
ENSG00000281106	59	72
ENSG00000281128	501	321
ENSG00000281131	321	134
ENSG00000281156	0	0
ENSG00000281183	1305	1785
ENSG00000281186	444	251
ENSG00000281189	555	180
ENSG00000281196	57	57
ENSG00000281202	0	0
ENSG00000281207	561	314
ENSG00000281219	0	0
ENSG00000281264	93	38
ENSG00000281357	1639	604
ENSG00000281358	33	30
ENSG00000281371	0	0
ENSG00000281376	85	409
ENSG00000281394	78	23
ENSG00000281398	612	514
ENSG00000281404	435	253
ENSG00000281406	4	9
ENSG00000281426	0	0
ENSG00000281450	0	1
ENSG00000281453	0	0
ENSG00000281456	149	140
ENSG00000281473	0	0
ENSG00000281491	3	9
ENSG00000281560	29	20
ENSG00000281591	148	298
ENSG00000281627	0	0
ENSG00000281649	7377	5198
ENSG00000281652	0	0
ENSG00000281664	7	0
ENSG00000281691	405	426
ENSG00000281692	142	107
ENSG00000281696	6	0
ENSG00000281708	53	34
ENSG00000281720	0	0
ENSG00000281731	497	231
ENSG00000281756	93	94
ENSG00000281778	391	237
ENSG00000281832	2	4
ENSG00000281842	2	1
ENSG00000281859	0	0
ENSG00000281880	146	129
ENSG00000281887	0	266
ENSG00000281910	122	97
ENSG00000281912	89	52
ENSG00000281954	608	421
ENSG00000281958	0	0
ENSG00000281990	0	4
ENSG00000281991	0	0
ENSG00000282122	0	1
ENSG00000282133	0	0
ENSG00000282137	0	0
ENSG00000282164	332	410
ENSG00000282173	0	4
ENSG00000282277	12	5
ENSG00000282301	55	18
ENSG00000282308	98	52
ENSG00000282320	0	2
ENSG00000282321	0	0
ENSG00000282419	0	1
ENSG00000282420	0	0
ENSG00000282431	0	0
ENSG00000282499	2	2
ENSG00000282511	8	9
ENSG00000282591	2	0
ENSG00000282600	0	3
ENSG00000282608	86	437
ENSG00000282625	38	17
ENSG00000282639	0	15
ENSG00000282757	84	47
ENSG00000282780	0	1
ENSG00000282815	25	25
ENSG00000282826	5031	2064
ENSG00000282851	337	439
ENSG00000282881	0	1
ENSG00000282894	0	1
ENSG00000282916	58	34
ENSG00000282921	0	0
ENSG00000282935	0	0
ENSG00000282939	0	10
ENSG00000282961	952	493
ENSG00000282977	238	264
ENSG00000283020	25	4
ENSG00000283036	20	27
ENSG00000283039	0	0
ENSG00000283051	5	2
ENSG00000283069	0	2
ENSG00000283071	3	1
ENSG00000283083	0	0
ENSG00000283093	1	0
ENSG00000283122	188	300
ENSG00000283126	0	0
ENSG00000283131	36	0
ENSG00000283146	4	21
ENSG00000283152	0	0
ENSG00000283154	458	2567
ENSG00000283159	11	0
ENSG00000283160	6	0
ENSG00000283165	0	0
ENSG00000283170	0	0
ENSG00000283172	71	52
ENSG00000283180	1	1
ENSG00000283188	1	0
ENSG00000283193	14	23
ENSG00000283195	0	0
ENSG00000283200	0	0
ENSG00000283203	0	0
ENSG00000283204	14	11
ENSG00000283206	61	100
ENSG00000283207	0	0
ENSG00000283210	4	4
ENSG00000283212	0	0
ENSG00000283215	0	0
ENSG00000283218	0	0
ENSG00000283222	0	0
ENSG00000283225	0	0
ENSG00000283227	1	0
ENSG00000283232	0	0
ENSG00000283237	1	0
ENSG00000283238	0	0
ENSG00000283242	0	0
ENSG00000283247	7	4
ENSG00000283267	41	4
ENSG00000283268	4	10
ENSG00000283275	0	0
ENSG00000283278	0	0
ENSG00000283279	0	0
ENSG00000283281	25	0
ENSG00000283288	28	13
ENSG00000283289	0	0
ENSG00000283296	6	2
ENSG00000283297	120	54
ENSG00000283298	2	0
ENSG00000283301	0	0
ENSG00000283307	8	3
ENSG00000283314	16	0
ENSG00000283320	0	0
ENSG00000283324	57	20
ENSG00000283326	0	0
ENSG00000283327	0	0
ENSG00000283329	20	6
ENSG00000283330	0	0
ENSG00000283333	2	0
ENSG00000283334	0	0
ENSG00000283335	0	0
ENSG00000283340	0	0
ENSG00000283343	3	1
ENSG00000283345	92	0
ENSG00000283346	0	0
ENSG00000283351	0	0
ENSG00000283359	0	0
ENSG00000283361	5	0
ENSG00000283364	0	0
ENSG00000283365	0	0
ENSG00000283378	62	570
ENSG00000283379	0	0
ENSG00000283385	0	0
ENSG00000283386	0	0
ENSG00000283394	0	0
ENSG00000283409	10	1
ENSG00000283416	5	2
ENSG00000283419	5	2
ENSG00000283420	0	0
ENSG00000283426	0	0
ENSG00000283428	3	0
ENSG00000283429	0	0
ENSG00000283433	0	0
ENSG00000283435	0	1
ENSG00000283439	10	0
ENSG00000283440	6	0
ENSG00000283441	0	0
ENSG00000283444	0	1
ENSG00000283450	0	0
ENSG00000283453	133	84
ENSG00000283455	0	0
ENSG00000283456	15	1
ENSG00000283461	2	0
ENSG00000283463	11	16
ENSG00000283468	0	0
ENSG00000283469	0	0
ENSG00000283471	0	0
ENSG00000283473	84	81
ENSG00000283474	2	0
ENSG00000283475	0	0
ENSG00000283476	0	0
ENSG00000283477	0	0
ENSG00000283481	0	0
ENSG00000283484	0	0
ENSG00000283487	0	0
ENSG00000283490	0	0
ENSG00000283492	0	0
ENSG00000283493	0	0
ENSG00000283496	0	0
ENSG00000283497	0	0
ENSG00000283498	0	0
ENSG00000283503	325	191
ENSG00000283505	0	0
ENSG00000283506	0	0
ENSG00000283507	1	1
ENSG00000283513	4	8
ENSG00000283514	19	10
ENSG00000283516	1	4
ENSG00000283522	0	0
ENSG00000283523	0	0
ENSG00000283524	0	0
ENSG00000283526	68	44
ENSG00000283532	0	7
ENSG00000283534	0	0
ENSG00000283540	0	0
ENSG00000283542	1	0
ENSG00000283547	0	0
ENSG00000283550	0	0
ENSG00000283551	4	0
ENSG00000283554	6	4
ENSG00000283556	5	0
ENSG00000283558	0	0
ENSG00000283561	1	0
ENSG00000283569	0	0
ENSG00000283572	18	31
ENSG00000283578	7	0
ENSG00000283588	0	0
ENSG00000283591	0	0
ENSG00000283594	1	0
ENSG00000283598	0	0
ENSG00000283601	0	0
ENSG00000283603	0	0
ENSG00000283604	0	0
ENSG00000283605	0	0
ENSG00000283607	0	0
ENSG00000283609	0	0
ENSG00000283611	78	133
ENSG00000283612	0	0
ENSG00000283613	0	0
ENSG00000283614	0	0
ENSG00000283615	2	1
ENSG00000283616	0	0
ENSG00000283621	0	0
ENSG00000283622	0	0
ENSG00000283626	1	0
ENSG00000283632	274	459
ENSG00000283634	0	0
ENSG00000283637	0	0
ENSG00000283639	0	0
ENSG00000283644	9	3
ENSG00000283645	0	0
ENSG00000283646	134	125
ENSG00000283656	0	0
ENSG00000283664	0	0
ENSG00000283665	0	0
ENSG00000283672	2	1
ENSG00000283673	19	34
ENSG00000283676	0	1
ENSG00000283677	0	0
ENSG00000283678	0	0
ENSG00000283680	0	0
ENSG00000283682	1	0
ENSG00000283683	94	59
ENSG00000283685	0	0
ENSG00000283688	0	0
ENSG00000283690	0	0
ENSG00000283694	0	0
ENSG00000283697	8	12
ENSG00000283699	6	6
ENSG00000283701	4	0
ENSG00000283703	180	28
ENSG00000283705	0	0
ENSG00000283706	0	0
ENSG00000283710	0	0
ENSG00000283712	0	0
ENSG00000283717	0	0
ENSG00000283719	0	18
ENSG00000283721	0	0
ENSG00000283724	0	0
ENSG00000283726	0	0
ENSG00000283728	0	0
ENSG00000283733	0	0
ENSG00000283734	0	0
ENSG00000283736	0	0
ENSG00000283738	5220	3941
ENSG00000283740	2	1
ENSG00000283744	0	0
ENSG00000283745	0	0
ENSG00000283749	1	0
ENSG00000283751	0	0
ENSG00000283755	48	23
ENSG00000283758	6	0
ENSG00000283759	0	0
ENSG00000283762	0	0
ENSG00000283764	0	0
ENSG00000283768	0	0
ENSG00000283770	0	0
ENSG00000283772	0	0
ENSG00000283774	0	1
ENSG00000283775	0	0
ENSG00000283776	0	0
ENSG00000283783	0	0
ENSG00000283785	2	0
ENSG00000283787	48	969
ENSG00000283788	0	0
ENSG00000283789	0	0
ENSG00000283791	0	0
ENSG00000283792	0	0
ENSG00000283793	0	1
ENSG00000283795	0	0
ENSG00000283796	0	1
ENSG00000283797	0	0
ENSG00000283798	0	0
ENSG00000283799	0	0
ENSG00000283801	0	0
ENSG00000283803	0	0
ENSG00000283805	0	0
ENSG00000283813	0	0
ENSG00000283815	0	0
ENSG00000283818	0	0
ENSG00000283819	0	0
ENSG00000283821	0	0
ENSG00000283822	0	0
ENSG00000283824	0	0
ENSG00000283829	0	0
ENSG00000283836	0	0
ENSG00000283840	0	0
ENSG00000283842	0	0
ENSG00000283844	0	0
ENSG00000283845	0	0
ENSG00000283848	0	0
ENSG00000283853	0	0
ENSG00000283856	0	0
ENSG00000283857	0	0
ENSG00000283858	0	0
ENSG00000283863	0	0
ENSG00000283865	0	0
ENSG00000283867	13	22
ENSG00000283871	0	0
ENSG00000283874	0	0
ENSG00000283876	0	0
ENSG00000283879	0	4
ENSG00000283880	0	0
ENSG00000283881	9	3
ENSG00000283885	0	0
ENSG00000283888	0	0
ENSG00000283891	1	2
ENSG00000283894	1	0
ENSG00000283899	0	0
ENSG00000283900	222	341
ENSG00000283904	0	0
ENSG00000283906	0	0
ENSG00000283920	0	0
ENSG00000283921	0	0
ENSG00000283923	0	0
ENSG00000283926	0	0
ENSG00000283927	0	0
ENSG00000283928	0	0
ENSG00000283929	7	12
ENSG00000283931	0	0
ENSG00000283933	0	0
ENSG00000283935	0	0
ENSG00000283936	0	0
ENSG00000283938	0	0
ENSG00000283940	0	0
ENSG00000283941	0	0
ENSG00000283944	0	0
ENSG00000283948	0	0
ENSG00000283950	0	0
ENSG00000283956	0	0
ENSG00000283958	1	0
ENSG00000283967	0	0
ENSG00000283969	0	0
ENSG00000283971	1	0
ENSG00000283978	0	1
ENSG00000283980	11	5
ENSG00000283988	0	0
ENSG00000283990	0	0
ENSG00000283992	0	10
ENSG00000283998	0	0
ENSG00000284000	0	0
ENSG00000284005	0	0
ENSG00000284008	1	0
ENSG00000284010	0	0
ENSG00000284011	0	0
ENSG00000284012	0	0
ENSG00000284015	77	62
ENSG00000284020	0	0
ENSG00000284027	0	0
ENSG00000284028	0	0
ENSG00000284029	0	0
ENSG00000284031	1	0
ENSG00000284032	3	0
ENSG00000284034	0	0
ENSG00000284035	0	7
ENSG00000284038	0	0
ENSG00000284040	0	0
ENSG00000284042	0	0
ENSG00000284043	0	0
ENSG00000284047	0	0
ENSG00000284049	0	0
ENSG00000284054	0	0
ENSG00000284055	0	0
ENSG00000284059	0	0
ENSG00000284062	8	2
ENSG00000284064	0	0
ENSG00000284065	0	0
ENSG00000284067	0	0
ENSG00000284074	0	2
ENSG00000284079	0	0
ENSG00000284081	0	0
ENSG00000284082	0	0
ENSG00000284085	0	0
ENSG00000284087	0	1
ENSG00000284092	0	0
ENSG00000284094	0	0
ENSG00000284107	0	0
ENSG00000284108	0	0
ENSG00000284112	0	0
ENSG00000284114	0	0
ENSG00000284117	0	0
ENSG00000284118	0	0
ENSG00000284121	0	0
ENSG00000284122	0	0
ENSG00000284125	0	0
ENSG00000284129	0	0
ENSG00000284130	125	127
ENSG00000284134	0	0
ENSG00000284135	0	0
ENSG00000284138	21	28
ENSG00000284139	0	0
ENSG00000284140	0	0
ENSG00000284142	0	0
ENSG00000284143	0	0
ENSG00000284144	0	0
ENSG00000284146	0	0
ENSG00000284147	0	0
ENSG00000284148	0	0
ENSG00000284149	0	0
ENSG00000284150	0	0
ENSG00000284152	0	0
ENSG00000284154	11	29
ENSG00000284155	0	0
ENSG00000284157	0	0
ENSG00000284158	1	1
ENSG00000284159	0	1
ENSG00000284160	0	0
ENSG00000284162	0	0
ENSG00000284163	0	0
ENSG00000284172	0	0
ENSG00000284173	0	0
ENSG00000284175	0	0
ENSG00000284176	0	0
ENSG00000284179	0	0
ENSG00000284180	0	0
ENSG00000284182	0	0
ENSG00000284184	0	0
ENSG00000284185	0	0
ENSG00000284186	0	0
ENSG00000284190	0	0
ENSG00000284191	0	0
ENSG00000284193	0	0
ENSG00000284194	124	359
ENSG00000284195	1	1
ENSG00000284197	2	7
ENSG00000284200	0	0
ENSG00000284202	0	0
ENSG00000284203	0	0
ENSG00000284204	0	0
ENSG00000284214	0	0
ENSG00000284216	0	0
ENSG00000284219	0	0
ENSG00000284224	0	0
ENSG00000284229	2	4
ENSG00000284231	0	0
ENSG00000284234	0	0
ENSG00000284239	0	0
ENSG00000284240	92	51
ENSG00000284246	0	0
ENSG00000284247	0	0
ENSG00000284250	0	0
ENSG00000284251	0	1
ENSG00000284252	0	0
ENSG00000284253	0	0
ENSG00000284256	1	2
ENSG00000284258	0	0
ENSG00000284259	0	0
ENSG00000284261	0	0
ENSG00000284265	0	0
ENSG00000284266	5	12
ENSG00000284268	0	0
ENSG00000284269	1	3
ENSG00000284272	0	0
ENSG00000284276	0	0
ENSG00000284277	0	0
ENSG00000284280	0	0
ENSG00000284283	0	0
ENSG00000284284	0	0
ENSG00000284286	0	0
ENSG00000284288	0	0
ENSG00000284289	0	0
ENSG00000284291	2	0
ENSG00000284293	0	0
ENSG00000284305	0	0
ENSG00000284310	0	0
ENSG00000284311	0	0
ENSG00000284317	0	0
ENSG00000284321	0	0
ENSG00000284324	17	9
ENSG00000284325	0	0
ENSG00000284329	0	0
ENSG00000284331	0	0
ENSG00000284332	0	0
ENSG00000284334	0	0
ENSG00000284336	0	0
ENSG00000284343	0	0
ENSG00000284344	0	0
ENSG00000284346	0	0
ENSG00000284351	0	0
ENSG00000284353	0	0
ENSG00000284356	0	0
ENSG00000284357	0	0
ENSG00000284360	0	0
ENSG00000284361	0	0
ENSG00000284362	0	0
ENSG00000284363	0	0
ENSG00000284364	0	0
ENSG00000284368	0	0
ENSG00000284370	0	0
ENSG00000284372	0	0
ENSG00000284373	0	0
ENSG00000284375	0	0
ENSG00000284378	0	0
ENSG00000284385	0	0
ENSG00000284386	0	0
ENSG00000284387	0	0
ENSG00000284388	0	0
ENSG00000284394	0	0
ENSG00000284395	19	70
ENSG00000284399	0	0
ENSG00000284402	3	4
ENSG00000284407	1	0
ENSG00000284410	0	0
ENSG00000284411	0	0
ENSG00000284412	0	0
ENSG00000284415	2	0
ENSG00000284416	0	0
ENSG00000284419	14176	11112
ENSG00000284421	0	0
ENSG00000284424	0	0
ENSG00000284425	0	0
ENSG00000284427	0	0
ENSG00000284433	0	0
ENSG00000284435	0	0
ENSG00000284436	0	0
ENSG00000284439	0	0
ENSG00000284440	0	0
ENSG00000284442	0	0
ENSG00000284443	0	0
ENSG00000284446	0	0
ENSG00000284447	0	0
ENSG00000284448	0	0
ENSG00000284450	0	0
ENSG00000284453	0	0
ENSG00000284458	0	0
ENSG00000284459	0	0
ENSG00000284463	0	0
ENSG00000284464	0	0
ENSG00000284465	0	0
ENSG00000284469	0	2
ENSG00000284473	0	0
ENSG00000284479	0	0
ENSG00000284481	0	0
ENSG00000284482	0	0
ENSG00000284484	78	50
ENSG00000284485	0	0
ENSG00000284488	0	0
ENSG00000284489	0	0
ENSG00000284491	26	14
ENSG00000284498	0	0
ENSG00000284499	0	0
ENSG00000284503	0	0
ENSG00000284505	22	361
ENSG00000284508	1	3
ENSG00000284517	0	0
ENSG00000284518	0	2
ENSG00000284519	0	0
ENSG00000284520	0	0
ENSG00000284525	0	0
ENSG00000284532	0	1
ENSG00000284535	0	0
ENSG00000284536	0	0
ENSG00000284538	0	0
ENSG00000284541	0	0
ENSG00000284542	0	0
ENSG00000284544	0	0
ENSG00000284547	0	0
ENSG00000284553	0	0
ENSG00000284557	0	0
ENSG00000284564	0	0
ENSG00000284565	0	0
ENSG00000284567	0	0
ENSG00000284568	0	0
ENSG00000284570	0	0
ENSG00000284574	0	0
ENSG00000284575	1	1
ENSG00000284583	0	0
ENSG00000284584	0	0
ENSG00000284585	0	0
ENSG00000284586	0	0
ENSG00000284587	0	0
ENSG00000284594	0	0
ENSG00000284595	0	0
ENSG00000284596	0	0
ENSG00000284605	35	2
ENSG00000284609	0	0
ENSG00000284622	0	0
ENSG00000284629	0	0
ENSG00000284631	0	0
ENSG00000284635	0	0
ENSG00000284638	1	1
ENSG00000284643	0	0
ENSG00000284662	0	0
ENSG00000284667	0	0
ENSG00000284668	462	99
ENSG00000284670	16	0
ENSG00000284674	0	0
ENSG00000284678	4	9
ENSG00000284680	0	0
ENSG00000284688	10	0
ENSG00000284690	1	8
ENSG00000284693	147	93
ENSG00000284696	42	21
ENSG00000284701	8	0
ENSG00000284704	0	0
ENSG00000284713	137	103
ENSG00000284718	0	0
ENSG00000284723	0	0
ENSG00000284725	0	0
ENSG00000284730	10	13
ENSG00000284733	0	0
ENSG00000284736	0	0
ENSG00000284742	0	0
ENSG00000284753	123	140
ENSG00000284770	2541	2234
ENSG00000284791	5	125
ENSG00000284844	2	0
ENSG00000284848	775	328
ENSG00000284862	855	227
ENSG00000284873	32	24
ENSG00000284917	0	0
ENSG00000284922	76	61
ENSG00000284981	0	0
ENSG00000284988	0	4
ENSG00000285010	4	0
ENSG00000285051	256	146
ENSG00000285077	846	186
ENSG00000285116	0	0
ENSG00000285122	11	5
ENSG00000285135	0	0
ENSG00000285230	984	481
ENSG00000285231	3	4
ENSG00000285237	4	6
ENSG00000285244	3	3
ENSG00000285292	628	2097
ENSG00000285294	143	157
ENSG00000285373	38	155
ENSG00000285405	0	0
ENSG00000285410	2072	1206
ENSG00000285420	55	301
ENSG00000285427	37	21
ENSG00000285437	9731	6948
ENSG00000285445	5	0
ENSG00000285470	0	0
ENSG00000285475	2	0
ENSG00000285480	17	17
ENSG00000285532	87	31
ENSG00000285594	0	0
ENSG00000285607	0	0
ENSG00000285620	0	0
ENSG00000285657	0	1
ENSG00000285662	34	18
ENSG00000285686	0	0
ENSG00000285687	0	0
ENSG00000285711	22	18
ENSG00000285720	0	0
ENSG00000285735	297	204
ENSG00000285753	0	0
ENSG00000285765	0	0
ENSG00000285768	32	13
ENSG00000285793	134	62
ENSG00000285814	0	0
ENSG00000285815	46	9
ENSG00000285825	124	105
ENSG00000285843	0	0
ENSG00000285866	10	0
ENSG00000285869	0	0
ENSG00000285891	42	11
ENSG00000285905	118	177
ENSG00000285913	0	1
ENSG00000285937	0	0
ENSG00000285944	0	5
ENSG00000285946	0	0
ENSG00000285950	0	1
ENSG00000285967	3961	2377
ENSG00000285972	173	191
ENSG00000285975	0	0
ENSG00000285989	0	0
ENSG00000285990	57	5
ENSG00000286014	0	35
ENSG00000286019	3349	1315
ENSG00000286025	21	25
ENSG00000286027	0	1
ENSG00000286028	0	0
ENSG00000286038	0	3
ENSG00000286042	441	170
ENSG00000286053	202	170
ENSG00000286058	160	123
ENSG00000286061	3	1
ENSG00000286095	12	47
ENSG00000286102	0	0
ENSG00000286105	2	10
ENSG00000286106	519	134
ENSG00000286125	99	77
ENSG00000286137	0	0
ENSG00000286140	1375	1677
ENSG00000286172	1	2
ENSG00000286175	0	0
ENSG00000286193	202	205
ENSG00000286219	4300	1807
ENSG00000286237	1552	709
ENSG00000286344	137	37
ENSG00000286522	6889	177
ENSG00000286532	128	95
ENSG00000286785	102	4
ENSG00000286920	0	0
ENSG00000287071	9	5
ENSG00000287080	1925	54
ENSG00000287110	438	98
ENSG00000287148	1	38
ENSG00000287261	39	38
ENSG00000287431	459	147
ENSG00000287750	507	238
ENSG00000287889	0	0
ENSG00000288206	0	0
ENSG00000288235	55	43
ENSG00000288272	0	0
ENSG00000288357	0	0
ENSG00000288460	2	1
ENSG00000288487	0	2
ENSG00000288558	806	1122
ENSG00000288568	51	18
ENSG00000288603	24	17
ENSG00000288607	129	209
ENSG00000288611	0	0
ENSG00000288616	520	11
ENSG00000288622	60	15
ENSG00000288638	20	7
ENSG00000288649	336	440
ENSG00000288675	133	107
ENSG00000288677	2	10
ENSG00000288701	33545	43304
ENSG00000288702	0	0
ENSG00000288705	0	0
ENSG00000288709	204	167
ENSG00000288722	1125	2726
ENSG00000288784	52	50
ENSG00000288811	0	0
ENSG00000288825	8	15
ENSG00000288859	8311	2929
ENSG00000288867	5	0
ENSG00000289083	315	420
ENSG00000289234	2154	1140
ENSG00000289313	5	0
ENSG00000289549	0	8
ENSG00000289604	0	39
ENSG00000289716	124	28
ENSG00000289721	169	74
ENSG00000289740	777269	642823
ENSG00000289811	0	3
ENSG00000289906	0	2
ENSG00000290203	392	287
ENSG00000290292	938	1656
ENSG00000290330	0	0
ENSG00000290332	0	0
ENSG00000290336	21	22
ENSG00000290338	319	39
ENSG00000290355	16	21
ENSG00000290359	0	6
ENSG00000290369	0	0
ENSG00000290373	0	0
ENSG00000290374	255	186
ENSG00000290376	1868	2252
ENSG00000290381	0	0
ENSG00000290382	974	116
ENSG00000290387	187	80
ENSG00000290388	0	0
ENSG00000290398	12	5
ENSG00000290400	168	3
ENSG00000290401	24	0
ENSG00000290404	134	72
ENSG00000290408	0	0
ENSG00000290409	0	0
ENSG00000290415	1093	26
ENSG00000290418	2319	1291
ENSG00000290422	12	6
ENSG00000290425	1288	655
ENSG00000290439	164	82
ENSG00000290444	6	8
ENSG00000290445	240	44
ENSG00000290448	4	8
ENSG00000290454	6	12
ENSG00000290456	0	124
ENSG00000290462	4	7
ENSG00000290464	518	322
ENSG00000290474	1077	282
ENSG00000290475	25	32
ENSG00000290496	0	0
ENSG00000290503	5	0
ENSG00000290525	27	79
ENSG00000290530	20	15
ENSG00000290536	24	2
ENSG00000290539	0	1
ENSG00000290541	1	9
ENSG00000290545	405	161
ENSG00000290547	1	5
ENSG00000290554	732	302
ENSG00000290555	1048	647
ENSG00000290558	0	0
ENSG00000290560	590	332
ENSG00000290561	0	1
ENSG00000290563	0	5
ENSG00000290567	23	26
ENSG00000290571	2058	1054
ENSG00000290574	63	34
ENSG00000290584	0	0
ENSG00000290587	2	6
ENSG00000290599	28	19
ENSG00000290603	87	77
ENSG00000290604	0	0
ENSG00000290607	53	69
ENSG00000290610	0	0
ENSG00000290611	112	93
ENSG00000290613	127	48
ENSG00000290614	32	14
ENSG00000290615	40	79
ENSG00000290618	5	5
ENSG00000290633	5	2
ENSG00000290641	26	37
ENSG00000290649	0	0
ENSG00000290659	3791	472
ENSG00000290662	7	30
ENSG00000290671	3	3
ENSG00000290672	0	0
ENSG00000290676	0	2
ENSG00000290682	1987	1895
ENSG00000290684	0	0
ENSG00000290686	13	1
ENSG00000290687	786	118
ENSG00000290689	4830	3959
ENSG00000290691	34	3
ENSG00000290696	24	121
ENSG00000290699	18	21
ENSG00000290706	550	81
ENSG00000290707	11	4
ENSG00000290708	0	0
ENSG00000290710	747	1205
ENSG00000290712	64	118
ENSG00000290715	0	0
ENSG00000290718	87	298
ENSG00000290720	2086	1801
ENSG00000290722	128	33
ENSG00000290723	96	44
ENSG00000290724	0	0
ENSG00000290727	210	89
ENSG00000290736	26	3
ENSG00000290738	166	236
ENSG00000290741	0	0
ENSG00000290742	678	673
ENSG00000290746	563	695
ENSG00000290751	75	35
ENSG00000290756	1	0
ENSG00000290757	2	3
ENSG00000290758	559	474
ENSG00000290759	26	0
ENSG00000290760	107	30
ENSG00000290763	1513	1488
ENSG00000290764	62	36
ENSG00000290767	470	199
ENSG00000290782	648	438
ENSG00000290783	470	116
ENSG00000290788	45	99
ENSG00000290796	764	837
ENSG00000290798	8	0
ENSG00000290800	2	0
ENSG00000290801	27	8
ENSG00000290810	14	3
ENSG00000290811	1	0
ENSG00000290820	1	2
ENSG00000290824	24	24
ENSG00000290825	74	193
ENSG00000290831	442	155
ENSG00000290836	22	34
ENSG00000290837	105	111
ENSG00000290838	29	109
ENSG00000290840	12	51
ENSG00000290842	2279	725
ENSG00000290844	0	0
ENSG00000290847	7	3
ENSG00000290857	23	1
ENSG00000290860	1161	639
ENSG00000290861	33	10
ENSG00000290862	2	17
ENSG00000290864	510	349
ENSG00000290865	719	774
ENSG00000290866	172	172
ENSG00000290867	485	538
ENSG00000290868	0	0
ENSG00000290869	0	0
ENSG00000290871	9375	3005
ENSG00000290873	1166	765
ENSG00000290874	15	15
ENSG00000290875	149	50
ENSG00000290877	148	114
ENSG00000290878	2	11
ENSG00000290881	0	0
ENSG00000290890	2424	2168
ENSG00000290894	260	120
ENSG00000290898	630	36
ENSG00000290899	177	84
ENSG00000290904	0	0
ENSG00000290905	24	44
ENSG00000290910	0	0
ENSG00000290912	29	10
ENSG00000290915	14	9
ENSG00000290917	32	35
ENSG00000290919	64	20
ENSG00000290923	950	731
ENSG00000290925	136	72
ENSG00000290926	555	204
ENSG00000290927	1210	904
ENSG00000290929	0	0
ENSG00000290930	12	5
ENSG00000290933	219	167
ENSG00000290937	184	298
ENSG00000290939	36	9
ENSG00000290942	10	12
ENSG00000290943	29	22
ENSG00000290951	828	628
ENSG00000290956	90	66
ENSG00000290960	324	235
ENSG00000290962	4	21
ENSG00000290965	0	52
ENSG00000290971	92	99
ENSG00000290972	242	185
ENSG00000290976	631	453
ENSG00000290977	0	1
ENSG00000290985	63	290
ENSG00000290988	1115	213
ENSG00000290993	2454	1370
ENSG00000290994	205	87
ENSG00000290996	123	50
ENSG00000290997	32	38
ENSG00000291003	11571	5131
ENSG00000291004	55	32
ENSG00000291005	629	133
ENSG00000291010	1319	654
ENSG00000291011	369	61
ENSG00000291014	7	7
ENSG00000291016	19	14
ENSG00000291019	281	183
ENSG00000291023	103	79
ENSG00000291027	343	685
ENSG00000291029	204	166
ENSG00000291031	113	137
ENSG00000291033	998	1479
ENSG00000291034	253	253
ENSG00000291035	3186	1048
ENSG00000291037	35	19
ENSG00000291039	172	77
ENSG00000291040	2184	640
ENSG00000291043	543	451
ENSG00000291044	66	63
ENSG00000291046	569	259
ENSG00000291048	168	89
ENSG00000291049	501	310
ENSG00000291050	2594	1219
ENSG00000291052	263	144
ENSG00000291053	281	243
ENSG00000291055	1749	1437
ENSG00000291056	229	167
ENSG00000291057	21	37
ENSG00000291059	0	0
ENSG00000291064	1735	1255
ENSG00000291069	3826	1647
ENSG00000291070	7	153
ENSG00000291071	124	76
ENSG00000291072	2533	1508
ENSG00000291074	262	94
ENSG00000291076	1	7
ENSG00000291080	1706	1803
ENSG00000291081	630	183
ENSG00000291082	5365	6484
ENSG00000291083	146	110
ENSG00000291084	1169	165
ENSG00000291085	10	14
ENSG00000291087	2032	1286
ENSG00000291088	1949	1256
ENSG00000291091	5263	5008
ENSG00000291092	565	466
ENSG00000291093	5734	6416
ENSG00000291095	0	21
ENSG00000291097	957	490
ENSG00000291102	7295	1224
ENSG00000291103	430	164
ENSG00000291104	853	269
ENSG00000291105	10	404
ENSG00000291108	38	95
ENSG00000291109	5	30
ENSG00000291110	468	987
ENSG00000291114	1	16
ENSG00000291115	549	166
ENSG00000291116	5	31
ENSG00000291117	1877	2460
ENSG00000291118	2056	1554
ENSG00000291119	191	283
ENSG00000291123	412	53
ENSG00000291124	680	321
ENSG00000291125	73	64
ENSG00000291127	3550	389
ENSG00000291128	27	25
ENSG00000291129	1888	756
ENSG00000291132	298	685
ENSG00000291133	6281	9962
ENSG00000291134	1575	1109
ENSG00000291135	89	146
ENSG00000291136	3679	3723
ENSG00000291139	3486	2411
ENSG00000291140	853	681
ENSG00000291141	180	169
ENSG00000291145	612	347
ENSG00000291146	619	551
ENSG00000291148	5	53
ENSG00000291151	4985	1702
ENSG00000291152	779	1156
ENSG00000291153	752	1400
ENSG00000291154	3904	2482
ENSG00000291155	241	175
ENSG00000291158	997	511
ENSG00000291162	586	279
ENSG00000291164	92	54
ENSG00000291168	43	71
ENSG00000291171	2960	1983
ENSG00000291172	4	0
ENSG00000291173	554	112
ENSG00000291177	450	253
ENSG00000291181	296	198
ENSG00000291190	49	52
ENSG00000291191	9	4
ENSG00000291192	135	24
ENSG00000291193	0	0
ENSG00000291195	88	43
ENSG00000291196	0	0
ENSG00000291200	228	76
ENSG00000291202	2246	1059
ENSG00000291205	1	0
ENSG00000291206	177	175
ENSG00000291207	1935	949
ENSG00000291213	1939	1182
ENSG00000291217	48	35
ENSG00000291223	1123	598
ENSG00000291230	69	84
ENSG00000291232	305	107
ENSG00000291237	12376	102978
ENSG00000291266	2684	4674
ENSG00000291280	83	47
ENSG00000291281	4	3
ENSG00000291287	79	58
ENSG00000291300	85	15
ENSG00000291637	5	3
ENSG00000291646	204	119
ENSG00000291780	0	2
ENSG00000291827	0	7
ENSG00000291983	31	20
ENSG00000292258	2	0
ENSG00000292434	1	2
ENSG00000292982	10391	6908
ENSG00000292995	292	149
ENSG00000292997	1	10
ENSG00000293002	0	0
ENSG00000293004	0	2
ENSG00000293019	22	9
ENSG00000293029	6	4
ENSG00000293032	880	351
ENSG00000293034	28	8
ENSG00000293035	93	84
ENSG00000293047	13	4
ENSG00000293056	12	10
ENSG00000293057	21	23
ENSG00000293060	33	209
ENSG00000293072	23	18
ENSG00000293075	0	0
ENSG00000293077	59	8
ENSG00000293084	2	14
ENSG00000293087	14	14
ENSG00000293089	115	93
ENSG00000293101	222	172
ENSG00000293109	0	0
ENSG00000293115	2775	3124
ENSG00000293133	28	13
ENSG00000293134	2	0
ENSG00000293135	0	0
ENSG00000293140	11	15
ENSG00000293144	100	7
ENSG00000293147	265	129
ENSG00000293155	21	3
ENSG00000293156	20	3
ENSG00000293158	16	15
ENSG00000293159	118	100
ENSG00000293162	78	44
ENSG00000293165	25	20
ENSG00000293173	1	8
ENSG00000293176	554	2
ENSG00000293179	3	19
ENSG00000293185	794	627
ENSG00000293194	381	244
ENSG00000293199	27	23
ENSG00000293201	0	0
ENSG00000293205	8	30
ENSG00000293207	8	2
ENSG00000293209	11	2
ENSG00000293210	156	159
ENSG00000293220	17	1
ENSG00000293222	100	85
ENSG00000293226	428	221
ENSG00000293229	196	68
ENSG00000293230	52	15
ENSG00000293235	10	14
ENSG00000293237	371	253
ENSG00000293238	0	1
ENSG00000293241	5967	2907
ENSG00000293246	278	184
ENSG00000293247	0	0
ENSG00000293256	136	42
ENSG00000293262	0	0
ENSG00000293264	52	31
ENSG00000293267	7	13
ENSG00000293270	68	181
ENSG00000293271	559	588
ENSG00000293273	0	0
ENSG00000293282	0	2
ENSG00000293287	819	259
ENSG00000293293	40	36
ENSG00000293294	106	104
ENSG00000293296	3340	437
ENSG00000293307	0	0
ENSG00000293309	63	55
ENSG00000293311	1427	2560
ENSG00000293312	1	3
ENSG00000293313	4888	947
ENSG00000293314	185	217
ENSG00000293316	628	266
ENSG00000293317	658	305
ENSG00000293325	6	5
ENSG00000293328	893	430
ENSG00000293329	3779	145
ENSG00000293333	1	2
ENSG00000293335	11	1
ENSG00000293339	955	647
ENSG00000293344	16	14
ENSG00000293351	59	62
ENSG00000293352	229	223
ENSG00000293360	743	213
ENSG00000293362	0	0
ENSG00000293367	93	14
ENSG00000293368	8	0
ENSG00000293370	3	4
ENSG00000293379	12	0
ENSG00000293380	34	29
ENSG00000293381	16	56
ENSG00000293382	193	90
ENSG00000293387	0	0
ENSG00000293391	2	0
ENSG00000293392	0	1
ENSG00000293397	11	0
ENSG00000293405	341	597
ENSG00000293406	0	0
ENSG00000293407	0	0
ENSG00000293410	56	138
ENSG00000293412	43	30
ENSG00000293416	11	13
ENSG00000293417	130	120
ENSG00000293419	1450	1108
ENSG00000293421	0	0
ENSG00000293422	422	218
ENSG00000293423	283	57
ENSG00000293426	90	47
ENSG00000293427	2769	1626
ENSG00000293431	26	215
ENSG00000293434	5396	2010
ENSG00000293435	87	45
ENSG00000293437	0	0
ENSG00000293440	87	31
ENSG00000293442	825	1688
ENSG00000293444	0	5
ENSG00000293451	4	12
ENSG00000293454	966	1727
ENSG00000293457	113	103
ENSG00000293458	133	23
ENSG00000293459	136	73
ENSG00000293460	1409	1079
ENSG00000293466	126	59
ENSG00000293469	249	204
ENSG00000293473	392	574
ENSG00000293475	212	182
ENSG00000293477	1258	2113
ENSG00000293480	115	41
ENSG00000293485	141	17
ENSG00000293487	4	2
ENSG00000293489	607	1338
ENSG00000293491	3324	1277
ENSG00000293492	384	726
ENSG00000293493	474	175
ENSG00000293494	153	183
ENSG00000293496	1104	11
ENSG00000293501	9	0
ENSG00000293504	2599	18889
ENSG00000293505	799	382
ENSG00000293510	1439	1165
ENSG00000293511	263	393
ENSG00000293513	0	0
ENSG00000293514	2790	1277
ENSG00000293515	56	20
ENSG00000293516	1838	1358
ENSG00000293518	126	86
ENSG00000293529	263	29
ENSG00000293538	57	34
ENSG00000293546	0	0
ENSG00000293551	0	0
ENSG00000293595	0	0
ENSG00000293597	237	122
